2026-03-27 20:06:39.003 [main] INFO  c.a.rag.AetherisRagApplication - Starting AetherisRagApplication using Java 21.0.10 with PID 86593 (/Users/ice/Projects/Aetheris/backend/target/classes started by ice in /Users/ice/Projects/Aetheris/backend)
2026-03-27 20:06:39.006 [main] DEBUG c.a.rag.AetherisRagApplication - Running with Spring Boot v3.5.9, Spring v6.2.15
2026-03-27 20:06:39.006 [main] INFO  c.a.rag.AetherisRagApplication - No active profile set, falling back to 1 default profile: "default"
2026-03-27 20:06:39.592 [main] DEBUG o.m.s.b.a.MybatisAutoConfiguration - Searching for mappers annotated with @Mapper
2026-03-27 20:06:39.592 [main] DEBUG o.m.s.b.a.MybatisAutoConfiguration - Using auto-configuration base package 'com.aetheris.rag'
2026-03-27 20:06:39.703 [main] INFO  o.s.d.r.c.RepositoryConfigurationDelegate - Multiple Spring Data modules found, entering strict repository configuration mode
2026-03-27 20:06:39.705 [main] INFO  o.s.d.r.c.RepositoryConfigurationDelegate - Bootstrapping Spring Data Redis repositories in DEFAULT mode.
2026-03-27 20:06:39.722 [main] INFO  o.s.d.r.c.RepositoryConfigurationDelegate - Finished Spring Data repository scanning in 8 ms. Found 0 Redis repository interfaces.
2026-03-27 20:06:39.781 [main] DEBUG o.m.s.mapper.ClassPathMapperScanner - Identified candidate component class: file [/Users/ice/Projects/Aetheris/backend/target/classes/com/aetheris/rag/mapper/ChunkMapper.class]
2026-03-27 20:06:39.781 [main] DEBUG o.m.s.mapper.ClassPathMapperScanner - Identified candidate component class: file [/Users/ice/Projects/Aetheris/backend/target/classes/com/aetheris/rag/mapper/ResourceMapper.class]
2026-03-27 20:06:39.781 [main] DEBUG o.m.s.mapper.ClassPathMapperScanner - Identified candidate component class: file [/Users/ice/Projects/Aetheris/backend/target/classes/com/aetheris/rag/mapper/UserBehaviorMapper.class]
2026-03-27 20:06:39.781 [main] DEBUG o.m.s.mapper.ClassPathMapperScanner - Identified candidate component class: file [/Users/ice/Projects/Aetheris/backend/target/classes/com/aetheris/rag/mapper/UserMapper.class]
2026-03-27 20:06:39.782 [main] DEBUG o.m.s.mapper.ClassPathMapperScanner - Creating MapperFactoryBean with name 'chunkMapper' and 'com.aetheris.rag.mapper.ChunkMapper' mapperInterface
2026-03-27 20:06:39.783 [main] DEBUG o.m.s.mapper.ClassPathMapperScanner - Creating MapperFactoryBean with name 'resourceMapper' and 'com.aetheris.rag.mapper.ResourceMapper' mapperInterface
2026-03-27 20:06:39.783 [main] DEBUG o.m.s.mapper.ClassPathMapperScanner - Creating MapperFactoryBean with name 'userBehaviorMapper' and 'com.aetheris.rag.mapper.UserBehaviorMapper' mapperInterface
2026-03-27 20:06:39.783 [main] DEBUG o.m.s.mapper.ClassPathMapperScanner - Creating MapperFactoryBean with name 'userMapper' and 'com.aetheris.rag.mapper.UserMapper' mapperInterface
2026-03-27 20:06:40.146 [main] INFO  o.s.b.w.e.tomcat.TomcatWebServer - Tomcat initialized with port 8080 (http)
2026-03-27 20:06:40.162 [main] INFO  o.a.catalina.core.StandardService - Starting service [Tomcat]
2026-03-27 20:06:40.162 [main] INFO  o.a.catalina.core.StandardEngine - Starting Servlet engine: [Apache Tomcat/10.1.50]
2026-03-27 20:06:40.195 [main] INFO  o.a.c.c.C.[Tomcat].[localhost].[/] - Initializing Spring embedded WebApplicationContext
2026-03-27 20:06:40.195 [main] INFO  o.s.b.w.s.c.ServletWebServerApplicationContext - Root WebApplicationContext: initialization completed in 1166 ms
2026-03-27 20:06:40.300 [main] INFO  c.aetheris.rag.config.DotenvConfig - ✅ .env 文件已加载: /Users/ice/Projects/Aetheris/.env
2026-03-27 20:06:40.307 [main] INFO  com.aetheris.rag.util.JwtUtil - Initialized JwtUtil with expiration: 604800000 ms
2026-03-27 20:06:40.407 [main] INFO  com.zaxxer.hikari.HikariDataSource - HikariPool-1 - Starting...
2026-03-27 20:06:40.512 [main] INFO  com.zaxxer.hikari.pool.HikariPool - HikariPool-1 - Added connection com.mysql.cj.jdbc.ConnectionImpl@38968752
2026-03-27 20:06:40.513 [main] INFO  com.zaxxer.hikari.HikariDataSource - HikariPool-1 - Start completed.
2026-03-27 20:06:40.547 [main] INFO  org.flywaydb.core.FlywayExecutor - Database: jdbc:mysql://localhost:3306/aetheris_rag?useSSL=false&serverTimezone=Asia/Shanghai&allowPublicKeyRetrieval=true (MySQL 8.4)
2026-03-27 20:06:40.620 [main] WARN  o.f.c.i.database.base.Database - Flyway upgrade recommended: MySQL 8.4 is newer than this version of Flyway and support has not been tested. The latest supported version of MySQL is 8.1.
2026-03-27 20:06:40.649 [main] INFO  o.f.core.internal.command.DbValidate - Successfully validated 1 migration (execution time 00:00.024s)
2026-03-27 20:06:40.662 [main] INFO  o.f.core.internal.command.DbMigrate - Current version of schema `aetheris_rag`: 1
2026-03-27 20:06:40.665 [main] INFO  o.f.core.internal.command.DbMigrate - Schema `aetheris_rag` is up to date. No migration necessary.
2026-03-27 20:06:40.771 [main] DEBUG o.m.spring.SqlSessionFactoryBean - Parsed mapper file: 'file [/Users/ice/Projects/Aetheris/backend/target/classes/mapper/ChunkMapper.xml]'
2026-03-27 20:06:40.777 [main] DEBUG o.m.spring.SqlSessionFactoryBean - Parsed mapper file: 'file [/Users/ice/Projects/Aetheris/backend/target/classes/mapper/ResourceMapper.xml]'
2026-03-27 20:06:40.782 [main] DEBUG o.m.spring.SqlSessionFactoryBean - Parsed mapper file: 'file [/Users/ice/Projects/Aetheris/backend/target/classes/mapper/UserBehaviorMapper.xml]'
2026-03-27 20:06:40.786 [main] DEBUG o.m.spring.SqlSessionFactoryBean - Parsed mapper file: 'file [/Users/ice/Projects/Aetheris/backend/target/classes/mapper/UserMapper.xml]'
2026-03-27 20:06:40.793 [main] INFO  c.aetheris.rag.config.RedissonConfig - 初始化 Redisson 客户端: localhost:6379
2026-03-27 20:06:40.832 [main] INFO  org.redisson.Version - Redisson 3.52.0
2026-03-27 20:06:40.908 [main] WARN  i.n.r.d.DnsServerAddressStreamProviders - Can not find io.netty.resolver.dns.macos.MacOSDnsServerAddressStreamProvider in the classpath, fallback to system defaults. This may result in incorrect DNS resolutions on MacOS. Check whether you have a dependency on 'io.netty:netty-resolver-dns-native-macos'
2026-03-27 20:06:41.008 [redisson-netty-1-6] INFO  o.r.connection.ConnectionsHolder - 1 connections initialized for localhost/127.0.0.1:6379
2026-03-27 20:06:41.013 [redisson-netty-1-8] INFO  o.r.connection.ConnectionsHolder - 2 connections initialized for localhost/127.0.0.1:6379
2026-03-27 20:06:41.038 [main] INFO  c.aetheris.rag.config.RedissonConfig - Redisson 客户端初始化成功
2026-03-27 20:06:41.167 [main] INFO  c.a.rag.gateway.cache.EmbeddingCache - Initialized EmbeddingCache with TTL: 30 days
2026-03-27 20:06:41.236 [main] INFO  c.a.rag.gateway.EmbeddingGateway - 初始化 EmbeddingGateway，模型：embedding-3，缓存：启用
2026-03-27 20:06:41.243 [main] DEBUG c.a.r.service.impl.VectorServiceImpl - 检查向量索引是否存在: chunk_vector_index
2026-03-27 20:06:41.417 [main] INFO  c.a.r.service.impl.VectorServiceImpl - 创建向量索引: chunk_vector_index
2026-03-27 20:06:41.420 [main] INFO  c.a.r.service.impl.VectorServiceImpl - 向量索引已存在: chunk_vector_index
2026-03-27 20:06:41.453 [main] INFO  c.aetheris.rag.gateway.ChatGateway - 初始化 ChatGateway，模型：glm-4-flash，temperature：0.7
2026-03-27 20:06:41.660 [main] INFO  o.s.b.a.e.web.EndpointLinksResolver - Exposing 4 endpoints beneath base path '/actuator'
2026-03-27 20:06:41.687 [main] INFO  o.s.s.c.a.a.c.InitializeUserDetailsBeanManagerConfigurer$InitializeUserDetailsManagerConfigurer - Global AuthenticationManager configured with UserDetailsService bean with name userDetailsService
2026-03-27 20:06:41.797 [main] DEBUG o.m.s.b.a.MybatisAutoConfiguration - Not found configuration for registering mapper bean using @MapperScan, MapperFactoryBean and MapperScannerConfigurer.
2026-03-27 20:06:41.910 [main] INFO  o.s.b.w.e.tomcat.TomcatWebServer - Tomcat started on port 8080 (http) with context path '/'
2026-03-27 20:06:41.923 [main] INFO  c.a.rag.AetherisRagApplication - Started AetherisRagApplication in 3.171 seconds (process running for 3.341)
2026-03-27 20:06:43.249 [tomcat-handler-0] INFO  o.a.c.c.C.[Tomcat].[localhost].[/] - Initializing Spring DispatcherServlet 'dispatcherServlet'
2026-03-27 20:06:43.250 [tomcat-handler-0] INFO  o.s.web.servlet.DispatcherServlet - Initializing Servlet 'dispatcherServlet'
2026-03-27 20:06:43.250 [tomcat-handler-0] INFO  o.s.web.servlet.DispatcherServlet - Completed initialization in 0 ms
2026-03-27 20:08:35.435 [tomcat-handler-3] INFO  c.a.rag.controller.AuthController - POST /api/auth/login - email: admin@aetheris.com
2026-03-27 20:08:35.435 [tomcat-handler-3] INFO  c.a.rag.service.impl.AuthServiceImpl - 用户登录尝试: admin@aetheris.com
2026-03-27 20:08:35.439 [tomcat-handler-3] DEBUG org.mybatis.spring.SqlSessionUtils - Creating a new SqlSession
2026-03-27 20:08:35.442 [tomcat-handler-3] DEBUG org.mybatis.spring.SqlSessionUtils - SqlSession [org.apache.ibatis.session.defaults.DefaultSqlSession@4e1c045b] was not registered for synchronization because synchronization is not active
2026-03-27 20:08:35.451 [tomcat-handler-3] DEBUG o.m.s.t.SpringManagedTransaction - JDBC Connection [HikariProxyConnection@1368320966 wrapping com.mysql.cj.jdbc.ConnectionImpl@38968752] will not be managed by Spring
2026-03-27 20:08:35.452 [tomcat-handler-3] DEBUG c.a.r.mapper.UserMapper.findByEmail - ==>  Preparing: SELECT id, username, email, password_hash, created_at, updated_at, last_active_at FROM users WHERE email = ?
2026-03-27 20:08:35.472 [tomcat-handler-3] DEBUG c.a.r.mapper.UserMapper.findByEmail - ==> Parameters: admin@aetheris.com(String)
2026-03-27 20:08:35.502 [tomcat-handler-3] DEBUG c.a.r.mapper.UserMapper.findByEmail - <==      Total: 1
2026-03-27 20:08:35.503 [tomcat-handler-3] DEBUG org.mybatis.spring.SqlSessionUtils - Closing non transactional SqlSession [org.apache.ibatis.session.defaults.DefaultSqlSession@4e1c045b]
2026-03-27 20:08:35.604 [tomcat-handler-3] WARN  c.a.r.e.GlobalExceptionHandler - 未授权访问: 邮箱或密码错误
2026-03-27 20:08:41.637 [tomcat-handler-5] INFO  c.a.rag.controller.AuthController - POST /api/auth/register - username: test_user
2026-03-27 20:08:41.651 [tomcat-handler-5] INFO  c.a.rag.service.impl.AuthServiceImpl - 注册新用户: test_user
2026-03-27 20:08:41.651 [tomcat-handler-5] DEBUG org.mybatis.spring.SqlSessionUtils - Creating a new SqlSession
2026-03-27 20:08:41.651 [tomcat-handler-5] DEBUG org.mybatis.spring.SqlSessionUtils - Registering transaction synchronization for SqlSession [org.apache.ibatis.session.defaults.DefaultSqlSession@6d84fec3]
2026-03-27 20:08:41.652 [tomcat-handler-5] DEBUG o.m.s.t.SpringManagedTransaction - JDBC Connection [HikariProxyConnection@528276620 wrapping com.mysql.cj.jdbc.ConnectionImpl@38968752] will be managed by Spring
2026-03-27 20:08:41.652 [tomcat-handler-5] DEBUG c.a.r.mapper.UserMapper.emailExists - ==>  Preparing: SELECT COUNT(*) > 0 FROM users WHERE email = ?
2026-03-27 20:08:41.652 [tomcat-handler-5] DEBUG c.a.r.mapper.UserMapper.emailExists - ==> Parameters: test@example.com(String)
2026-03-27 20:08:41.654 [tomcat-handler-5] DEBUG c.a.r.mapper.UserMapper.emailExists - <==      Total: 1
2026-03-27 20:08:41.654 [tomcat-handler-5] DEBUG org.mybatis.spring.SqlSessionUtils - Releasing transactional SqlSession [org.apache.ibatis.session.defaults.DefaultSqlSession@6d84fec3]
2026-03-27 20:08:41.654 [tomcat-handler-5] DEBUG org.mybatis.spring.SqlSessionUtils - Fetched SqlSession [org.apache.ibatis.session.defaults.DefaultSqlSession@6d84fec3] from current transaction
2026-03-27 20:08:41.654 [tomcat-handler-5] DEBUG c.a.r.m.UserMapper.usernameExists - ==>  Preparing: SELECT COUNT(*) > 0 FROM users WHERE username = ?
2026-03-27 20:08:41.654 [tomcat-handler-5] DEBUG c.a.r.m.UserMapper.usernameExists - ==> Parameters: test_user(String)
2026-03-27 20:08:41.658 [tomcat-handler-5] DEBUG c.a.r.m.UserMapper.usernameExists - <==      Total: 1
2026-03-27 20:08:41.659 [tomcat-handler-5] DEBUG org.mybatis.spring.SqlSessionUtils - Releasing transactional SqlSession [org.apache.ibatis.session.defaults.DefaultSqlSession@6d84fec3]
2026-03-27 20:08:41.755 [tomcat-handler-5] DEBUG org.mybatis.spring.SqlSessionUtils - Fetched SqlSession [org.apache.ibatis.session.defaults.DefaultSqlSession@6d84fec3] from current transaction
2026-03-27 20:08:41.756 [tomcat-handler-5] DEBUG c.a.rag.mapper.UserMapper.insert - ==>  Preparing: INSERT INTO users (username, email, password_hash, created_at, updated_at, last_active_at) VALUES (?, ?, ?, ?, ?, ?)
2026-03-27 20:08:41.757 [tomcat-handler-5] DEBUG c.a.rag.mapper.UserMapper.insert - ==> Parameters: test_user(String), test@example.com(String), $2a$10$JAcHlIHByDWr5fveFcHi/.rAeYTXY1Yr4Y/EE9gpWQv6bkoc/P7nq(String), 2026-03-27 20:08:41.755471(Timestamp), 2026-03-27 20:08:41.755472(Timestamp), 2026-03-27 20:08:41.755472(Timestamp)
2026-03-27 20:08:41.769 [tomcat-handler-5] DEBUG c.a.rag.mapper.UserMapper.insert - <==    Updates: 1
2026-03-27 20:08:41.770 [tomcat-handler-5] DEBUG org.mybatis.spring.SqlSessionUtils - Releasing transactional SqlSession [org.apache.ibatis.session.defaults.DefaultSqlSession@6d84fec3]
2026-03-27 20:08:41.770 [tomcat-handler-5] INFO  c.a.rag.service.impl.AuthServiceImpl - User registered successfully: 2
2026-03-27 20:08:41.812 [tomcat-handler-5] DEBUG org.mybatis.spring.SqlSessionUtils - Transaction synchronization committing SqlSession [org.apache.ibatis.session.defaults.DefaultSqlSession@6d84fec3]
2026-03-27 20:08:41.813 [tomcat-handler-5] DEBUG org.mybatis.spring.SqlSessionUtils - Transaction synchronization deregistering SqlSession [org.apache.ibatis.session.defaults.DefaultSqlSession@6d84fec3]
2026-03-27 20:08:41.813 [tomcat-handler-5] DEBUG org.mybatis.spring.SqlSessionUtils - Transaction synchronization closing SqlSession [org.apache.ibatis.session.defaults.DefaultSqlSession@6d84fec3]
2026-03-27 20:08:46.921 [tomcat-handler-7] DEBUG c.a.r.c.SecurityConfig$JwtAuthenticationFilter - Authenticated user: 2
2026-03-27 20:08:46.922 [tomcat-handler-7] INFO  c.a.rag.controller.AuthController - GET /api/auth/me - userId: 2
2026-03-27 20:08:46.926 [tomcat-handler-7] DEBUG c.a.rag.service.impl.AuthServiceImpl - 获取当前用户信息: userId=2
2026-03-27 20:08:46.926 [tomcat-handler-7] DEBUG org.mybatis.spring.SqlSessionUtils - Creating a new SqlSession
2026-03-27 20:08:46.926 [tomcat-handler-7] DEBUG org.mybatis.spring.SqlSessionUtils - Registering transaction synchronization for SqlSession [org.apache.ibatis.session.defaults.DefaultSqlSession@239a36f6]
2026-03-27 20:08:46.926 [tomcat-handler-7] DEBUG o.m.s.t.SpringManagedTransaction - JDBC Connection [HikariProxyConnection@1554561942 wrapping com.mysql.cj.jdbc.ConnectionImpl@38968752] will be managed by Spring
2026-03-27 20:08:46.927 [tomcat-handler-7] DEBUG c.a.rag.mapper.UserMapper.findById - ==>  Preparing: SELECT id, username, email, password_hash, created_at, updated_at, last_active_at FROM users WHERE id = ?
2026-03-27 20:08:46.927 [tomcat-handler-7] DEBUG c.a.rag.mapper.UserMapper.findById - ==> Parameters: 2(Long)
2026-03-27 20:08:46.929 [tomcat-handler-7] DEBUG c.a.rag.mapper.UserMapper.findById - <==      Total: 1
2026-03-27 20:08:46.929 [tomcat-handler-7] DEBUG org.mybatis.spring.SqlSessionUtils - Releasing transactional SqlSession [org.apache.ibatis.session.defaults.DefaultSqlSession@239a36f6]
2026-03-27 20:08:46.929 [tomcat-handler-7] DEBUG org.mybatis.spring.SqlSessionUtils - Transaction synchronization committing SqlSession [org.apache.ibatis.session.defaults.DefaultSqlSession@239a36f6]
2026-03-27 20:08:46.929 [tomcat-handler-7] DEBUG org.mybatis.spring.SqlSessionUtils - Transaction synchronization deregistering SqlSession [org.apache.ibatis.session.defaults.DefaultSqlSession@239a36f6]
2026-03-27 20:08:46.929 [tomcat-handler-7] DEBUG org.mybatis.spring.SqlSessionUtils - Transaction synchronization closing SqlSession [org.apache.ibatis.session.defaults.DefaultSqlSession@239a36f6]
2026-03-27 20:09:08.702 [tomcat-handler-15] DEBUG c.a.r.c.SecurityConfig$JwtAuthenticationFilter - Authenticated user: 2
2026-03-27 20:09:08.715 [tomcat-handler-15] INFO  c.a.r.controller.ResourceController - GET /api/resources - page=0, size=10
2026-03-27 20:09:08.716 [tomcat-handler-15] DEBUG org.mybatis.spring.SqlSessionUtils - Creating a new SqlSession
2026-03-27 20:09:08.716 [tomcat-handler-15] DEBUG org.mybatis.spring.SqlSessionUtils - SqlSession [org.apache.ibatis.session.defaults.DefaultSqlSession@33436638] was not registered for synchronization because synchronization is not active
2026-03-27 20:09:08.718 [tomcat-handler-15] DEBUG o.m.s.t.SpringManagedTransaction - JDBC Connection [HikariProxyConnection@1618053194 wrapping com.mysql.cj.jdbc.ConnectionImpl@38968752] will not be managed by Spring
2026-03-27 20:09:08.718 [tomcat-handler-15] DEBUG c.a.r.m.ResourceMapper.findPaged - ==>  Preparing: SELECT id, title, tags, file_type, file_path, file_size, description, content_hash, uploaded_by, upload_time, chunk_count, vectorized FROM resources ORDER BY upload_time DESC LIMIT ?, ?
2026-03-27 20:09:08.719 [tomcat-handler-15] DEBUG c.a.r.m.ResourceMapper.findPaged - ==> Parameters: 0(Integer), 10(Integer)
2026-03-27 20:09:08.723 [tomcat-handler-15] DEBUG c.a.r.m.ResourceMapper.findPaged - <==      Total: 0
2026-03-27 20:09:08.723 [tomcat-handler-15] DEBUG org.mybatis.spring.SqlSessionUtils - Closing non transactional SqlSession [org.apache.ibatis.session.defaults.DefaultSqlSession@33436638]
2026-03-27 20:09:08.723 [tomcat-handler-15] DEBUG org.mybatis.spring.SqlSessionUtils - Creating a new SqlSession
2026-03-27 20:09:08.723 [tomcat-handler-15] DEBUG org.mybatis.spring.SqlSessionUtils - SqlSession [org.apache.ibatis.session.defaults.DefaultSqlSession@3fbb5f04] was not registered for synchronization because synchronization is not active
2026-03-27 20:09:08.723 [tomcat-handler-15] DEBUG o.m.s.t.SpringManagedTransaction - JDBC Connection [HikariProxyConnection@2027324732 wrapping com.mysql.cj.jdbc.ConnectionImpl@38968752] will not be managed by Spring
2026-03-27 20:09:08.723 [tomcat-handler-15] DEBUG c.a.rag.mapper.ResourceMapper.count - ==>  Preparing: SELECT COUNT(*) FROM resources
2026-03-27 20:09:08.723 [tomcat-handler-15] DEBUG c.a.rag.mapper.ResourceMapper.count - ==> Parameters: 
2026-03-27 20:09:08.731 [tomcat-handler-15] DEBUG c.a.rag.mapper.ResourceMapper.count - <==      Total: 1
2026-03-27 20:09:08.731 [tomcat-handler-15] DEBUG org.mybatis.spring.SqlSessionUtils - Closing non transactional SqlSession [org.apache.ibatis.session.defaults.DefaultSqlSession@3fbb5f04]
2026-03-27 20:09:15.485 [tomcat-handler-17] DEBUG c.a.r.c.SecurityConfig$JwtAuthenticationFilter - Authenticated user: 2
2026-03-27 20:09:15.504 [tomcat-handler-17] INFO  c.a.r.controller.ResourceController - POST /api/resources - userId=2, title=机器学习基础, file=machine_learning_basics.md
2026-03-27 20:09:15.510 [tomcat-handler-17] INFO  c.a.r.s.impl.ProcessingServiceImpl - 开始处理资源上传: title=机器学习基础, file=machine_learning_basics.md
2026-03-27 20:09:15.513 [tomcat-handler-17] DEBUG c.a.r.s.impl.ProcessingServiceImpl - 文件内容哈希: 6651205576c54d5d0be305bb073d8f289a3559ca277a254181129ddb4f0ec751
2026-03-27 20:09:15.513 [tomcat-handler-17] DEBUG org.mybatis.spring.SqlSessionUtils - Creating a new SqlSession
2026-03-27 20:09:15.513 [tomcat-handler-17] DEBUG org.mybatis.spring.SqlSessionUtils - Registering transaction synchronization for SqlSession [org.apache.ibatis.session.defaults.DefaultSqlSession@4473aae9]
2026-03-27 20:09:15.513 [tomcat-handler-17] DEBUG o.m.s.t.SpringManagedTransaction - JDBC Connection [HikariProxyConnection@1815140155 wrapping com.mysql.cj.jdbc.ConnectionImpl@38968752] will be managed by Spring
2026-03-27 20:09:15.513 [tomcat-handler-17] DEBUG c.a.r.m.R.findByContentHash - ==>  Preparing: SELECT id, title, tags, file_type, file_path, file_size, description, content_hash, uploaded_by, upload_time, chunk_count, vectorized FROM resources WHERE content_hash = ?
2026-03-27 20:09:15.514 [tomcat-handler-17] DEBUG c.a.r.m.R.findByContentHash - ==> Parameters: 6651205576c54d5d0be305bb073d8f289a3559ca277a254181129ddb4f0ec751(String)
2026-03-27 20:09:15.522 [tomcat-handler-17] DEBUG c.a.r.m.R.findByContentHash - <==      Total: 0
2026-03-27 20:09:15.522 [tomcat-handler-17] DEBUG org.mybatis.spring.SqlSessionUtils - Releasing transactional SqlSession [org.apache.ibatis.session.defaults.DefaultSqlSession@4473aae9]
2026-03-27 20:09:15.547 [tomcat-handler-17] DEBUG com.aetheris.rag.util.FileUtil - 文件已保存: /Users/ice/Projects/Aetheris/uploads/1774613355544_machine_learning_basics.md
2026-03-27 20:09:15.547 [tomcat-handler-17] DEBUG org.mybatis.spring.SqlSessionUtils - Fetched SqlSession [org.apache.ibatis.session.defaults.DefaultSqlSession@4473aae9] from current transaction
2026-03-27 20:09:15.547 [tomcat-handler-17] DEBUG c.a.rag.mapper.ResourceMapper.insert - ==>  Preparing: INSERT INTO resources ( title, tags, file_type, file_path, file_size, description, content_hash, uploaded_by, upload_time, chunk_count, vectorized ) VALUES ( ?, ?, ?, ?, ?, ?, ?, ?, ?, ?, ? )
2026-03-27 20:09:15.548 [tomcat-handler-17] DEBUG c.a.rag.mapper.ResourceMapper.insert - ==> Parameters: 机器学习基础(String), 机器学习,ML,入门(String), MARKDOWN(String), /Users/ice/Projects/Aetheris/uploads/1774613355544_machine_learning_basics.md(String), 2745(Long), 机器学习基础教程(String), 6651205576c54d5d0be305bb073d8f289a3559ca277a254181129ddb4f0ec751(String), 2(Long), 2026-03-27 20:09:15.547285(Timestamp), 0(Integer), false(Boolean)
2026-03-27 20:09:15.550 [tomcat-handler-17] DEBUG c.a.rag.mapper.ResourceMapper.insert - <==    Updates: 1
2026-03-27 20:09:15.551 [tomcat-handler-17] DEBUG org.mybatis.spring.SqlSessionUtils - Releasing transactional SqlSession [org.apache.ibatis.session.defaults.DefaultSqlSession@4473aae9]
2026-03-27 20:09:15.551 [tomcat-handler-17] INFO  c.a.r.s.impl.ProcessingServiceImpl - 资源记录已创建: 1
2026-03-27 20:09:15.551 [tomcat-handler-17] DEBUG c.a.r.s.impl.DocumentServiceImpl - 开始处理文档: filePath=/Users/ice/Projects/Aetheris/uploads/1774613355544_machine_learning_basics.md, fileType=MARKDOWN, resourceId=1
2026-03-27 20:09:15.551 [tomcat-handler-17] INFO  c.a.rag.util.MarkdownProcessor - 开始处理 Markdown 文件: /Users/ice/Projects/Aetheris/uploads/1774613355544_machine_learning_basics.md
2026-03-27 20:09:15.551 [tomcat-handler-17] DEBUG c.a.rag.util.MarkdownProcessor - Markdown 文件长度: 1689 字符
2026-03-27 20:09:15.574 [tomcat-handler-17] DEBUG c.a.rag.util.MarkdownProcessor - 提取到 58 个文本块
2026-03-27 20:09:15.574 [tomcat-handler-17] DEBUG c.a.rag.util.MarkdownProcessor - 创建切片 0: 章节 机器学习基础>4. 正则化>4.2 L2 正则化（Ridge）, 长度 991
2026-03-27 20:09:15.574 [tomcat-handler-17] DEBUG c.a.rag.util.MarkdownProcessor - 创建切片 1: 章节 机器学习基础>参考文献, 长度 964
2026-03-27 20:09:15.575 [tomcat-handler-17] DEBUG c.a.rag.util.MarkdownProcessor - 创建切片 2: 章节 机器学习基础>参考文献, 长度 309
2026-03-27 20:09:15.575 [tomcat-handler-17] INFO  c.a.rag.util.MarkdownProcessor - Markdown 处理完成，共生成 3 个切片
2026-03-27 20:09:15.576 [tomcat-handler-17] DEBUG c.a.r.s.impl.DocumentServiceImpl - 文档处理完成: 共生成 3 个切片
2026-03-27 20:09:15.576 [tomcat-handler-17] DEBUG org.mybatis.spring.SqlSessionUtils - Fetched SqlSession [org.apache.ibatis.session.defaults.DefaultSqlSession@4473aae9] from current transaction
2026-03-27 20:09:15.585 [tomcat-handler-17] DEBUG c.a.r.mapper.ChunkMapper.batchInsert - ==>  Preparing: INSERT INTO resource_chunks ( resource_id, chunk_index, chunk_text, location_info, page_start, page_end, chapter_path, text_hash, vectorized, created_at ) VALUES (?, ?, ?, ?, ?, ?, ?, ?, ?, ?) , (?, ?, ?, ?, ?, ?, ?, ?, ?, ?) , (?, ?, ?, ?, ?, ?, ?, ?, ?, ?)
2026-03-27 20:09:15.586 [tomcat-handler-17] DEBUG c.a.r.mapper.ChunkMapper.batchInsert - ==> Parameters: 1(Long), 0(Integer), 机器学习基础1. 机器学习概述机器学习是人工智能的一个分支，它使计算机能够在没有明确编程的情况下从数据中学习。其核心任务是构建模型，从数据中发现规律，并用这些规律对未知数据进行预测。1.1 学习类型监督学习：使用标记数据训练模型分类问题（如垃圾邮件检测）回归问题（如房价预测）无监督学习：使用未标记数据发现模式聚类（如客户分群）降维（如主成分分析）强化学习：通过与环境交互学习最优策略监督学习：使用标记数据训练模型分类问题（如垃圾邮件检测）回归问题（如房价预测）分类问题（如垃圾邮件检测）回归问题（如房价预测）无监督学习：使用未标记数据发现模式聚类（如客户分群）降维（如主成分分析）聚类（如客户分群）降维（如主成分分析）强化学习：通过与环境交互学习最优策略2. 线性回归线性回归是回归分析中最基础的算法之一。它假设输入特征与输出之间存在线性关系。2.1 模型形式$$h_\theta(x) = \theta_0 + \theta_1 x_1 + \theta_2 x_2 + \dots + \theta_n x_n$$2.2 损失函数均方误差（MSE）是最常用的损失函数：$$J(\theta) = \frac{1}{2m} \sum_{i=1}^{m} (h_\theta(x^{(i)}) - y^{(i)})^2$$2.3 梯度下降通过迭代更新参数来最小化损失函数：$$\theta_j := \theta_j - \alpha \frac{\partial}{\partial \theta_j} J(\theta)$$其中 $\alpha$ 是学习率。3. 逻辑回归逻辑回归广泛用于二分类问题。它使用 Sigmoid 函数将输出映射到 [0, 1] 区间。3.1 Sigmoid 函数$$g(z) = \frac{1}{1 + e^{-z}}$$3.2 决策边界当 $h_\theta(x) \geq 0.5$ 时，预测为类别1；否则预测为类别0。4. 正则化正则化用于防止过拟合，通过在损失函数中添加惩罚项实现。4.1 L1 正则化（Lasso）$$J(\theta) = \frac{1}{2m} \sum_{i=1}^{m} (h_\theta(x^{(i)}) - y^{(i)})^2 + \lambda \sum_{j=1}^{n} |\theta_j|$$(String), 机器学习基础>4. 正则化>4.2 L2 正则化（Ridge）(String), null, null, 机器学习基础>4. 正则化>4.2 L2 正则化（Ridge）(String), 17115de0a759a3c68d18c436ee929bdff754db7118a5998bdab5eb22ff8f0bd7(String), false(Boolean), 2026-03-27 20:09:15.575103(Timestamp), 1(Long), 1(Integer), _\theta(x) \geq 0.5$ 时，预测为类别1；否则预测为类别0。4. 正则化正则化用于防止过拟合，通过在损失函数中添加惩罚项实现。4.1 L1 正则化（Lasso）$$J(\theta) = \frac{1}{2m} \sum_{i=1}^{m} (h_\theta(x^{(i)}) - y^{(i)})^2 + \lambda \sum_{j=1}^{n} |\theta_j|$$4.2 L2 正则化（Ridge）$$J(\theta) = \frac{1}{2m} \sum_{i=1}^{m} (h_\theta(x^{(i)}) - y^{(i)})^2 + \lambda \sum_{j=1}^{n} \theta_j^2$$5. 神经网络神经网络是受生物神经元启发的多层模型。5.1 前向传播$$z^{[l]} = W^{[l]} a^{[l-1]} + b^{[l]}$$$$a^{[l]} = \sigma(z^{[l]})$$5.2 反向传播通过链式法则计算梯度并更新参数。6. 模型评估6.1 评估指标准确率 (Accuracy)：正确预测的比例精确率 (Precision)：预测为正的样本中真正为正的比例召回率 (Recall)：真正为正的样本中被正确预测的比例F1分数：精确率和召回率的调和平均准确率 (Accuracy)：正确预测的比例精确率 (Precision)：预测为正的样本中真正为正的比例召回率 (Recall)：真正为正的样本中被正确预测的比例F1分数：精确率和召回率的调和平均6.2 交叉验证将数据集分成k份，每次用k-1份训练，1份验证，重复k次取平均。参考文献Bishop, C. M. Pattern Recognition and Machine Learning. Springer, 2006.Ng, A. Machine Learning. Stanford University, Coursera.Goodfellow, I., et al. Deep Learning. MIT Press, 2016.Bishop, C. M. Pattern Recognition and Machine Learning. Springer, 2006.(String), 机器学习基础>参考文献(String), null, null, 机器学习基础>参考文献(String), 9908dd1457f6983144babf739ebff59bf260fc8dac371ad54afe6b04ecb27f0d(String), false(Boolean), 2026-03-27 20:09:15.575103(Timestamp), 1(Long), 2(Integer), ing. Springer, 2006.Ng, A. Machine Learning. Stanford University, Coursera.Goodfellow, I., et al. Deep Learning. MIT Press, 2016.Bishop, C. M. Pattern Recognition and Machine Learning. Springer, 2006.Ng, A. Machine Learning. Stanford University, Coursera.Goodfellow, I., et al. Deep Learning. MIT Press, 2016.(String), 机器学习基础>参考文献(String), null, null, 机器学习基础>参考文献(String), 6673760409a16079183c7943f376624cccc7343113b8ac17f41cca28650782f8(String), false(Boolean), 2026-03-27 20:09:15.575103(Timestamp)
2026-03-27 20:09:15.590 [tomcat-handler-17] DEBUG c.a.r.mapper.ChunkMapper.batchInsert - <==    Updates: 3
2026-03-27 20:09:15.591 [tomcat-handler-17] DEBUG org.mybatis.spring.SqlSessionUtils - Releasing transactional SqlSession [org.apache.ibatis.session.defaults.DefaultSqlSession@4473aae9]
2026-03-27 20:09:15.591 [tomcat-handler-17] INFO  c.a.r.s.impl.ProcessingServiceImpl - 已插入 3 个切片
2026-03-27 20:09:15.591 [tomcat-handler-17] DEBUG org.mybatis.spring.SqlSessionUtils - Fetched SqlSession [org.apache.ibatis.session.defaults.DefaultSqlSession@4473aae9] from current transaction
2026-03-27 20:09:15.592 [tomcat-handler-17] DEBUG c.a.r.m.R.updateChunkStatus - ==>  Preparing: UPDATE resources SET chunk_count = ?, vectorized = ? WHERE id = ?
2026-03-27 20:09:15.592 [tomcat-handler-17] DEBUG c.a.r.m.R.updateChunkStatus - ==> Parameters: 3(Integer), false(Boolean), 1(Long)
2026-03-27 20:09:15.594 [tomcat-handler-17] DEBUG c.a.r.m.R.updateChunkStatus - <==    Updates: 1
2026-03-27 20:09:15.594 [tomcat-handler-17] DEBUG org.mybatis.spring.SqlSessionUtils - Releasing transactional SqlSession [org.apache.ibatis.session.defaults.DefaultSqlSession@4473aae9]
2026-03-27 20:09:15.594 [tomcat-handler-17] DEBUG c.a.r.s.impl.ResourceServiceImpl - 资源切片状态已更新: resourceId=1, chunkCount=3, vectorized=false
2026-03-27 20:09:15.594 [tomcat-handler-17] INFO  c.a.r.service.impl.VectorServiceImpl - 开始向量化资源切片: resourceId=1
2026-03-27 20:09:15.594 [tomcat-handler-17] DEBUG org.mybatis.spring.SqlSessionUtils - Fetched SqlSession [org.apache.ibatis.session.defaults.DefaultSqlSession@4473aae9] from current transaction
2026-03-27 20:09:15.594 [tomcat-handler-17] DEBUG c.a.r.m.C.findUnvectorizedByResourceId - ==>  Preparing: SELECT id, resource_id, chunk_index, chunk_text, location_info, page_start, page_end, chapter_path, text_hash, vectorized, created_at FROM resource_chunks WHERE resource_id = ? AND vectorized = FALSE ORDER BY chunk_index ASC
2026-03-27 20:09:15.594 [tomcat-handler-17] DEBUG c.a.r.m.C.findUnvectorizedByResourceId - ==> Parameters: 1(Long)
2026-03-27 20:09:15.597 [tomcat-handler-17] DEBUG c.a.r.m.C.findUnvectorizedByResourceId - <==      Total: 3
2026-03-27 20:09:15.597 [tomcat-handler-17] DEBUG org.mybatis.spring.SqlSessionUtils - Releasing transactional SqlSession [org.apache.ibatis.session.defaults.DefaultSqlSession@4473aae9]
2026-03-27 20:09:15.597 [tomcat-handler-17] DEBUG c.a.r.service.impl.VectorServiceImpl - 批量向量化 3 个切片
2026-03-27 20:09:15.600 [tomcat-handler-17] DEBUG c.a.rag.gateway.cache.EmbeddingCache - Embedding cache miss for textHash: 17115de0a759a3c68d18c436ee929bdff754db7118a5998bdab5eb22ff8f0bd7
2026-03-27 20:09:15.600 [tomcat-handler-17] INFO  c.a.rag.gateway.EmbeddingGateway - 调用 Embedding API：model=embedding-3, textPreview=机器学习基础1. 机器学习概述机器学习是人工智能的一个分支，它使计算机能够在没有明确编程的情况下从数据中学习。其核心任务是构建模型，从数据中发现规律，并用这些规律对未知数据进行预测。1.1 学习类型监督学习：使用标记数据训练模型分类问题（如垃圾邮件检测）回归问题（如房价预测）无监督学习：使用未标记数据发现模式聚类（如客户分群）降维（如主成分分析）强化学习：通过与环境交互学习最优策略监督学习：使用标...[truncated]
2026-03-27 20:09:15.621 [tomcat-handler-17] INFO  d.l.h.client.log.LoggingHttpClient - HTTP request:
- method: POST
- url: https://open.bigmodel.cn/api/paas/v4/embeddings
- headers: [Authorization: Beare...hI], [Content-Type: application/json]
- body: {
  "input" : "机器学习基础1. 机器学习概述机器学习是人工智能的一个分支，它使计算机能够在没有明确编程的情况下从数据中学习。其核心任务是构建模型，从数据中发现规律，并用这些规律对未知数据进行预测。1.1 学习类型监督学习：使用标记数据训练模型分类问题（如垃圾邮件检测）回归问题（如房价预测）无监督学习：使用未标记数据发现模式聚类（如客户分群）降维（如主成分分析）强化学习：通过与环境交互学习最优策略监督学习：使用标记数据训练模型分类问题（如垃圾邮件检测）回归问题（如房价预测）分类问题（如垃圾邮件检测）回归问题（如房价预测）无监督学习：使用未标记数据发现模式聚类（如客户分群）降维（如主成分分析）聚类（如客户分群）降维（如主成分分析）强化学习：通过与环境交互学习最优策略2. 线性回归线性回归是回归分析中最基础的算法之一。它假设输入特征与输出之间存在线性关系。2.1 模型形式$$h_\\theta(x) = \\theta_0 + \\theta_1 x_1 + \\theta_2 x_2 + \\dots + \\theta_n x_n$$2.2 损失函数均方误差（MSE）是最常用的损失函数：$$J(\\theta) = \\frac{1}{2m} \\sum_{i=1}^{m} (h_\\theta(x^{(i)}) - y^{(i)})^2$$2.3 梯度下降通过迭代更新参数来最小化损失函数：$$\\theta_j := \\theta_j - \\alpha \\frac{\\partial}{\\partial \\theta_j} J(\\theta)$$其中 $\\alpha$ 是学习率。3. 逻辑回归逻辑回归广泛用于二分类问题。它使用 Sigmoid 函数将输出映射到 [0, 1] 区间。3.1 Sigmoid 函数$$g(z) = \\frac{1}{1 + e^{-z}}$$3.2 决策边界当 $h_\\theta(x) \\geq 0.5$ 时，预测为类别1；否则预测为类别0。4. 正则化正则化用于防止过拟合，通过在损失函数中添加惩罚项实现。4.1 L1 正则化（Lasso）$$J(\\theta) = \\frac{1}{2m} \\sum_{i=1}^{m} (h_\\theta(x^{(i)}) - y^{(i)})^2 + \\lambda \\sum_{j=1}^{n} |\\theta_j|$$",
  "model" : "embedding-3"
}

2026-03-27 20:09:16.103 [tomcat-handler-17] INFO  d.l.h.client.log.LoggingHttpClient - HTTP response:
- status code: 200
- headers: [:status: 200], [content-type: application/json; charset=UTF-8], [date: Fri, 27 Mar 2026 12:09:16 GMT], [set-cookie: acw_tc=76b20f9c17746133558552850ec4c73fa63f4354d8fde8a3a4d42da109066b;path=/;HttpOnly;Max-Age=1800], [strict-transport-security: max-age=31536000; includeSubDomains], [vary: [Accept-Encoding, Origin, Access-Control-Request-Method, Access-Control-Request-Headers, Origin, Access-Control-Request-Method, Access-Control-Request-Headers]], [x-log-id: 2026032720091552a3c94983034948]
- body: {"data":[{"embedding":[-0.012746343,0.005846378,-0.001947071,0.036689635,0.008315078,0.0061252685,0.008805719,0.0076023573,-0.021319654,0.04842371,0.00092705374,0.009616569,0.020586275,-0.02704208,0.024211856,-0.034995634,-0.013841248,-0.0022646966,-0.019439723,0.015948422,0.015617886,-0.00023805785,-0.014213103,0.014719238,-0.009652721,-0.014708908,0.0069619413,0.027413934,-0.0082995845,0.0010032322,0.026980104,0.047886588,0.029645061,0.002796655,-0.00006435632,0.058381144,0.028488182,-0.00093350955,0.0015881283,0.009012305,0.008841872,-0.024211856,0.018995564,0.0016707625,0.017043328,-0.008723085,-0.0060581286,-0.007328631,0.030492064,0.0014641768,0.027351959,-0.048547663,0.012043952,0.016692132,0.020720555,-0.010628839,0.014161456,0.0020568199,-0.014068493,0.018881941,-0.00461461,0.0034422358,-0.01249844,-0.009694038,0.045572825,-0.004038752,-0.026215738,-0.026918128,0.007235667,-0.008206621,0.0065384405,0.06809068,0.0027398441,-0.0048831715,-0.00009788616,0.007943223,0.0071581975,-0.005335078,0.017941976,0.021567557,0.022352582,-0.00029519174,0.0046972446,0.018881941,-0.00074370886,-0.017415183,-0.0106804855,0.023901977,0.033818096,-0.023901977,-0.021443605,0.005422877,-0.020131785,-0.025430711,0.028116327,0.0308226,-0.04536624,-0.0129426,-0.0052240384,0.014894836,0.033942044,0.0021794802,-0.011796049,-0.0019599828,-0.0038476603,0.009291196,0.015958752,0.0016798007,0.020245407,-0.023426829,-0.0014396447,-0.018778648,0.015948422,0.029004645,0.009688874,-0.013262807,0.0029102773,-0.00894,0.024335805,0.013128527,0.01802461,0.0068586483,0.00052098354,0.031153137,0.018778648,0.008836707,0.0067811785,-0.020472651,0.01702267,0.015597227,-0.019553345,-0.027062738,0.08850136,0.032186065,0.015431958,-0.0074835704,-0.002322799,-0.0042427555,-0.015814142,0.010448077,-0.0011310572,0.021712167,-0.00027501734,0.015101422,-0.0145436395,-0.1119695,0.030326795,0.042288113,0.006590087,-0.005639792,-0.027145373,-0.0057224263,0.008418371,-0.031958822,0.0043047313,-0.010437747,-0.0002930936,-0.019243466,-0.0039199656,0.00022530762,-0.10618509,0.01585546,0.021794802,0.0014861266,0.010659827,-0.03910669,-0.008470017,0.0023641163,-0.037040833,0.012570745,0.011868354,-0.04346565,-0.034107313,0.0045836223,0.011858025,0.030781282,0.00033086006,-0.00269078,0.015659204,-0.015772825,-0.020152444,-0.010267314,0.005438371,0.0065074526,-0.0030419757,0.050778788,0.0038657365,0.020028492,0.025926517,-0.0146469325,-0.0074215946,-0.018055597,-0.01713629,-0.008185962,0.0099212825,0.015907105,0.0267322,0.0018670191,-0.0057069324,0.014006517,0.0079174,0.0035300348,0.0013725044,-0.013696638,0.0114035355,0.035119586,0.00366948,0.0019457799,-0.019563675,0.03619383,-0.0037753554,0.0062285615,-0.04392014,0.00069658144,0.02297234,0.014368041,0.04218482,0.0164339,0.023364853,-0.05317518,-0.030512722,-0.043713555,-0.013262807,-0.004108475,0.0019625651,0.027537886,-0.021608874,-0.010241491,-0.062471543,0.025616638,0.015535251,-0.018964576,-0.0071995147,0.00017253142,-0.000724987,-0.014450676,-0.023922635,0.009213726,0.025472028,-0.026133103,-0.022559168,0.010835425,-0.0033363604,0.030595357,0.048630297,0.0028302253,-0.005830884,0.01133123,0.028013034,0.00469208,-0.00538156,-0.04059411,-0.019894212,-0.017900659,-0.06205837,0.030760624,0.0059445063,-0.0009018761,-0.023240902,-0.038032446,0.0033208665,-0.005484853,-0.016103363,0.008387383,0.002796655,0.011021352,0.018830296,-0.012054281,0.03361151,-0.025492687,-0.013469393,0.000045150293,0.02021442,0.015886446,-0.0021730242,0.0314217,-0.0199252,-0.02836423,-0.021257678,0.02357144,0.004309896,-0.005407383,-0.024748977,-0.0036978857,-0.0028689601,0.01192,-0.008480347,-0.02384,-0.00016946491,0.0050665163,0.005397054,0.0048676776,0.007886413,0.006951612,-0.0036617331,0.009688874,-0.011042011,0.011238267,-0.0031607626,-0.027021421,0.008134316,-0.023137609,0.012570745,0.008903848,0.0039587,-0.020410676,0.012932271,-0.0068844715,0.00040025997,0.016124021,0.01106267,0.07957685,0.01948104,-0.04053213,-0.01235383,0.012415806,-0.04276326,-0.02092714,-0.033363607,0.005975494,-0.0059238477,-0.009440971,-0.0066159097,0.016960694,0.027145373,-0.0042401734,-0.008154974,0.008578475,0.0055881455,-0.02020409,-0.008976153,0.0036953033,-0.0060013174,-0.016093032,-0.001385416,0.016031057,-0.03359085,-0.0040800693,-0.00792773,-0.017404852,0.031958822,-0.0069154594,0.00450357,0.02108208,-0.012828978,0.004963224,-0.009869636,0.018096915,0.0005290533,0.012291854,-0.036545027,-0.024810953,0.027641179,-0.036007904,0.007080728,-0.010071057,-0.009771508,-0.011796049,-0.009854143,-0.03183487,0.014357712,-0.024377123,0.0143887,-0.0023576603,0.022414558,0.005830884,0.0060116467,0.029128596,0.018850954,0.007256326,0.029913623,0.01308721,-0.02196007,-0.015679862,-0.009998753,-0.043961458,0.014605615,-0.018375807,0.016402911,0.012178232,0.020162772,-0.0074061006,-0.006698544,0.0082634315,-0.056108702,0.035450123,-0.03257858,0.011382877,-0.026959445,-0.011362218,0.011672097,-0.007592028,-0.03024416,-0.03799113,0.008010364,-0.037412688,0.014553969,-0.0115068285,-0.14510585,0.012622392,-0.021464264,0.01961532,0.003994853,0.009224055,0.032537263,-0.013428076,0.020617262,-0.028963327,-0.021340312,0.030223502,0.033570193,0.015741838,-0.004307314,-0.015607556,-0.0087127555,0.0003860572,0.007948388,-0.002315052,-0.014791543,-0.0058205547,0.0077986135,0.012116257,0.011362218,0.05540631,0.008253102,-0.014967141,0.019140173,-0.027455252,0.015493934,0.019078197,-0.0068844715,-0.00712721,0.0070135877,0.0033311958,0.036441732,0.04379619,0.009435806,-0.02602981,-0.014553969,0.024666343,-0.014564298,-0.040222254,0.015173727,-0.03823903,-0.0035145408,0.0392513,0.0065694284,0.025348077,-0.0005154961,0.0015752167,-0.018582392,0.0010329289,-0.0072614904,0.045862045,0.020059481,0.0203487,-0.034251925,-0.021918753,0.0030290643,0.0045397226,-0.00061749783,0.011971647,0.16973089,-0.023220243,-0.010034905,-0.01004007,-0.016516535,-0.0026313865,0.004294402,-0.01076312,0.034541145,-0.01904721,0.038590226,0.007080728,-0.010411924,0.009446136,-0.04185428,0.003171092,-0.0026391335,0.038115077,-0.014399029,-0.014915494,-0.009926448,0.0013124654,-0.03024416,-0.009900624,-0.026422324,-0.016599169,0.006776014,0.017549463,0.031339064,-0.016847072,-0.004516482,-0.023220243,-0.03154565,-0.026091786,0.004232426,-0.013459064,-0.0010961959,0.005030364,0.0038863951,0.013014905,0.024335805,-0.021608874,0.00010216313,-0.010690815,0.011909671,0.0016888388,-0.018293172,-0.022042705,0.014667591,-0.0066210744,-0.0006952903,-0.024273831,0.0017624351,-0.010096881,0.039747108,0.009136257,0.010659827,-0.0051853033,-0.014068493,-0.036813587,-0.01642357,0.010143362,-0.033198338,-0.01527702,0.044168044,0.014553969,-0.018231196,0.012932271,-0.00033215122,-0.018634038,0.028198961,0.017353207,-0.0030548873,0.013861907,0.027351959,-0.0013350607,-0.004139463,-0.028281596,0.010143362,0.005187886,0.034520485,0.015545581,0.007881248,0.032661214,0.02268312,-0.00064461224,-0.0012924523,-0.006714038,-0.030843258,-0.01118662,-0.006874142,-0.049787175,0.017559793,0.01831383,0.0017469411,0.011620451,-0.018840624,-0.003917383,-0.015349324,-0.023096291,0.03138038,0.0005032301,-0.0034732237,0.00338026,-0.0025732843,0.00283539,0.0064351475,0.0030135703,0.032248043,-0.017663086,-0.011310572,0.034520485,0.028426206,0.0019070451,0.0074680764,-0.007648839,-0.0036514038,0.0018257019,0.017084645,0.011217608,0.007684991,-0.002105884,-0.0013583016,-0.012911612,0.005128492,-0.0013440988,-0.037268076,0.027641179,0.010835425,0.017084645,-0.0009044584,0.0028379722,-0.009828319,-0.011145303,-0.041069254,0.027744472,-0.027269324,0.056935046,-0.0039716116,-0.023302877,0.0042737434,-0.009058787,0.017528804,-0.0079535525,-0.017993622,0.017053656,-0.050200347,0.0051646447,0.010845754,0.02210468,0.010794108,0.010391265,0.030161526,-0.0074370885,-0.026918128,-0.015431958,-0.029727696,0.008754073,-0.006791508,0.017518476,-0.014987799,0.018727003,0.007008423,0.000024955725,-0.028136985,0.013169845,-0.015204715,-0.0048650955,0.009606239,-0.0024286741,-0.005582981,-0.0054487004,0.017828355,-0.016588839,0.0033260311,-0.031070502,-0.0061252685,-0.010417089,-0.0021200867,-0.0030987868,-0.031607628,0.01061851,-0.0100917155,0.025637297,-0.011806378,0.007793449,-0.007803778,-0.0020594022,-0.010370607,0.01963598,0.006626239,0.0044080243,0.017115632,0.0116101215,0.021464264,0.018737331,0.022331923,0.0038786482,-0.013004576,0.023592098,0.04726683,-0.0018734749,-0.011620451,-0.011042011,-0.0074215946,-0.013014905,-0.0029102773,-0.019852895,-0.032475285,0.014595286,-0.037495323,0.032475285,0.01713629,-0.00527052,0.010277643,-0.017270572,-0.024914246,0.014584957,0.0037779377,-0.0102983015,-0.021918753,0.024542391,-0.0046894974,0.0864355,0.015803814,0.0023163431,-0.016557852,-0.0010787651,0.006192409,-0.016795425,-0.026277713,0.011372548,-0.00038508882,0.033570193,0.009771508,0.012973588,-0.024315149,-0.055488944,0.023302877,-0.017549463,0.020689568,-0.024335805,-0.0066778855,0.025327418,-0.0029206066,-0.02282773,-0.026856152,-0.02952111,-0.048754245,0.017435841,-0.0039354595,-0.0030574696,-0.01773539,0.08201456,0.010360277,0.0067192027,0.006352513,0.023654073,-0.022166656,0.041234523,-0.0114035355,0.001786967,-0.1090773,0.045862045,-0.026422324,0.009105269,0.037102807,0.029045962,0.007674662,-0.0016010399,0.013706967,0.002595234,-0.0078502605,0.004934818,0.04276326,0.01596908,-0.00249065,0.011765061,0.007901907,-0.028322913,-0.00523695,-0.015163397,-0.011950988,-0.011816707,-0.007684991,-0.010267314,-0.0047282325,0.007369948,-0.009916118,-0.01979092,-0.015648874,0.027599862,0.012436464,-0.014522981,0.0011026517,0.013706967,0.022187315,0.023344195,-0.040118963,-0.00043415296,0.017787037,-0.024583708,0.020544957,-0.002267279,-0.01076312,-0.008537157,-0.02121636,-0.035718683,-0.015091092,0.027682496,0.108664125,-0.0057637435,-0.025182808,-0.026794177,-0.034851022,-0.012839307,0.020018164,0.04288721,0.026918128,0.0013286049,0.029727696,-0.016774766,-0.010845754,0.037867177,0.012333171,-0.014399029,-0.01308721,-0.0054900176,0.020906482,0.018148562,0.03359085,-0.012229878,-0.098169565,0.041420452,-0.026215738,0.016609497,0.033900727,0.012684368,-0.014719238,-0.009311855,0.0017366118,-0.002930936,-0.0064816293,-0.0046740035,-0.047184195,-0.017063987,0.017652756,0.024790294,0.011351889,0.008965824,0.033115704,0.031070502,-0.025100173,0.017756049,0.007504229,-0.005262773,0.0043692896,-0.007504229,0.012911612,0.007096222,0.008697262,0.006791508,0.01527702,-0.027228007,0.0074938997,-0.0028560485,-0.02762052,-0.011042011,-0.01861338,0.022703778,0.030843258,-0.01467792,-0.011093657,-0.016330607,0.009492617,0.005784402,0.01788,-0.041998893,0.022621144,0.012312513,-0.0102311615,0.014667591,-0.0043718717,0.035574075,-0.014729567,-0.02196007,-0.0503243,-0.056935046,-0.01674378,-0.0029722531,0.017714731,-0.007845095,0.0062543848,0.00022014299,0.032351334,-0.021877436,0.0041291337,0.0125087695,-0.03825969,-0.035718683,-0.026463639,-0.011620451,-0.015204715,-0.007690156,0.023488805,-0.00799487,-0.009363501,-0.00552617,-0.016155008,-0.037164785,0.02790974,0.022455875,-0.008754073,0.044581212,0.022187315,0.046151266,-0.0072769844,0.008914177,0.029252548,0.007845095,-0.013324783,0.020090468,-0.028488182,0.008242773,-0.041503087,-0.0046120277,-0.0026223485,0.021588216,0.020896154,-0.0069826,-0.01831383,-0.030574698,-0.006114939,-0.024583708,0.03080194,-0.016093032,-0.020803189,0.011310572,0.0007637218,-0.043878824,-0.011641109,-0.022869047,0.008490676,0.0045526344,0.025038198,0.023013657,-0.0052576084,-0.015421629,-0.0040981458,0.014946482,0.013242149,0.018489428,-0.029397158,0.043135114,0.046605755,-0.004348631,0.002804402,0.024934905,-0.029314524,0.028116327,-0.028054351,0.0048082843,0.023654073,-0.025534004,-0.010959377,-0.0014448094,-0.018251855,-0.010432582,0.009461629,-0.012271196,-0.041689012,-0.0016062045,-0.0031891682,0.04117255,0.024790294,0.008490676,-0.028860034,0.02863279,0.009466794,0.0107837785,0.020968458,-0.021298995,0.028529499,-0.02414988,-0.047349464,-0.037454005,0.054001525,-0.020544957,-0.010546205,-0.0034422358,0.020606933,-0.004092981,-0.012911612,0.028674107,0.034251925,-0.0032872965,-0.010876742,-0.007054905,-0.04772132,0.03138038,-0.0293765,0.018799307,-0.037206102,0.020400347,-0.021898095,0.04986981,-0.0006952903,0.053133864,-0.0035067939,0.005990988,0.020007834,-0.0034189948,0.006641733,-0.028612131,0.004165286,-0.010711473,-0.016237643,0.025058856,0.0066933795,0.008025858,-0.017043328,0.0025087262,0.0041033104,0.011103987,-0.0007153033,-0.018675355,0.015535251,0.008831543,-0.0049374006,0.00232409,-0.003052305,-0.015762497,0.005696603,-0.00032730936,0.00014235052,-0.024087904,-0.019264124,0.002907695,-0.006786343,0.017094973,0.004157539,0.019243466,-0.011682427,-0.013768943,0.015628215,0.009905789,-0.027166031,0.013304125,0.020090468,-0.013634662,-0.00039412695,-0.0075662048,0.009694038,-0.01235383,-0.023426829,-0.012694697,-0.026112445,0.046275217,0.016185997,0.06631404,-0.0062905373,0.0033750953,-0.020173103,0.015091092,0.012384818,-0.028446864,-0.016216984,-0.00719435,-0.010236326,0.0025577904,0.003994853,-0.028612131,0.010432582,-0.018406793,-0.011145303,0.051150642,0.009787002,0.0003889623,-0.009910953,0.023323536,0.016495876,0.0053712307,0.0044803293,-0.01118662,-0.025389394,0.023468146,0.010034905,0.0067966725,0.035119586,-0.0116101215,-0.025864542,-0.035718683,-0.009554593,-0.022910364,0.024253173,0.012539757,0.0064713,0.012746343,0.02485227,-0.019656638,-0.021402288,0.031194454,0.015948422,-0.0140271755,0.025905859,0.015008458,0.03797047,0.010510053,-0.016031057,0.022765754,0.0052679377,-0.0111969495,0.01555591,0.009564922,0.011599792,0.028405547,0.02110274,0.031855527,-0.028198961,-0.009549428,0.022703778,0.029603744,0.008051681,-0.005004541,-0.016072374,0.0030962045,0.0021355806,0.0050122878,0.006512617,-0.022992998,0.01628929,-0.07982475,-0.016330607,-0.015369982,0.03144236,0.009017469,0.0029025304,-0.021774143,-0.00091672444,0.01671279,0.04059411,0.033652827,0.000458685,-0.015979411,0.02340617,0.033260312,0.01833449,-0.011165962,0.01789033,0.006967106,0.00081084925,0.04846503,-0.011847695,-0.0074215946,0.0048986655,-0.010804437,0.0029541769,-0.029417817,-0.007101387,-0.032888457,0.0024635356,-0.045903362,-0.017632097,0.0018631456,0.037144125,-0.0033363604,-0.0100917155,0.0035506934,-0.0011969064,-0.0019716031,0.051274594,0.02123702,-0.01846877,-0.02386066,-0.009012305,-0.015814142,0.039189324,-0.001922539,-0.01759078,0.011227937,-0.017032998,0.020317713,0.010510053,-0.03954052,0.013779272,0.0025991076,-0.026360348,0.014171786,0.0070135877,-0.021360971,0.025719931,-0.003220156,-0.00559331,-0.028570814,-0.021133726,-0.013304125,-0.026546273,-0.026215738,-0.0067966725,0.0030626343,-0.012932271,-0.0068121664,0.014089151,-0.005038111,0.007793449,-0.015163397,-0.016960694,-0.008129151,0.0022207974,-0.019233137,-0.0042969845,0.023013657,0.019202149,-0.0017934229,0.005531335,-0.021608874,-0.025678614,-0.01963598,0.006801837,0.022641802,0.0073028076,0.017921317,0.008552652,0.01964631,0.007163362,0.00836156,0.018499758,-0.012756673,0.02545137,-0.021650191,-0.020441664,-0.00051097706,0.0067192027,0.016268631,-0.0008560399,0.011093657,-0.007793449,0.024129221,0.00828409,-0.016371924,-0.019997505,-0.0001797942,0.003171092,-0.04204021,0.02602981,-0.019460382,-0.010102045,0.0056139687,0.004973553,-0.0009715988,0.025100173,-0.01540097,-0.0063060313,0.010158856,0.009203397,-0.022001388,0.0072614904,0.007101387,0.0015506846,0.011703085,-0.019728944,-0.0011827037,0.0033750953,-0.020596603,0.002025832,0.023199584,0.0050484403,-0.010499723,0.0049219066,0.017611438,0.00060749135,-0.028343571,0.0010219541,0.00078308926,0.02081352,0.029996257,0.022848388,0.034107313,0.053009912,0.023323536,-0.002698527,-0.008346066,0.00057037047,0.018499758,-0.040098302,0.0042582494,0.015659204,0.023158267,0.008449359,-0.006311196,0.0037211266,0.021144057,-0.018747661,0.017849013,-0.011703085,-0.0068276604,0.025699273,0.041337818,-0.0019574005,-0.022579826,0.0069619413,-0.014595286,0.048217125,0.014192444,0.021691509,0.0003434489,-0.027723813,0.019873554,-0.0050742636,-0.015886446,0.015246032,-0.0025603727,-0.010375772,0.011827037,0.005686274,0.0012562998,0.037722565,-0.015617886,0.005112998,-0.017373865,0.018375807,-0.009988423,0.028116327,0.0074835704,0.007690156,-0.033632167,0.010179515,-0.027351959,-0.01076312,0.0279304,0.010866413,-0.012126586,-0.024232514,-0.023096291,-0.012064611,0.034913,0.031297747,0.010081386,-0.00064687175,0.0125087695,0.029892964,-0.012705026,0.035718683,0.0031943328,0.0008263432,0.024810953,-0.015493934,0.020390017,-0.015648874,-0.0036875564,0.02470766,0.026690884,0.0014796708,-0.0015119498,0.0020658579,-0.004663674,-0.010866413,0.0025448787,0.025926517,-0.013903224,0.011579134,0.013118198,0.0045784577,-0.037330054,-0.0076178513,0.014863848,-0.028033692,0.01046357,-0.006992929,0.007896742,-0.04520097,-0.0252861,0.02617442,0.003932877,0.036421075,-0.014791543,-0.0018437782,0.01686773,-0.041544404,-0.0147502255,0.007721144,0.007793449,0.024335805,0.029892964,0.0115068285,0.017353207,0.005608804,-0.0057379203,-0.012746343,-0.017074315,0.0058412133,-0.0030161527,0.03501629,-0.0050665163,0.016960694,0.034830365,-0.026690884,-0.032537263,-0.033528876,0.0017004593,-0.009105269,-0.008005199,0.012105928,-0.013066552,0.039148007,0.002683033,0.025017539,-0.0007721144,0.01613435,0.024645684,0.017094973,0.009657886,0.014853518,-0.009079445,-0.022435216,0.03414863,-0.014016846,0.029975599,0.00915175,-0.021360971,0.014729567,-0.036813587,0.021020105,-0.012105928,0.021154385,0.008888354,-0.0273313,-0.019140173,0.012436464,0.0045371405,-0.015566239,0.034789048,0.019284783,0.005030364,0.026794177,0.0503243,-0.009043293,-0.00047934358,-0.0025371318,-0.026959445,0.00050839473,0.0056139687,0.0045087347,0.0021833535,0.017373865,-0.01163078,0.007969047,0.024666343,0.0141304685,-0.02107175,-0.036607,-0.078750506,0.014264749,0.018850954,0.013273137,0.03274385,-0.029417817,0.013975529,0.025079515,0.041812964,-0.025410052,0.0012311222,0.0035455287,0.02850884,0.032950435,0.0041678683,0.0071736914,0.027207348,0.024604367,0.0124054765,-0.010510053,0.02266246,-0.018510086,0.00045836222,0.0071736914,0.025947176,0.021877436,0.01571085,-0.013975529,0.028715424,-0.013851577,-0.02414988,-0.036751613,0.0054177125,0.060323052,0.031029185,0.010628839,-0.022145998,0.028302254,0.005319584,-0.0035326171,-0.017673414,0.008346066,0.011455182,-0.0026494628,-0.028983986,-0.007385442,-0.011527487,-0.020730885,0.0050768456,-0.034913,-0.0022724436,-0.003349272,-0.025079515,0.016764438,0.017053656,-0.009528769,0.030843258,-0.00026404246,0.009910953,0.02152624,-0.02021442,0.029500451,-0.04681234,-0.005335078,-0.008418371,-0.0062905373,0.01265338,-0.0034474004,0.027289983,-0.018262183,-0.018262183,-0.028983986,0.00676052,0.019057538,0.019873554,0.0064041596,-0.044333313,-0.015803814,-0.030471405,0.0042737434,0.022455875,-0.01483286,-0.005022617,0.013572686,0.020090468,-0.010401594,-0.006238891,0.0038399133,-0.00019851603,0.0012537176,0.02981033,0.023034316,0.021898095,-0.03547078,0.0029619238,-0.019718613,0.011238267,-0.0026881977,0.0007611395,-0.010427418,-0.01076312,-0.008449359,-0.022042705,0.010969706,0.03637976,-0.0066933795,0.019749602,-0.011971647,-0.019171162,-0.010386101,0.020689568,-0.018861283,-0.0006901257,-0.01527702,0.05478655,0.00088057196,-0.010721803,-0.038734835,0.035408806,0.0006856066,-0.025368735,0.024459757,-0.022703778,-0.020741213,-0.016847072,0.028322913,-0.008883189,-0.027413934,0.025761249,-0.0129426,0.003914801,-0.006641733,-0.030120209,-0.011124644,0.022786412,0.016475217,0.023654073,-0.018850954,0.009564922,-0.021009775,-0.0008947747,0.010732132,-0.006951612,0.003499047,-0.036421075,0.03534683,0.030884575,0.015194385,0.018696014,0.018706344,0.016506204,-0.022001388,0.03284714,0.040118963,0.014430017,-0.011816707,-0.009213726,-0.010804437,-0.040180936,0.0010568155,-0.011806378,-0.03894142,0.019274455,0.0051517333,-0.016547522,-0.0015042028,0.10519349,0.028240278,-0.01699168,-0.0054745236,0.008692097,-0.039788425,0.0047153207,-0.023344195,-0.0047049914,0.031917505,0.005980659,-0.047514733,0.025678614,0.010215667,0.017776707,-0.01192,-0.0106804855,0.001394454,0.019512028,-0.007070399,-0.03111182,0.0063163606,-0.0154113,-0.0068276604,-0.026050469,-0.038631544,0.032599237,0.01571085,0.0030910398,0.036834247,-0.018747661,0.036462393,0.010597851,-0.027537886,-0.024831612,0.033177678,-0.00019173743,0.008051681,-0.010355113,0.005624298,0.025699273,0.03268187,-0.030368112,-0.009198233,-0.01975993,0.02386066,-0.007519723,0.039024055,-0.015431958,-0.025781907,-0.002210468,-0.011971647,0.033508215,0.018065928,0.027703155,-0.013190503,-0.038424958,-0.0005790858,0.00021869043,0.0017740555,0.031772893,-0.0010297011,-0.015845131,-0.0010736005,-0.014522981,0.0076953205,-0.017539134,0.009745684,0.039602496,0.0069619413,0.022455875,0.0009309272,-0.013593345,-0.014770884,-0.0062027383,-0.017632097,0.006967106,-0.00828409,-0.011372548,0.024625026,-0.012787661,-0.002442877,-0.005774073,-0.028591473,0.000101033365,-0.020328041,-0.026009152,0.027517227,0.017663086,-0.00828409,-0.0033466897,0.018520417,0.010003917,0.007834766,-0.0057327556,-0.034086656,0.0433417,-0.008475182,-0.023736708,-0.0046094456,0.016950363,0.0013111742,0.029872306,0.017435841,0.014863848,-0.0067088734,0.022931023,-0.0017275737,-0.018375807,0.039086033,0.008206621,-0.0035300348,0.017983293,-0.007633345,-0.009218891,0.0036075043,-0.006714038,0.033239655,0.016165338,0.0023408753,0.044705164,0.002162695,-0.017756049,-0.009570086,-0.017084645,0.0059238477,0.019821906,-0.019264124,0.019945858,0.03373546,-0.014450676,-0.015328666,0.0023163431,0.031752236,-0.0011168545,0.015153068,-0.020007834,-0.015101422,-0.020689568,-0.01060818,-0.010949047,-0.031173795,-0.04071806,-0.013107869,0.023158267,0.0026068545,-0.02152624,-0.015948422,0.0032718026,-0.011475841,-0.021794802,-0.018644368,0.013799931,-0.012994247,-0.03518156,-0.014884506,-0.014213103,0.014295736,-0.02675286,0.017043328,0.00530409,0.008511335,0.012467452,0.028880693,0.030326795,-0.033404924,0.024087904,0.00052840775,0.0040800693,-0.0029619238,-0.0023370017,0.004668839,-0.0062027383,-0.013614004,-0.009787002,-0.009585581,-0.005665615,0.016031057,-0.017849013,-0.008062011,0.010246655,-0.0152357025,-0.0132318195,0.03968513,0.02123702,0.016960694,0.0033337781,0.010468735,0.007746967,0.024356464,0.005094922,-0.029149255,-0.016072374,-0.012126586,-0.016185997,0.025410052,-0.02167085,-0.015215044,0.008671438,-0.030512722,-0.0061665857,0.0012963258,0.0023408753,-0.022765754,-0.024067245,-0.02456305,0.014491993,0.00019706348,-0.020111127,0.027889082,-0.014884506,0.0005332496,0.02400527,0.011796049,-0.012364159,0.004645598,-0.00189026,-0.009461629,0.029727696,-0.028302254,0.0105771925,-0.044870432,-0.035842635,-0.0022569497,-0.014378371,0.028674107,-0.002714021,-0.013076881,0.047225513,-0.042515356,0.03348756,-0.0032072444,0.02414988,0.010329289,0.015648874,0.017353207,-0.009017469,0.009120762,-0.018251855,0.017518476,-0.0003195624,-0.026566932,0.008661109,-0.0049219066,-0.0029490122,0.024687001,0.013903224,-0.025079515,-0.007354454,-0.009146586,-0.021020105,0.03144236,-0.026153762,-0.0032330677,-0.025781907,0.032640554,-0.022435216,-0.00469208,-0.0072046793,-0.026794177,-0.05119196,-0.011258925,0.011734073,0.029707037,-0.013314454,-0.014781213,-0.009544264,0.006559099,0.0042427555,0.06106676,-0.018396465,-0.025616638,0.02935584,0.000024653109,-0.0027527558,-0.006414489,-0.006641733,0.0059135184,-0.0075868634,-0.009213726,-0.012746343,0.028756741,-0.016444229,0.016619828,-0.009652721,0.005040693,-0.024542391,-0.03838364,0.008666274,-0.011031682,0.028013034,-0.015060104,-0.0152357025,-0.008831543,-0.024377123,-0.0021355806,0.010556534,-0.0139652,-0.03664832,0.041544404,0.03210343,0.011134974,0.028302254,-0.013531369,0.031173795,0.028694766,0.037784543,0.015060104,0.016330607,0.031401042,0.007313137,-0.035698026,-0.016764438,0.005686274,-0.0064196535,-0.008950329,0.011434523,0.00006407387,-0.014574627,-0.014202774,0.0069412827,0.03038877,0.0055726515,0.0063731717,-0.029624403,-0.0056139687,-0.025120832,0.024955563,0.00031859401,0.00894,0.019109186,-0.012550087,-0.03210343,0.00174565,0.0078502605,0.039354593,-0.022290606,0.047060244,0.0036178336,0.008025858,-0.0007553293,0.009869636,-0.03679293,-0.0316696,-0.017838683,-0.008857366,0.037392028,0.010701144,-0.002369281,0.008914177,0.01918149,0.016557852,0.000965143,-0.010561699,0.009363501,-0.010096881,0.0033182842,0.016258301,-0.026112445,-0.022992998,-0.036689635,-0.01760111,-0.012477782,0.00041220323,0.0012943891,-0.0056036394,0.034520485,-0.0183035,0.015504263,0.038982738,-0.019439723,0.0106804855,0.02470766,0.017621769,0.0174565,0.015617886,0.026918128,0.004606863,-0.024087904,0.038879447,0.012250537,-0.008062011,0.030574698,-0.0005516486,-0.02530676,-0.0028973657,0.05449733,-0.015493934,0.011021352,0.024315149,-0.0019044628,0.016692132,0.022703778,-0.03631778,-0.0058360486,-0.020968458,-0.038053103,0.004557799,0.0056604506,-0.0012227297,-0.023633415,-0.004317643,-0.019604992,-0.035574075,-0.022331923,-0.0054951822,0.02063792,0.010597851,0.0017598527,0.016113691,0.013159515,0.024955563,0.010065893,0.06614877,0.04941532,0.0075868634,0.02836423,-0.0040878165,0.011289913,-0.0072614904,-0.0018967158,-0.013004576,0.0017882582,0.0071065514,-0.022641802,-0.0039070537,0.008599133,0.0047153207,-0.00013863844,-0.025017539,-0.0071375393,0.016216984,0.0052989256,0.0057172617,-0.014719238,-0.029314524,-0.017115632,0.031876188,-0.014615945,-0.012994247,0.0028637955,-0.02357144,-0.0095081115,-0.017363535,0.01628929,0.016031057,-0.008294419,0.0203487,0.011703085,0.0021329983,-0.019150503,0.0047308146,-0.006223397,-0.00733896,-0.031463016,0.0100245755,0.031359725,0.0043873657,-0.019129844,0.034871683,0.0067656846,-0.016413242,-0.015917435,0.0279304,0.024893587,0.0018476517,0.017125962,-0.011496499,-0.01598974],"index":0,"object":"embedding"}],"model":"embedding-3","object":"list","usage":{"completion_tokens":0,"prompt_tokens":582,"total_tokens":582}}

2026-03-27 20:09:16.129 [tomcat-handler-17] DEBUG c.a.rag.gateway.cache.EmbeddingCache - Cached embedding for textHash: 17115de0a759a3c68d18c436ee929bdff754db7118a5998bdab5eb22ff8f0bd7, vector dimension: 2048
2026-03-27 20:09:16.129 [tomcat-handler-17] DEBUG c.a.rag.gateway.EmbeddingGateway - Embedding 已缓存：textHash=17115de0
2026-03-27 20:09:16.144 [tomcat-handler-17] DEBUG c.a.r.service.impl.VectorServiceImpl - 向量已写入 Redis: chunkId=1, vectorSize=8192 bytes
2026-03-27 20:09:16.144 [tomcat-handler-17] DEBUG c.a.r.service.impl.VectorServiceImpl - 切片向量化成功: chunkId=1
2026-03-27 20:09:16.147 [tomcat-handler-17] DEBUG c.a.rag.gateway.cache.EmbeddingCache - Embedding cache miss for textHash: 9908dd1457f6983144babf739ebff59bf260fc8dac371ad54afe6b04ecb27f0d
2026-03-27 20:09:16.147 [tomcat-handler-17] INFO  c.a.rag.gateway.EmbeddingGateway - 调用 Embedding API：model=embedding-3, textPreview=_\theta(x) \geq 0.5$ 时，预测为类别1；否则预测为类别0。4. 正则化正则化用于防止过拟合，通过在损失函数中添加惩罚项实现。4.1 L1 正则化（Lasso）$$J(\theta) = \frac{1}{2m} \sum_{i=1}^{m} (h_\theta(x^{(i)}) - y^{(i)})^2 + \lambda \sum_{j=1}^{n} |\theta_j|$$...[truncated]
2026-03-27 20:09:16.149 [tomcat-handler-17] INFO  d.l.h.client.log.LoggingHttpClient - HTTP request:
- method: POST
- url: https://open.bigmodel.cn/api/paas/v4/embeddings
- headers: [Authorization: Beare...hI], [Content-Type: application/json]
- body: {
  "input" : "_\\theta(x) \\geq 0.5$ 时，预测为类别1；否则预测为类别0。4. 正则化正则化用于防止过拟合，通过在损失函数中添加惩罚项实现。4.1 L1 正则化（Lasso）$$J(\\theta) = \\frac{1}{2m} \\sum_{i=1}^{m} (h_\\theta(x^{(i)}) - y^{(i)})^2 + \\lambda \\sum_{j=1}^{n} |\\theta_j|$$4.2 L2 正则化（Ridge）$$J(\\theta) = \\frac{1}{2m} \\sum_{i=1}^{m} (h_\\theta(x^{(i)}) - y^{(i)})^2 + \\lambda \\sum_{j=1}^{n} \\theta_j^2$$5. 神经网络神经网络是受生物神经元启发的多层模型。5.1 前向传播$$z^{[l]} = W^{[l]} a^{[l-1]} + b^{[l]}$$$$a^{[l]} = \\sigma(z^{[l]})$$5.2 反向传播通过链式法则计算梯度并更新参数。6. 模型评估6.1 评估指标准确率 (Accuracy)：正确预测的比例精确率 (Precision)：预测为正的样本中真正为正的比例召回率 (Recall)：真正为正的样本中被正确预测的比例F1分数：精确率和召回率的调和平均准确率 (Accuracy)：正确预测的比例精确率 (Precision)：预测为正的样本中真正为正的比例召回率 (Recall)：真正为正的样本中被正确预测的比例F1分数：精确率和召回率的调和平均6.2 交叉验证将数据集分成k份，每次用k-1份训练，1份验证，重复k次取平均。参考文献Bishop, C. M. Pattern Recognition and Machine Learning. Springer, 2006.Ng, A. Machine Learning. Stanford University, Coursera.Goodfellow, I., et al. Deep Learning. MIT Press, 2016.Bishop, C. M. Pattern Recognition and Machine Learning. Springer, 2006.",
  "model" : "embedding-3"
}

2026-03-27 20:09:16.300 [tomcat-handler-17] INFO  d.l.h.client.log.LoggingHttpClient - HTTP response:
- status code: 200
- headers: [:status: 200], [content-type: application/json; charset=UTF-8], [date: Fri, 27 Mar 2026 12:09:16 GMT], [set-cookie: acw_tc=76b20f9c17746133561912876ec4c7449df3df9cff18ec48138d652565f120;path=/;HttpOnly;Max-Age=1800], [strict-transport-security: max-age=31536000; includeSubDomains], [vary: [Accept-Encoding, Origin, Access-Control-Request-Method, Access-Control-Request-Headers, Origin, Access-Control-Request-Method, Access-Control-Request-Headers]], [x-log-id: 202603272009163f28262b9dfb4a81]
- body: {"data":[{"embedding":[-0.018300897,0.013405958,-0.0047185444,0.022512307,-0.012490913,0.010269449,-0.023791166,0.004467734,0.009696168,0.0697198,0.011520745,0.0022903683,0.022402061,-0.02002074,0.019237991,-0.027429296,0.031508412,0.01184046,-0.010385208,-0.0121271005,-0.0054075844,0.018124502,-0.010997075,0.037219174,0.009552848,-0.010302523,0.008615754,0.07845131,0.023813214,-0.008577167,0.018069379,0.059577137,0.011829435,-0.0019623854,0.030141355,0.019656926,0.0006042879,-0.014949407,0.02608429,0.010071006,0.026238635,-0.018080404,0.028024625,0.0008592326,0.041342385,-0.016592078,-0.03455121,-0.015423466,0.013725673,0.032654975,0.0000409548,-0.045333304,0.007375482,0.033581045,0.014916333,-0.0039385515,0.013703623,0.04189362,0.00011145219,0.036601793,-0.039865084,-0.024077807,0.005749348,-0.01609597,0.033735387,0.01502658,-0.012005829,-0.028333316,-0.005264264,-0.0067525897,-0.0025012144,0.07977427,-0.0013064194,0.0065431218,0.034463014,0.02484953,0.01580933,-0.028178971,-0.005198116,0.011994804,0.010478917,-0.0040928964,-0.010098567,0.021883903,0.020538898,-0.0043767807,-0.027980527,0.02073734,0.041606978,0.01845524,-0.005126456,-0.014761988,-0.0008640559,-0.031420212,0.030891031,0.002322064,-0.012865751,0.003445199,-0.03360309,0.06782357,0.02487158,0.0063832644,-0.018179625,-0.0023124176,0.00020464482,0.0026445347,0.017440975,0.015368343,0.020627094,-0.0010321815,-0.0058210082,-0.029612174,-0.016327487,-0.003916502,-0.0023344667,0.0007841273,-0.0019885688,0.003379051,0.015533713,0.0018300896,-0.0062454566,-0.006708491,0.017066138,0.0073313834,-0.021696484,0.004724057,0.025070023,-0.010142665,0.0076841717,0.013957189,0.00019379244,-0.036800236,0.109011605,0.034198422,-0.0009598324,0.008643315,0.019028522,0.014144609,-0.002979408,0.025841748,-0.00087714766,0.01055609,0.037219174,0.012810628,0.014332027,-0.07470293,0.020439677,0.036535647,0.009668606,-0.007695196,-0.017694542,0.009007128,-0.010434818,-0.018841105,0.016801545,-0.02694421,-0.009365428,-0.0018190651,-0.034749653,-0.0064163385,-0.112715885,0.023548624,0.019612828,0.035322934,-0.008461408,-0.040857304,-0.029082991,-0.0030758735,-0.024166003,0.031309966,0.023438377,-0.0121050505,-0.0010755911,-0.014563545,0.010285986,0.02970037,0.010363158,0.00014202832,0.03788065,-0.025202319,-0.0020919247,-0.0040791156,-0.0027809646,-0.0028636493,0.0017983938,0.013868993,0.02018611,0.005644614,0.018863153,-0.009624507,-0.027914379,-0.008191305,-0.019160818,-0.013218539,0.028178971,-0.014629693,0.009657581,0.0016082189,0.0071990876,0.0069069345,-0.015688058,0.018554464,0.0019127744,-0.014332027,0.018411143,0.04156288,0.013020095,-0.0019100183,0.010754533,0.031354066,-0.011906607,-0.010401744,-0.044782072,0.02301944,0.013251613,0.031309966,0.03250063,0.00953631,0.007000644,-0.019215941,-0.020649144,-0.02066017,0.0042555095,0.03576392,-0.00015046906,0.036315154,-0.022159519,0.01243579,-0.06799996,0.00713294,0.033514895,-0.038983114,-0.02608429,-0.03267702,0.0023785653,-0.0076345606,-0.013207515,0.019061597,-0.00040239922,-0.005388291,-0.008913418,0.03768221,-0.023284033,0.027341098,0.025202319,-0.014739939,0.012237347,0.012391691,0.030692589,0.013251613,0.0051209438,-0.03126587,-0.0045945174,-0.02608429,-0.031949397,0.02047275,-0.009911148,0.0033735388,-0.015666008,-0.008665364,-0.0121160755,-0.0069951317,-0.016173141,0.005581222,0.0034203934,0.012810628,0.020627094,-0.005870619,0.01935926,-0.006879373,-0.0181686,0.016129043,0.018697783,0.024606988,0.017132286,0.019623853,-0.012777554,-0.034485064,-0.0036739602,0.056887124,-0.0064218505,0.0028085262,-0.0159306,0.010131641,0.016889744,0.034110226,-0.0070557673,-0.00043409507,-0.012270421,0.009381966,-0.008092083,-0.0111789815,-0.0071990876,0.035102442,-0.009525286,0.0022504039,0.017771713,0.009431576,0.019138768,-0.0078054424,0.017815813,-0.048684794,0.008527556,-0.017959133,0.0050685764,-0.027098557,-0.016680274,0.001558608,0.0011548307,0.010214326,-0.022313865,0.1092762,0.011311277,-0.0166913,-0.012821652,0.01562191,-0.039027214,-0.010341109,-0.030692589,0.0044980515,0.008279502,-0.010451355,-0.014541496,-0.0025342882,0.042621244,-0.010859267,0.0059533035,0.020064838,-0.010423793,0.0068352744,0.0048591085,0.0069014225,0.0136485,-0.031949397,-0.012546036,0.025047975,-0.035521377,0.010732484,0.008070034,0.0005112675,0.049522668,0.004589005,0.03309596,0.013350835,-0.011289228,-0.007992862,-0.02156419,0.025400762,0.011123858,-0.0077833934,-0.010500967,-0.0046854704,0.015434491,-0.022909194,-0.011085272,-0.03360309,0.015864452,-0.033294402,0.024320347,-0.030163405,-0.016151093,-0.015566787,-0.00084614084,-0.016955892,0.016636176,0.0017997719,0.00056363456,0.015269121,-0.007414068,0.013295712,0.021839805,0.001784613,-0.01471789,0.010633262,0.0057438356,-0.014089486,0.013119318,-0.0035637137,0.015599861,-0.0002270386,0.013295712,0.0041810935,-0.008505507,0.0140123125,-0.048684794,0.008301551,-0.042621244,-0.0006735364,-0.045421503,-0.015357318,0.022644604,-0.019778198,-0.025114123,-0.0333826,0.000015245005,-0.01907262,-0.009437089,-0.034485064,-0.11783131,0.024320347,-0.01333981,0.018995449,-0.008692926,0.0007131562,0.02604019,0.027208803,0.027804133,0.008974054,-0.018201675,0.024055757,0.017551221,-0.019271065,-0.0048205224,0.015302195,0.007755832,0.002198037,0.015677033,0.025070023,-0.028884547,-0.041077796,-0.025246417,0.009563873,0.020792464,0.07752524,0.01303112,-0.013262638,0.016184166,-0.009563873,0.020715293,0.03724122,0.0052036284,-0.018785981,0.0026183513,0.0024640062,0.01880803,0.025687402,0.019612828,0.022148496,-0.006113161,0.014155633,-0.012501937,-0.032015543,0.016801545,-0.0048122536,-0.013119318,0.022600506,-0.038387783,0.0044043423,0.031199722,0.01726458,-0.017584296,-0.0011975511,-0.0027258415,0.021575214,-0.0010811035,0.026569374,-0.024254201,0.0015062409,0.017374827,0.0039385515,0.014662767,0.007888127,0.21255499,-0.015654983,-0.00034159148,0.011162444,-0.016327487,-0.0027161948,-0.008929956,-0.021101154,0.03949025,-0.02639298,0.03783655,0.010859267,-0.0038172803,0.016680274,-0.017793763,0.020549923,0.004371268,0.02020816,-0.002822307,0.0023909681,0.0050492836,-0.012854726,-0.01410051,-0.016735397,0.012920874,-0.028068725,-0.03768221,0.0018810786,0.016018797,-0.016702324,-0.013637476,-0.015754206,-0.019215941,-0.0065706833,-0.016426709,0.009878075,0.0015682545,0.0016095969,-0.0062123826,-0.022909194,0.019348238,-0.0022696971,0.03459531,-0.0049390374,0.01938131,-0.017077161,-0.00713294,-0.0057107615,-0.0016357804,0.016426709,-0.01457457,-0.014773013,0.03274317,0.02487158,0.018234748,0.0041121896,-0.0025411786,0.007844029,-0.0052063847,-0.04520101,-0.048508402,0.0144863725,-0.02118935,-0.0020133744,0.009166985,0.022269765,0.0025907895,0.02787028,-0.0012202895,-0.007601487,0.02396756,0.02696626,-0.018036306,-0.012468864,0.028289218,-0.01605187,-0.004382293,0.014739939,0.02458494,-0.00689591,0.0066643925,0.034683507,-0.019348238,0.014431249,-0.006482486,-0.014144609,-0.0011562088,-0.02665757,-0.0070392303,-0.009095325,0.026326831,-0.04279764,0.012226322,0.0052201655,0.012843701,-0.0047709113,-0.018962374,-0.013020095,-0.007447142,-0.009381966,0.0145194465,-0.0126011595,0.008059009,0.018157577,-0.01956873,0.012336568,0.02848766,-0.0063667274,0.02820102,-0.05027234,0.012501937,0.0074912403,0.02363682,-0.004440172,0.015213998,-0.007066792,0.00008109137,0.031442262,0.0014704108,0.00093847216,0.021001933,0.01547859,0.016492857,-0.018433193,0.00015934044,0.005363486,-0.027473394,0.007866078,0.00941504,0.0077503193,0.021167303,-0.00592023,-0.01761737,-0.0008957517,-0.045641996,0.023725018,-0.008665364,0.037020728,-0.016029822,-0.0025728745,-0.008472433,-0.017959133,0.015732156,-0.014067437,-0.010567114,-0.004263778,-0.010815169,-0.024893628,-0.019535655,0.034220472,0.016151093,-0.00012118487,0.018300897,-0.003792475,-0.001958251,-0.01938131,-0.017529173,0.039887134,0.0026059484,-0.0032991224,0.021001933,-0.002530154,-0.0019968373,-0.0023137955,0.0013835919,0.004051554,-0.004724057,-0.009062251,0.015247072,-0.0077833934,0.01845524,-0.027804133,0.014684816,-0.029964961,-0.006030476,-0.008191305,-0.012490913,0.03600646,-0.017573271,0.004451197,0.0028278192,-0.006873861,0.012038903,0.019690001,-0.02879635,-0.004473246,-0.02824512,-0.010214326,-0.031883247,-0.0038503543,-0.002650047,0.011118346,0.023614772,-0.009911148,0.009056739,0.00062633713,0.011730214,0.021531114,-0.018863153,0.0031420214,0.03455121,-0.016349535,-0.012931898,-0.0043189013,0.0090843,0.0025935457,-0.014607644,-0.028994793,-0.019237991,0.02020816,-0.02606224,0.017110236,-0.020031765,-0.018223723,0.03126587,0.01412256,-0.025400762,0.027407246,-0.0036656917,-0.017308678,-0.049654964,0.016889744,-0.012865751,0.080568045,0.017297655,0.028377414,0.0070226933,0.005936767,0.009128399,-0.0090843,-0.015743181,0.013516204,0.016106995,0.04006353,-0.011013612,-0.0006339166,-0.0057107615,-0.008367699,0.031001277,-0.028421514,-0.0018507609,-0.017011015,-0.03214784,0.0016867694,0.019039547,-0.04213616,0.005473732,-0.01010408,-0.033007763,0.0050134533,-0.015136826,-0.0024157735,-0.005437902,0.05375613,0.01412256,-0.012656283,0.025003875,0.029457828,-0.011322302,0.04037222,0.004762643,0.019149793,-0.0818469,0.019612828,-0.007981837,-0.011719189,0.029590124,0.0029518465,0.015732156,0.012920874,0.017937083,0.0018438705,0.0158865,-0.017551221,0.045994785,0.00841731,0.002736866,-0.024254201,0.023107639,-0.031927347,-0.0106938975,-0.016867694,0.008141694,0.0051154313,-0.0019761662,-0.0189293,0.012413741,-0.0037345956,0.0037042778,-0.0041562878,0.023570674,0.006631319,-0.0002868128,0.0035223714,0.039909184,-0.005854082,0.014321003,0.03697663,-0.022556406,-0.022865096,0.013405958,-0.0024805432,0.027164705,-0.024342397,-0.0128878,-0.0050465274,-0.028950695,-0.032654975,-0.014376126,0.017837862,0.117125735,-0.0066423435,-0.010848242,-0.0020492042,-0.023747068,-0.008009398,0.010633262,0.043040182,0.027804133,0.018058354,0.008533069,-0.011399474,-0.0022076834,0.006096624,0.004065335,-0.009095325,-0.0052036284,0.007618024,0.020274306,0.0061241854,0.039578445,-0.010059981,-0.08947595,0.052212678,-0.014883259,0.016636176,0.025092073,0.011129371,-0.020726316,0.019138768,-0.0023813215,-0.025929945,-0.013880017,0.011531769,-0.053226944,-0.009437089,-0.01138845,0.02427625,0.010379695,-0.004916988,0.03430867,0.05613745,0.005865107,-0.002166341,0.0060635502,-0.0005112675,-0.009370941,-0.015798304,-0.012523987,0.016889744,0.0026169731,0.030868983,0.005162286,0.003288098,0.0149714565,0.019039547,-0.044715926,-0.03124382,0.0052422145,0.016062895,0.036513597,-0.034044076,0.0024874336,0.0042555095,-0.009205571,0.009668606,-0.009900124,-0.026811916,0.014056412,0.008296039,0.0087756105,0.01031906,-0.03097923,0.030472096,-0.015114777,-0.019017497,-0.04277559,-0.035697773,-0.029259386,0.01229247,-0.009514261,0.010401744,-0.005506806,-0.0026872552,0.027715936,-0.00941504,0.013262638,-0.015952649,-0.033889733,-0.045774292,-0.012138125,-0.008224379,0.0030924105,-0.021222426,0.029303484,0.010616725,0.0008151341,-0.00910635,-0.0052890694,-0.02637093,0.010357646,0.001194795,0.0038338173,0.030405948,0.013042145,0.067558974,-0.022688702,0.013979239,0.0151699,-0.021983124,-0.009161473,0.02513617,-0.028708152,-0.00523119,-0.020792464,-0.015754206,-0.007937739,0.0038255488,0.0054461705,-0.005903693,-0.0378145,-0.029060941,0.016007772,-0.0059863776,0.0025935457,-0.03031775,-0.021939026,-0.027980527,-0.021983124,-0.031332016,-0.009459138,0.0019127744,-0.03155251,0.004566956,0.024937728,-0.0025563375,-0.022887146,-0.0022614286,-0.0041094334,0.03549933,0.0026087046,0.011542794,-0.029369632,0.065662734,0.012568085,-0.0072156247,0.018730856,0.014287929,0.001489704,0.0020809001,-0.01909467,0.0064383876,-0.009492212,-0.012766529,-0.00242542,0.0055536604,-0.025599206,-0.0078385165,-0.008053497,-0.0109088775,-0.031067425,-0.021134228,0.00024443687,0.022357963,0.05274186,-0.0023702967,-0.03913746,0.008588192,0.010429306,-0.0013429385,0.012215298,0.007430605,0.015037605,-0.024408545,-0.04674446,-0.022843046,0.024783382,-0.025555108,-0.016900769,-0.009894611,0.0071660136,-0.020097913,-0.02137677,0.020483775,0.02016406,0.026326831,0.0073203584,-0.009839488,-0.043392967,0.017132286,-0.014993506,0.016349535,-0.03635925,0.008974054,-0.009519774,0.026856015,0.025422812,0.027076507,0.015522689,0.015004531,0.0059863776,-0.028972745,-0.0110081,-0.028840449,0.010473405,-0.030560292,-0.03455121,0.009183522,0.008257452,0.014640717,0.010875804,-0.005057552,0.010192276,0.01714331,0.024386495,-0.02604019,-0.012248371,0.016415684,0.0010094433,-0.009128399,0.027407246,0.0140123125,0.02848766,-0.009585922,0.00019689312,-0.005887156,-0.0015117533,0.00025494472,0.0040432853,0.017992206,-0.006096624,0.020263283,-0.010357646,-0.02546691,0.012160174,0.00129884,-0.012391691,0.044341087,-0.01564396,-0.028112823,0.004572468,-0.058210082,0.015688058,-0.02228079,-0.0145084215,-0.035653673,-0.040239923,0.035962366,-0.021608287,0.049302176,-0.0024874336,0.0145084215,-0.02427625,-0.003379051,0.00967963,-0.039027214,-0.007364457,-0.015280146,-0.038850818,0.00010025529,0.000268381,-0.017330728,-0.00025942348,-0.007529827,-0.022909194,0.02967832,0.017176384,-0.0057052495,-0.032875467,0.018234748,0.013880017,-0.0028526247,0.007083329,-0.0135272285,-0.0036160809,-0.011928657,0.0011389827,-0.009778853,0.016470807,0.012314519,-0.0033294403,-0.038409833,-0.013913091,0.0023358448,0.029788569,-0.0006146235,-0.004690983,0.025422812,0.018752906,-0.009525286,-0.0058099832,-0.0056253206,0.010539552,-0.015489615,-0.004792961,0.01547859,-0.005661151,-0.018995449,-0.020979883,-0.0060525252,0.00014013346,0.01138845,-0.0044925394,-0.011333326,0.018069379,0.012700381,0.025246417,0.029237336,-0.04032812,0.008389749,-0.001386348,0.019656926,-0.014938382,-0.01424383,0.01077107,0.0020505823,0.008240916,0.0019265552,0.0065210727,0.0033459773,-0.0020326674,-0.047185443,0.00977334,-0.0140343625,0.024474693,0.015688058,-0.025312565,-0.0040405295,-0.005630833,-0.0055867345,0.005887156,0.022953292,0.0097568035,-0.0106938975,0.0040267487,0.039380003,-0.019811273,-0.010638774,-0.0001043034,0.021023981,-0.018014256,0.044826172,-0.001958251,-0.013141367,0.0018066623,-0.00561154,0.013317761,-0.012347593,-0.026282733,-0.0423787,0.015269121,-0.04151878,-0.027274951,0.03997533,0.0635901,0.024254201,0.010660823,0.00021842562,0.029193237,0.0072817723,0.04974316,0.01697794,0.010782095,-0.013637476,-0.0025177514,-0.0019031279,0.021740584,-0.005021722,-0.012689357,0.0009019531,-0.009663094,0.0046661776,0.0010873048,-0.019171843,-0.0021911466,-0.010412769,-0.030119307,-0.01864266,0.039578445,-0.02941373,0.03814524,-0.007954275,-0.01564396,-0.025951995,-0.031398166,0.00033952435,-0.0003930972,-0.033206206,0.020274306,-0.0024929459,0.011465622,-0.009723729,0.007855053,-0.017242532,0.014332027,-0.0144863725,-0.019678976,0.012204273,-0.00758495,-0.007772369,0.031684805,0.0069400086,0.028575858,0.018510364,-0.015070678,-0.01792606,0.0109088775,-0.0145194465,-0.0079653,0.017848887,0.017937083,0.017110236,0.008494482,0.017915035,0.014464323,0.018510364,-0.002164963,-0.034418914,0.008202329,-0.00318612,-0.028664054,-0.010280473,0.02090271,0.0059863776,-0.00955836,-0.006758102,-0.0242983,0.01681257,0.0012885043,0.006460437,0.0036408862,-0.015754206,0.0030235066,-0.024033707,0.0056005153,-0.030361848,0.009674119,0.0042803152,0.0046193227,-0.0072156247,0.0056253206,-0.010148178,-0.0052256775,-0.0022090615,0.017749665,-0.02123345,-0.0058210082,-0.006840787,0.015875477,-0.018576512,0.0061352104,0.0069896197,0.01907262,0.0040763593,-0.0010252912,0.02551101,0.012623209,-0.010175739,-0.028884547,0.012182224,0.017848887,-0.011410499,0.026326831,0.01636056,0.04828791,0.011586893,0.04489232,0.015500639,0.03691048,0.037219174,0.0030786297,-0.0052063847,-0.019425409,-0.005217409,-0.039005164,-0.0009729242,0.028840449,0.031905297,0.005559173,0.0023661626,0.003307391,0.01792606,0.0083236005,0.018102454,0.003933039,-0.0033211717,0.012512962,0.034970146,-0.0026376443,-0.008158231,-0.0033845634,0.017848887,0.017915035,0.019877419,-0.029987011,0.009144936,-0.02396756,0.011785337,0.009150448,-0.009993833,0.0049307686,-0.037086878,-0.03309596,0.007309334,-0.0034534673,0.00256185,0.01671335,-0.009613483,0.02667962,-0.046347573,0.007860566,0.012975997,0.0063060923,-0.0048039854,-0.029303484,-0.00058430573,0.013725673,-0.050845623,0.018565487,0.005440658,0.018488316,-0.019877419,-0.0003310836,-0.015721131,-0.0015503395,0.008681901,0.049258076,-0.012005829,-0.023438377,-0.007877103,0.024739284,0.0051099192,0.011190006,0.000866123,-0.021729559,0.003569226,-0.008874833,0.009233133,-0.037417617,-0.0116199665,0.0212114,0.02301944,-0.041629028,0.016922817,-0.005380023,-0.0038834282,-0.030097257,-0.007083329,0.0022131957,0.00007678487,-0.003290854,0.008770098,0.0027327319,-0.028950695,0.008373211,-0.019524632,-0.024783382,0.0065376093,0.005837545,-0.010649798,-0.015985724,-0.0409455,0.0016716105,-0.004057066,0.058165982,-0.026106339,-0.035322934,0.0051044067,-0.016437734,-0.028906597,0.034418914,-0.009337867,0.025334615,0.029369632,0.008351162,0.021872878,0.049875457,-0.008097596,0.008367699,-0.018047329,0.031442262,-0.022093372,0.029590124,-0.031883247,0.009348892,0.061473373,-0.027252901,0.00058844,-0.0040239925,-0.018433193,0.026459128,0.004396074,0.014585594,-0.008852783,0.014232806,-0.01082068,0.0063501904,0.007640073,0.039600495,0.008615754,0.0064163385,0.031045377,-0.015677033,0.0037676694,-0.0058430573,0.035367034,-0.007855053,0.017981183,0.008703951,-0.013229564,-0.005606028,-0.039380003,0.0011217567,0.012755505,-0.011333326,0.01985537,-0.004205899,-0.009734754,0.000037358877,-0.0110081,-0.031905297,0.01971205,0.005280801,0.013880017,-0.004103921,0.0485966,0.015732156,-0.0033514895,-0.0033156595,-0.028090773,0.006702979,0.01022535,-0.012347593,-0.02018611,0.022600506,-0.025356663,0.030560292,0.014497397,0.004674446,-0.018885203,-0.03455121,-0.08092083,-0.0077448073,0.006217895,0.000027303202,0.033470795,-0.013405958,-0.010109591,0.027826183,0.056754827,-0.010804144,-0.016559005,0.000693174,0.00963002,0.037395567,0.017782738,-0.009806414,0.025841748,0.008720487,0.0135382535,0.0041976306,0.0220162,-0.008224379,-0.013692599,0.013670549,0.009354404,0.041099846,-0.006581708,-0.027936429,0.016658226,0.0040984084,-0.028840449,-0.033823583,-0.0053441925,0.060238615,-0.0047350815,-0.00963002,-0.012215298,0.028289218,-0.013273662,-0.0023013928,-0.008307064,-0.018962374,-0.003464492,0.016790522,-0.017396877,-0.04363551,0.0028305755,-0.027539542,0.028884547,-0.009326843,0.012193248,-0.00009956625,-0.00235376,0.05005185,0.030119307,0.024651088,0.00006597556,0.010732484,0.02123345,0.0135382535,0.0062454566,0.011763287,-0.036293104,-0.024188053,-0.014354076,0.012005829,-0.0014208,0.00029990455,0.034705557,-0.017650442,-0.03880672,-0.0011589649,-0.012138125,0.012071977,-0.009007128,-0.009111862,-0.045421503,-0.005749348,-0.02970037,-0.011597917,0.0019210429,-0.0047405935,0.02427625,0.009166985,-0.0072597233,0.014640717,-0.0013966836,0.01274448,-0.009040202,-0.003651911,0.009618996,0.017826837,0.021012956,-0.0024805432,-0.016426709,-0.05516728,-0.01124513,0.011862509,0.014298953,-0.021806732,-0.01999869,-0.002650047,-0.029920863,-0.009067764,0.020858612,0.010760046,-0.0022214642,-0.015147851,-0.0027327319,-0.008395261,-0.0035830068,-0.005925742,-0.02608429,-0.01410051,0.04793512,0.0069179595,-0.018201675,-0.022346938,0.041695174,0.017970158,-0.02392346,0.031398166,-0.03031775,0.005749348,-0.016206216,0.0030207504,0.0021222425,0.016790522,0.0002859515,-0.05640204,-0.009442601,-0.022600506,-0.02487158,-0.0140233375,0.027495444,0.00481501,-0.011917632,-0.00439883,0.0044787587,-0.008307064,-0.007138452,-0.010980538,-0.015423466,0.029744469,-0.038475983,0.0363372,0.0056501264,-0.0019127744,-0.006785664,0.00042341495,0.012535011,-0.0318171,0.031332016,0.022820998,-0.0074802157,-0.016437734,-0.006984107,-0.01053404,-0.014585594,-0.012689357,-0.024739284,-0.045641996,0.0067911763,0.010660823,-0.010451355,-0.0025783868,0.04912578,0.034463014,-0.006576196,-0.008119645,0.00087232434,-0.022644604,0.0026528032,-0.009894611,0.03635925,0.023460427,0.009977296,0.0013553413,-0.00013634375,-0.0066588805,0.0011699896,-0.014872234,-0.02030738,0.0018590293,0.013979239,0.0013663659,-0.013769771,-0.011575868,-0.0069565456,-0.007430605,0.016746422,-0.028112823,0.0050134533,0.020549923,0.018091429,0.03523474,-0.009822951,0.008610241,0.017341753,-0.010897853,0.0031227283,0.032787267,-0.0036463984,0.00025925122,-0.0039247707,0.013394933,0.02548896,0.01578728,-0.030648489,-0.026745768,0.034154322,-0.020153036,0.0022145738,0.010732484,0.003979894,-0.0060194517,-0.0071274275,0.003916502,0.06592733,0.01671335,0.023791166,-0.0135382535,-0.014773013,-0.014298953,0.026172487,-0.027230851,0.008522044,-0.012083001,-0.013857968,-0.0023275763,0.0038255488,0.0054792445,0.020704268,0.018069379,0.051639397,0.0016743666,0.034992196,0.010749021,-0.004856352,-0.02106808,0.00047509294,0.0054130964,0.016140068,0.005021722,-0.0011114212,0.030295702,0.0069400086,-0.011399474,0.017672492,-0.021861855,-0.008516531,-0.0111679565,-0.024606988,0.0033680263,0.0074085556,0.021431893,0.013802845,0.004575224,0.004371268,-0.0043740245,0.0094977245,-0.023438377,0.04916988,-0.024055757,-0.026282733,-0.021255499,0.0020919247,0.0070943534,0.037351467,-0.019965617,0.015776254,0.007303822,0.0083346255,-0.0062840427,-0.002893967,0.02515822,0.009800902,-0.01761737,0.013835919,-0.012457839,-0.012005829,0.02820102,-0.0035995438,0.014442273,0.0409896,-0.012138125,-0.022335913,0.0121271005,-0.015125801,-0.0077282703,-0.03005316,-0.012071977,0.015357318,0.0028085262,0.022236692,0.013615426,0.008086571,-0.029038893,-0.018488316,0.027120605,-0.02608429,0.019656926,-0.019866396,-0.030736687,0.00109075,0.008400773,-0.03693253,-0.031750955,-0.002720329,-0.0073479204,0.024695186,-0.0014483617,-0.004048798,-0.016084945,0.025731502,0.0018259555,-0.014144609,-0.0028691615,0.024695186,-0.015599861,-0.02637093,-0.015864452,0.0066202944,-0.000024073328,-0.02579765,0.021972101,0.0050134533,0.012005829,-0.0025122392,0.010021394,0.037704255,-0.021630337,0.039225657,-0.026348881,-0.011410499,-0.0033018787,-0.020252258,0.014376126,0.03435277,-0.018896228,-0.0016399147,-0.024937728,-0.033338502,0.01759532,-0.01771659,-0.031001277,0.020108936,-0.033228256,-0.02943578,0.031133574,0.009508749,0.031045377,0.0076345606,0.023702968,-0.003756645,0.00087370246,-0.024518792,-0.041915666,0.0010990185,0.015952649,-0.013472105,0.009563873,-0.034661457,0.008301551,0.024364447,-0.0058265203,-0.00439883,-0.016735397,0.0037897187,-0.02515822,-0.031199722,0.018675733,-0.0025342882,0.022104396,-0.02551101,-0.005404828,-0.0048591085,0.028355366,0.008974054,0.01379182,0.00067422545,0.00035933426,-0.024143955,0.015688058,0.021751609,0.0030676052,0.0070337183,-0.014905308,0.0039578443,-0.02304149,-0.029479878,0.019017497,-0.014949407,-0.0017722104,0.03814524,-0.006273018,0.05331514,-0.0021181083,-0.0011210677,0.01636056,0.005057552,0.0075794375,0.011851484,-0.008196817,0.009657581,0.03761606,0.017848887,-0.011906607,0.013593377,0.016173141,-0.0020368015,-0.0030593367,0.018367045,-0.027936429,0.037571963,-0.019866396,-0.021079104,0.015963674,-0.012314519,-0.0023261984,0.008808685,-0.0065045357,-0.016988965,0.002475031,-0.028597906,-0.022357963,-0.04789102,-0.01742995,-0.004972111,0.024254201,-0.0102418875,-0.0031034353,-0.017859912,0.039622545,0.013902066,0.08118542,-0.008356675,0.016283387,0.012711406,-0.0016151093,-0.006669905,-0.024166003,-0.025599206,0.008659852,-0.009690655,-0.019039547,0.0010500966,0.03457326,-0.017452,0.017330728,0.0030786297,-0.012667308,-0.005716274,-0.013130342,0.025841748,0.028046675,0.011289228,-0.005247727,-0.01718741,-0.014056412,-0.04828791,0.0016922817,-0.0039771376,0.008990591,-0.07443835,0.020461725,0.0015613642,0.009172497,0.031662755,-0.034749653,-0.006818738,0.039600495,0.018245773,-0.0012871263,0.0079653,0.035631627,0.0054075844,-0.023328131,-0.011972755,0.010412769,0.0066809296,-0.01486121,0.0031309968,0.0007813711,0.0052339463,-0.0073920186,0.01046238,0.028355366,0.0048976946,-0.0068462994,-0.031750955,0.024452643,0.0007744807,0.017396877,-0.001437337,-0.0041259704,0.016283387,-0.02484953,-0.042356655,-0.0035223714,-0.01438715,0.032324236,-0.017892985,0.016106995,-0.0040267487,-0.017275605,0.0052339463,0.017848887,-0.01580933,-0.041430585,0.010065493,-0.0012009963,0.036491547,-0.0044456846,0.017022038,-0.0058926684,0.026194537,0.013516204,-0.0038889404,-0.026128389,0.01214915,0.0257756,0.0135382535,0.0021759877,-0.02061607,-0.0099828085,-0.034220472,-0.008665364,-0.039843038,-0.022644604,0.032566775,0.002355138,0.037549913,-0.007866078,0.017705565,0.018631635,-0.0038338173,0.008803172,-0.0028250632,0.017253555,0.013769771,0.01053404,0.029612174,-0.0014070192,-0.03600646,0.038674425,-0.021652386,0.014232806,0.021608287,-0.005630833,-0.010881316,-0.010054468,0.03344875,-0.0047488622,0.011052198,0.021762632,0.015070678,0.009966271,0.021365745,-0.022071322,-0.0035719823,-0.012766529,-0.008378724,0.0016481831,0.0003448644,0.0083236005,0.011156932,-0.009828463,-0.0227328,-0.034992196,-0.0058320328,0.006339166,0.014761988,0.015070678,-0.0026624496,0.023129687,0.028597906,0.0334267,0.0047378377,0.06006222,0.06341371,0.006427363,0.012083001,-0.012788578,-0.006758102,-0.004693739,-0.024518792,-0.028399464,0.017077161,0.0125901345,-0.042819686,0.0016605859,0.013846943,-0.008268477,-0.015941624,-0.00022462697,-0.021387795,0.028178971,-0.0043023643,-0.006162772,-0.0061572595,-0.007954275,-0.0015448271,0.018267823,0.00485084,-0.020704268,-0.0016936598,-0.018289872,0.0102474,0.003169583,0.012446814,0.0036078123,0.0013105536,0.054020718,0.008213354,-0.0008668121,-0.005661151,-0.007397531,-0.007529827,0.017452,-0.034463014,0.040460415,0.0014773012,0.0048591085,0.005082357,0.026922163,-0.02106808,-0.02458494,-0.010837218,0.026018143,-0.0071825506,0.004294096,0.015202974,-0.016426709,-0.028950695],"index":0,"object":"embedding"}],"model":"embedding-3","object":"list","usage":{"completion_tokens":0,"prompt_tokens":513,"total_tokens":513}}

2026-03-27 20:09:16.307 [tomcat-handler-17] DEBUG c.a.rag.gateway.cache.EmbeddingCache - Cached embedding for textHash: 9908dd1457f6983144babf739ebff59bf260fc8dac371ad54afe6b04ecb27f0d, vector dimension: 2048
2026-03-27 20:09:16.307 [tomcat-handler-17] DEBUG c.a.rag.gateway.EmbeddingGateway - Embedding 已缓存：textHash=9908dd14
2026-03-27 20:09:16.314 [tomcat-handler-17] DEBUG c.a.r.service.impl.VectorServiceImpl - 向量已写入 Redis: chunkId=2, vectorSize=8192 bytes
2026-03-27 20:09:16.314 [tomcat-handler-17] DEBUG c.a.r.service.impl.VectorServiceImpl - 切片向量化成功: chunkId=2
2026-03-27 20:09:16.318 [tomcat-handler-17] DEBUG c.a.rag.gateway.cache.EmbeddingCache - Embedding cache miss for textHash: 6673760409a16079183c7943f376624cccc7343113b8ac17f41cca28650782f8
2026-03-27 20:09:16.318 [tomcat-handler-17] INFO  c.a.rag.gateway.EmbeddingGateway - 调用 Embedding API：model=embedding-3, textPreview=ing. Springer, 2006.Ng, A. Machine Learning. Stanford University, Coursera.Goodfellow, I., et al. Deep Learning. MIT Press, 2016.Bishop, C. M. Pattern Recognition and Machine Learning. Springer, 2006....[truncated]
2026-03-27 20:09:16.318 [tomcat-handler-17] INFO  d.l.h.client.log.LoggingHttpClient - HTTP request:
- method: POST
- url: https://open.bigmodel.cn/api/paas/v4/embeddings
- headers: [Authorization: Beare...Q4], [Content-Type: application/json]
- body: {
  "input" : "ing. Springer, 2006.Ng, A. Machine Learning. Stanford University, Coursera.Goodfellow, I., et al. Deep Learning. MIT Press, 2016.Bishop, C. M. Pattern Recognition and Machine Learning. Springer, 2006.Ng, A. Machine Learning. Stanford University, Coursera.Goodfellow, I., et al. Deep Learning. MIT Press, 2016.",
  "model" : "embedding-3"
}

2026-03-27 20:09:16.455 [tomcat-handler-17] INFO  d.l.h.client.log.LoggingHttpClient - HTTP response:
- status code: 200
- headers: [:status: 200], [content-type: application/json; charset=UTF-8], [date: Fri, 27 Mar 2026 12:09:16 GMT], [set-cookie: acw_tc=76b20f9c17746133563592883ec4c789666a4179493f0ded7557edc148ae40;path=/;HttpOnly;Max-Age=1800], [strict-transport-security: max-age=31536000; includeSubDomains], [vary: [Accept-Encoding, Origin, Access-Control-Request-Method, Access-Control-Request-Headers, Origin, Access-Control-Request-Method, Access-Control-Request-Headers]], [x-log-id: 20260327200916214fe11f4611442a]
- body: {"data":[{"embedding":[-0.01192768,-0.014692507,-0.013923945,0.00034466753,-0.0011684386,0.012257064,-0.026550317,0.001181539,-0.02724901,0.03387661,-0.007875264,0.0022171012,0.01199755,0.0130555695,-0.007366216,-0.0224979,-0.022457976,-0.00777545,-0.0053250357,0.036571566,0.032359447,0.0034535376,0.029105537,0.06412002,-0.0027149196,-0.02678987,-0.010570221,0.0412029,0.012087381,-0.0011971348,0.028267104,0.055615928,0.013684393,-0.011468539,-0.0034535376,0.06923045,0.02551226,-0.012017512,-0.006063653,0.006497841,-0.025931476,0.015990078,0.012486634,-0.016049966,0.01637935,-0.03872753,-0.016239611,-0.0064030183,0.01381415,-0.03571317,-0.03329769,-0.02136003,0.03848798,0.016938305,0.007615749,0.0024479192,-0.008848443,0.04575438,-0.0015071797,0.00581412,-0.019763019,-0.012506597,0.013634486,0.018076174,0.032359447,0.004341875,-0.024114875,-0.034315787,-0.020541562,0.007186552,-0.0054298392,0.047071915,0.03277866,0.0054398207,0.00095446396,0.013554635,0.03479489,0.0060436907,0.03397642,-0.021340067,0.004521539,0.030223444,0.0135446545,0.016030004,-0.0032364437,-0.0239951,-0.013574598,-0.0070767575,-0.0021372507,0.008938274,-0.003653164,-0.029704416,-0.029504789,-0.01750724,0.035673246,-0.01162824,-0.020621412,-0.0066775046,0.01691834,0.009846575,-0.015151647,-0.0067423834,-0.028366918,-0.005764214,-0.034994517,-0.005160344,0.02407495,0.02301693,0.003880239,-0.008718685,-0.032119896,-0.011777961,-0.020561524,0.014173478,0.006922047,0.019373747,0.011967606,-0.026809832,0.0039201644,0.031201614,0.0063980278,-0.015910229,0.019653223,0.020282047,-0.014582712,0.037090592,0.007860292,-0.01275613,0.04603386,0.009976332,-0.002004998,-0.031880345,-0.010660052,0.026430542,-0.019812925,0.026071213,0.015870303,0.02377551,-0.0060736346,0.008733657,-0.0052202316,0.013225252,0.01917412,0.01434316,-0.00076731417,-0.072544254,-0.00091079564,0.03162083,-0.0048808665,-0.030383145,-0.0058540455,0.025352558,-0.009861547,0.012616391,-0.0084142545,0.0016668808,-0.004840941,0.014243347,-0.020841,0.033996385,-0.07681625,0.006008756,-0.0003895835,0.0024104894,0.0040574074,0.015281404,0.0076357117,-0.0243145,0.010919566,0.012516579,0.0075309076,-0.015540919,-0.01758709,-0.013624505,-0.007216496,0.013854075,0.0067673367,-0.013894001,0.0091478815,-0.014592693,-0.02529267,-0.0021759283,0.026989495,0.00471867,0.01834567,0.0028022563,0.019224027,-0.015341292,0.005599522,0.020721225,-0.01917412,0.0050680162,-0.011179081,-0.031361315,-0.003653164,-0.006053672,0.014672544,-0.005175316,0.00065502425,0.0027224056,-0.0378891,0.0111092115,0.010580202,-0.03479489,0.0046013896,0.0070967204,-0.004823474,-0.014922077,-0.0055346433,0.034136124,-0.021839133,-0.0052551664,-0.0020598953,-0.015920209,0.02106059,0.012257064,0.024713755,0.0063581024,0.023316368,-0.021679433,-0.0037978932,0.0019600822,-0.007825357,0.019942682,-0.033856645,0.031760566,0.011468539,0.034475487,-0.13989821,0.040404394,0.025412446,-0.05669391,-0.023715623,0.01698821,0.0060935975,-0.020262085,-0.032359447,-0.052501757,0.0026076206,0.02076115,-0.038228463,0.0044416883,-0.027668227,0.039046932,0.02686972,0.002278237,-0.0021983862,-0.0017018155,0.037310183,0.0033312663,0.031501055,-0.045874156,-0.0005159096,-0.027648263,-0.025093045,0.010560239,-0.016259573,0.024194725,-0.025711887,-0.012825999,0.006882122,0.018545296,-0.007900217,-0.022457976,0.012257064,0.029105537,0.0059388867,0.0050305864,0.0051303995,0.005779186,0.009517191,0.0035209116,0.03427586,0.010989436,0.006467897,0.04771072,-0.010540277,-0.020661337,-0.0034360702,0.020012552,-0.0042320807,-0.019972626,-0.018854719,-0.0344156,0.0077105714,0.031281464,-0.010155995,0.008314442,-0.008019992,-0.008489114,0.020242121,0.00641799,0.0057043256,0.021699395,-0.004806007,0.0132951215,-0.009033097,0.004429212,-0.011767979,-0.006602645,-0.023735585,-0.0150019275,0.016618902,-0.0033312663,-0.016119836,-0.003306313,-0.019253971,-0.019074308,-0.014393067,-0.0007585805,-0.0068970937,0.062243525,-0.01131882,-0.041602153,-0.015421143,-0.0021110496,-0.04579431,-0.03178053,-0.024554053,-0.013444841,0.028726246,-0.017986342,0.010919566,-0.0055346433,0.04822975,-0.004641315,0.0017829137,-0.013325065,-0.0052950913,-0.007261412,0.009267658,-0.012616391,0.015990078,-0.0073113185,-0.0065776915,0.029205348,-0.027288936,-0.005918924,-0.028127367,-0.010480388,0.022358162,-0.018435502,0.002117288,0.003902697,-0.0028172282,0.0027199103,0.017776735,0.011059306,-0.009986313,-0.0013661935,-0.00033749346,-0.015211536,0.037988912,-0.04010495,0.0019837879,-0.010230855,-0.004107314,-0.008239581,0.0027124244,-0.008968218,0.040184803,0.0035483602,-0.0063081956,0.014842226,-0.0075159357,-0.013574598,-0.005073007,0.016209668,-0.037849173,-0.011288876,0.028726246,-0.0033936496,-0.008489114,-0.064958446,0.005364961,-0.020721225,-0.01494204,-0.0063081956,-0.004129772,0.007451057,0.0047885394,-0.009083004,-0.014892133,-0.016289517,-0.051144294,0.0051353904,-0.019383729,0.011668166,0.0051054466,0.007201524,0.004801016,-0.032599,-0.036591526,-0.018146044,0.011528428,-0.008244572,0.031441167,-0.0005595779,-0.14237358,0.017597072,-0.025472336,0.013215271,0.007066776,-0.0029320135,0.056254733,0.024853492,0.005819111,-0.030962061,-0.014393067,0.0057093166,0.018136064,-0.021340067,-0.021619543,-0.006203392,0.017107986,0.02060145,0.016049966,0.03539377,-0.018136064,-0.00245291,0.0036731267,0.018575242,-0.023156667,0.058450624,0.0046463055,0.007366216,0.016099872,-0.006552738,-0.023216555,0.015960135,0.010215883,-0.019124214,0.0042620245,-0.0146426,-0.00017638868,0.03723033,-0.008918311,0.023715623,-0.0009887747,0.033657018,-0.009691864,-0.01229699,-0.0077255433,-0.019104252,-0.015830377,-0.004671259,0.027788002,0.005684363,0.018535316,-0.009068032,-0.02672998,-0.00024423047,-0.0050455583,0.01426331,0.03229956,0.00025046882,-0.01621965,-0.03956596,0.002762331,-0.0027448637,0.0025951439,0.01909427,0.13854076,-0.002769817,-0.004321913,-0.004663773,-0.029025685,0.015141666,-0.01909427,-0.01260641,0.004596399,-0.035333883,-0.0012401793,0.0038702576,0.009487247,-0.0035907808,-0.0010343145,0.019772999,0.009926425,0.020132327,-0.04719169,-0.0054298392,-0.006318177,-0.041642077,-0.0022969518,-0.054977123,0.019303877,-0.043039463,-0.012117325,-0.0086587975,0.0079401415,-0.002109802,-0.028586507,-0.02974434,-0.008973209,-0.007975076,0.008289488,-0.0020748675,0.036771193,0.007286365,0.028806096,0.011977587,0.015790451,-0.017876549,-0.012466672,0.008858424,-0.013584579,-0.017646978,-0.010205902,-0.019872813,0.038068764,-0.0123169515,-0.021320105,-0.024114875,0.012007531,0.013414897,0.013704356,-0.008254553,-0.0003705566,-0.0058989613,-0.025192857,-0.02567196,0.013454823,-0.0047161747,-0.012955757,0.033277728,0.030223444,-0.009367471,-0.019194083,0.023416182,-0.021918984,0.025771774,0.033557206,0.017267687,-0.022837266,0.001830325,0.0008315689,0.011917699,0.0009856556,-0.030582773,0.04575438,-0.0074610384,-0.0038053792,0.025651999,-0.013864057,0.004628838,0.018784849,-0.039366335,0.007131655,-0.016568996,0.0015296376,0.01691834,-0.012626373,-0.013325065,0.024613941,0.02822718,-0.004469137,-0.028107405,-0.013384953,-0.03990533,0.0181161,0.028147329,-0.0089133205,0.01502189,0.012696242,-0.0028371909,-0.0022595217,0.0028346956,0.03846802,0.048868556,0.00973678,-0.010510333,0.00004756724,-0.037390035,0.013564617,-0.012247083,0.010650071,0.006148495,0.011049324,-0.0066924766,0.0162995,-0.04455662,-0.0056943446,-0.004840941,0.021978872,0.0130555695,-0.004174688,-0.001189025,-0.040045064,0.024973268,0.004249548,0.032040045,0.011029361,0.024793604,-0.015640732,0.00060387,-0.035533506,0.032958325,-0.028586507,-0.0033462383,-0.008823489,0.009861547,-0.005315054,-0.029345088,-0.0023468584,-0.02724901,-0.018106118,0.015640732,-0.022977004,0.0014734927,0.011967606,0.011947643,0.010939529,-0.011488502,0.027129235,-0.004219604,-0.05206258,-0.0066775046,0.008479133,0.05254168,-0.0019039372,0.011957624,-0.01131882,0.04914803,0.014293253,-0.00989149,-0.011568353,0.016429257,-0.0028596488,-0.012945775,-0.0017991334,-0.023695659,0.018774867,-0.03780925,0.03164079,-0.041083124,0.006672514,0.0065577286,-0.0013898992,-0.04076372,-0.017417407,-0.010500351,-0.03651168,0.026610205,-0.00905805,0.0035907808,-0.017547164,0.016449219,-0.015780471,0.014363123,0.009946388,-0.014243347,0.013275159,0.018096138,0.012845962,0.034535374,-0.015341292,0.042959612,-0.009342518,0.01252656,0.0042695105,-0.001449787,0.025552185,0.012087381,0.012037475,-0.009292611,-0.0258117,0.009112948,0.007645693,-0.043358866,-0.011897736,0.034615226,-0.019643242,0.03750981,0.0065627196,-0.0073213,-0.007990048,0.026091177,-0.02385536,-0.004237071,0.008798536,-0.0057692043,0.0065277847,0.03389657,-0.029025685,0.025592111,0.022298275,-0.011438595,-0.0039750617,-0.005629466,-0.008289488,0.010131042,0.017088024,0.0014859694,0.029943967,0.0827252,-0.010510333,0.024015062,0.0016207172,-0.03383668,0.029005723,-0.016409295,0.041322675,-0.05661406,-0.016838491,0.022537826,-0.024294538,-0.010949511,-0.025572147,0.003041808,0.0019812924,-0.003208995,-0.011777961,-0.005864027,0.01622963,0.01803625,0.017347539,0.006168457,0.037250295,0.03207997,-0.04068387,0.0053200447,-0.031221576,0.0027099291,-0.091349065,0.029464863,0.008249563,-0.033776794,0.0073262905,-0.030682584,-0.004349361,-0.003276369,0.0032663879,0.0045015765,-0.015371236,0.025871588,0.015031871,0.0011079268,-0.0038153604,-0.010699977,0.0058241016,-0.05238198,-0.0004975065,-0.019912738,-0.0088933585,0.010580202,-0.013634486,-0.02529267,0.012945775,-0.020371879,0.021340067,-0.016948285,-0.011458558,0.016099872,-0.015650714,-0.0081796935,0.023076817,0.021938946,-0.0023431154,-0.006213373,-0.052940935,0.017706865,-0.016618902,-0.040344507,0.021160403,0.019583354,0.026131103,-0.012716205,-0.016049966,-0.022358162,-0.009776705,0.017936436,0.045954008,0.007451057,-0.007675637,0.0026076206,-0.024793604,0.02136003,0.01139867,0.011718072,0.0128060365,0.008509077,0.026011325,-0.020581488,-0.011767979,0.002363078,0.049746912,0.015970116,-0.035673246,0.000764195,0.02076115,0.03463519,-0.0074909823,0.0077455062,-0.03277866,0.028287068,-0.009003153,0.0329184,0.040364467,0.016618902,-0.02822718,0.0021597086,-0.011059306,0.011468539,0.018704997,0.041761853,-0.006732402,-0.032179784,0.0048733805,0.021539694,-0.010430482,0.008244572,0.023595845,0.027867852,0.0033786776,-0.014652581,0.013474785,0.021978872,0.0020311992,0.006627598,-0.008878387,0.0063381395,0.012736168,-0.02423465,0.034774926,-0.02181917,0.005240194,-0.012686261,-0.0073462534,-0.03894712,-0.003500949,0.05729279,0.023196593,-0.0049657077,-0.02589155,-0.008039955,0.008953246,0.019413672,0.010889622,-0.007600777,0.03134135,0.01992272,0.005948868,0.020960776,-0.022577751,0.03848798,0.0073961597,0.000015654301,-0.025871588,-0.01350473,-0.02988408,-0.006303205,-0.0022981996,-0.006333149,0.034814853,-0.012247083,0.018585222,0.014093627,0.0025901531,0.023456108,-0.030023817,-0.01879483,-0.010560239,0.0022732462,-0.033477355,0.016588958,-0.021040628,-0.002091087,0.0071965335,-0.024094911,-0.018655092,-0.04092342,0.033337615,0.032279596,0.006497841,0.027648263,0.0330781,0.018106118,-0.0079401415,-0.0031216585,0.04062398,0.0013063055,-0.0022507883,0.050745044,-0.033337615,-0.003880239,-0.012436728,-0.03034322,0.0056494283,-0.0152614415,0.021499768,-0.010430482,-0.025272708,-0.017237743,0.003937632,-0.03383668,0.001766694,-0.0018702503,-0.007905208,-0.02181917,-0.0173675,-0.01825584,-0.003955099,-0.025791736,-0.010160986,0.02157962,-0.0023343817,0.00007267651,-0.0049033244,0.015421143,-0.023496034,-0.0031565933,0.009247695,0.03842809,-0.031600866,-0.013384953,-0.0071466267,-0.009726799,0.012376839,0.009517191,-0.02784789,0.022318237,-0.016718715,-0.017756773,0.004556474,-0.022238387,-0.032499187,-0.0132951215,-0.015231498,-0.021140441,0.00042638963,-0.020122346,-0.008928292,0.0206813,0.00066812476,0.017357519,-0.0029719388,0.017926455,-0.00046194808,0.020581488,-0.016628884,-0.02143988,-0.027728114,0.0059738215,0.016489144,-0.019214045,-0.050226014,-0.035952725,0.021839133,-0.024653867,-0.001263885,0.020292029,0.008269525,0.0077005904,-0.016289517,0.0068571684,0.042400658,0.012287008,-0.034515414,-0.015141666,-0.029045649,0.017766753,-0.036292087,0.016319461,-0.018515352,-0.0008658797,-0.031960193,-0.020172253,-0.0033986403,0.118578106,0.0329184,-0.009856556,0.010006276,-0.017646978,0.009651938,0.0073462534,0.027807964,-0.030802362,-0.019842869,-0.011568353,0.006028719,0.03455534,-0.019892776,0.00046693874,0.007705581,-0.010989436,0.015830377,-0.017676922,0.020741187,-0.014712469,-0.024953306,-0.000062344276,-0.0071067014,-0.015181592,0.017197818,0.026550317,-0.0049407547,-0.010240837,-0.01396387,0.022078685,-0.02008242,0.026690057,-0.0012913336,0.0036282106,-0.046393186,-0.0009444826,0.008484124,-0.02784789,-0.019104252,0.03501448,0.0007953866,-0.05246183,0.0064429436,-0.02339622,-0.02996393,-0.008129787,-0.033477355,-0.05349989,-0.037929025,0.00035496076,-0.005125409,0.08623862,-0.011238969,0.018615166,-0.011009399,-0.013724319,0.012945775,-0.01638933,0.0044466793,0.002359335,-0.017577108,0.0076357117,-0.012626373,-0.030962061,-0.0024778633,-0.004454165,0.013824131,0.025931476,0.008209637,-0.0061085694,-0.0155509,0.022537826,-0.003593276,0.0016706238,-0.016559014,-0.010160986,-0.009053059,0.04331894,0.001494703,0.00009006584,0.05126407,0.010185939,-0.047910348,-0.032359447,-0.015221517,0.016339425,0.022597713,-0.0053100637,-0.0049083154,0.022238387,0.0022345686,-0.022837266,-0.009407396,0.0045814267,0.0241548,-0.010175958,-0.000760452,0.01169811,0.0046438104,-0.036791153,-0.049227882,0.006318177,-0.0058041387,-0.022977004,0.014133552,0.011189062,0.021639507,0.0130555695,0.009122929,0.035912797,-0.02914546,-0.0051503624,0.021938946,-0.0047511095,0.0024479192,-0.027149197,0.010410519,0.0005979436,-0.026390616,-0.00373551,0.04763087,-0.026510391,0.008883377,-0.07142634,0.007441076,0.0038103699,0.018195951,0.036771193,0.021419918,-0.021160403,0.019493522,0.02665013,0.018006306,0.0020736197,-0.0027199103,-0.02469379,-0.005175316,-0.028287068,0.026330728,0.0028421816,0.022577751,0.00024251494,0.016109854,0.023715623,-0.0022570265,0.0037030706,-0.02173932,-0.009976332,0.02700946,-0.032119896,-0.024194725,-0.033996385,0.02724901,-0.012786074,-0.03593276,0.008618872,0.030423071,0.022617677,0.009043078,-0.016588958,-0.005774195,0.010660052,-0.005464774,-0.018984474,0.0035982667,0.00026965167,0.008509077,0.00038677623,0.010829735,0.008204647,-0.026330728,0.02483353,0.003955099,0.062523,-0.0024466717,-0.005699335,0.03609246,-0.027508525,-0.01585034,-0.024214689,0.0076107583,-0.011738035,-0.008838461,-0.013973852,-0.0378891,-0.00051653344,-0.034854777,0.013404916,-0.012935794,0.0,0.0073163095,-0.0040424354,-0.018914606,-0.032219708,-0.0065727006,-0.03253911,-0.0007585805,-0.04066391,-0.0018952036,-0.010280762,0.0019488531,-0.0016269556,0.01139867,0.038547866,0.021839133,-0.0021010684,-0.022198461,-0.0048359507,-0.01139867,0.018475428,0.009567098,0.015510975,-0.007705581,0.020880926,0.010016257,-0.01229699,-0.018195951,0.02491338,0.013844094,-0.0113487635,-0.018175988,0.009821621,0.010699977,-0.030562809,-0.006752365,-0.012736168,-0.008633844,0.01570062,-0.028386882,0.029644527,-0.00050093763,-0.021779245,-0.018285783,0.0029719388,0.012057438,-0.045874156,0.00981164,-0.02060145,0.0011422376,0.031501055,0.033617094,0.004761091,0.0033212851,0.015570863,-0.030602735,-0.000055287168,0.023456108,-0.027528487,0.003925155,0.0065078223,-0.024334464,-0.001054901,-0.019992588,-0.009202779,0.012356877,-0.04188163,0.028027553,0.0327587,0.014452955,0.006617617,-0.011718072,0.013185327,0.012097362,-0.03870757,0.02361581,-0.012346895,0.0172078,0.027668227,-0.0039750617,0.006752365,0.035812985,0.030762436,0.008284498,-0.017906493,-0.012396802,0.018675053,-0.040803645,0.012037475,-0.03403631,0.031800494,0.012466672,-0.010450444,0.01343486,0.010155995,-0.010480388,0.0017517221,-0.0011547143,-0.02589155,0.009297602,-0.01350473,0.017187838,0.0074111316,0.021998834,-0.0111092115,0.00550969,0.021859096,0.01517161,0.010500351,-0.0021260218,0.008703713,0.0062233545,0.026230915,0.019184101,0.0019401195,-0.0224979,-0.02852662,0.017197818,0.036551602,0.005225222,0.01637935,0.0057392605,-0.011777961,-0.005744251,0.01818597,0.00085714605,0.002572686,-0.0013886514,-0.011688128,-0.011358744,-0.03118165,0.0046463055,0.007590796,0.00004823006,-0.017676922,0.009971341,0.0066974675,0.004384296,0.012137288,0.015820395,-0.019972626,0.031660754,0.013624505,0.017217781,0.010220874,0.013604542,0.0019001942,-0.012875906,0.02694957,-0.01879483,-0.023196593,-0.030902173,-0.0033537243,0.005479746,0.03585291,-0.023535958,0.0067124395,-0.0010287,-0.004875876,-0.009172835,0.0065178033,0.013874038,0.0056544193,0.032798626,0.0063081956,0.0050979606,-0.033018213,-0.019882794,0.008424236,-0.033537243,0.0032963317,-0.03737007,0.011678147,-0.035333883,-0.005679372,0.019144176,0.013454823,0.027408712,-0.008583937,-0.03479489,0.016239611,-0.01772683,-0.0016668808,0.03796895,-0.00671743,0.019383729,0.0016444229,-0.021699395,0.001517161,0.018505372,-0.04038443,0.028806096,0.015381218,0.02784789,-0.00083780725,0.037310183,-0.0015071797,0.025731849,0.014852208,-0.031001987,-0.020022532,-0.025651999,-0.0037529771,0.02098074,-0.026849758,-0.000630071,-0.009592051,0.028726246,0.015960135,0.015990078,0.035513546,0.031421203,-0.014592693,0.031680718,-0.017157894,-0.013374972,0.0004432331,-0.0063431305,0.0011884012,-0.0162995,-0.024114875,0.025093045,-0.042400658,0.006966963,-0.040863533,0.026330728,-0.009107957,0.016788585,-0.006627598,-0.0132951215,-0.026450504,0.015281404,-0.0049582217,-0.015221517,0.009043078,-0.019513486,0.034974553,-0.010380575,-0.015530937,0.013744281,-0.007306328,0.0011622002,-0.037409995,0.010799791,-0.0009482256,-0.01260641,-0.0362322,0.020282047,-0.03758966,0.009557116,0.03541373,-0.004998147,-0.029784266,-0.043039463,-0.065996505,0.001867755,-0.0023268957,0.00024797348,-0.001562077,-0.013225252,-0.018695017,-0.012576466,0.06356106,0.020032514,-0.010165977,0.024633903,0.011059306,0.022318237,-0.0075009638,0.021639507,0.013993814,0.0026076206,0.029245274,-0.0064778784,0.0003805379,-0.023236519,-0.01901442,-0.016948285,0.010270781,0.016888397,0.03245926,0.014552768,0.020880926,-0.0330781,-0.022298275,-0.03178053,0.0030817334,0.047351394,0.017417407,0.020302009,0.003645678,0.007585805,-0.0011840344,-0.019144176,0.0022520358,-0.0059289057,0.008010011,-0.01690836,-0.03178053,-0.036771193,0.00095446396,0.0017292642,-0.005714307,-0.02784789,-0.0040648934,0.010200911,-0.015940173,0.02860647,0.0067373924,0.004845932,-0.008154741,-0.0012539036,0.00792517,-0.0046687634,0.0017242734,0.036731265,-0.016958266,0.008389302,-0.018485408,-0.006552738,-0.001520904,-0.00298192,0.01765696,-0.047431245,0.0028496676,0.0028796114,-0.0031990139,-0.0020549048,0.02966449,0.009362481,-0.025033157,-0.012995682,-0.013325065,0.00035464886,0.03215982,-0.006617617,-0.0036706312,0.01404372,0.026171027,0.014852208,-0.016978228,-0.01154839,0.031141726,0.03956596,0.014432992,0.023136705,0.009397415,-0.03503444,-0.017636996,-0.013574598,-0.02792774,0.0076806275,-0.006687486,-0.0051902877,-0.005025596,-0.004461651,-0.025831662,0.006143504,0.036711305,-0.016049966,0.004768577,-0.015820395,-0.0055196714,-0.022378124,-0.008504087,0.009851566,-0.017746791,-0.031800494,0.06763344,0.0015733059,-0.024414314,-0.04723162,0.0412029,0.023815434,-0.015351274,0.036711305,-0.0049332688,-0.012047456,0.0017829137,0.0043518567,-0.0011253941,0.006971954,0.009946388,-0.014183459,-0.008039955,-0.03541373,-0.01350473,-0.00042670153,0.04890848,0.023036892,0.01547105,-0.012137288,0.015580844,-0.0397057,0.019433634,0.00093886815,-0.01917412,0.0012376839,-0.004648801,-0.013714337,0.021859096,0.029025685,-0.028326992,-0.0071665896,0.0017142921,0.0065627196,0.03812865,0.024953306,0.0019039372,-0.021519732,-0.031760566,-0.0037978932,-0.00550969,0.027129235,-0.0055546057,-0.04363834,0.0010174711,-0.00035028203,0.009706836,-0.0049706986,0.08807519,0.0103705935,-0.01924399,0.019763019,0.014702488,0.009048069,0.007026851,-0.035114292,0.010779828,0.029704416,-0.0128060365,-0.025971401,0.0038502952,0.0018066193,0.019703131,-0.0025776764,-0.03026337,0.027867852,0.029225312,-0.035753097,-0.0108397165,0.021300143,-0.003351229,-0.017986342,0.014063683,-0.0516234,0.029005723,0.03509433,0.009028106,0.0146426,-0.012786074,-0.000305678,-0.0056394474,0.007036832,0.014692507,0.026769906,0.0075309076,-0.009272648,0.010999417,-0.008509077,0.021140441,0.021918984,-0.029345088,-0.010739903,-0.022378124,0.017177856,-0.021320105,0.0023917744,-0.007640702,-0.025791736,0.020431766,0.0037479866,-0.005993784,0.002106059,0.0011147889,0.009552126,-0.04220103,0.023835398,0.023575883,-0.0071516177,0.022378124,0.007855301,-0.008209637,0.025013193,-0.0060337093,0.020481674,0.010520314,0.0009856556,0.04906818,-0.013574598,0.009856556,0.021859096,-0.020202197,-0.013644468,0.029225312,-0.0057242885,0.034575302,0.017646978,0.0020386851,0.04062398,-0.033417467,0.0007473515,0.0061634667,0.005759223,-0.0063431305,-0.007805394,-0.023116743,-0.0005233956,0.007960104,0.027488561,-0.027408712,0.0055346433,0.019743055,0.017996324,0.023815434,-0.00026263355,0.013035607,-0.006333149,0.007810385,-0.011817886,0.0038677624,-0.00036275867,0.031141726,0.013514711,0.023316368,0.041562226,-0.02423465,-0.015940173,0.008254553,0.02619099,0.026590243,0.026390616,0.024554053,-0.02694957,-0.024673829,-0.008404274,-0.005125409,0.037070632,0.02143988,0.032938365,-0.0022245871,0.027668227,-0.019513486,-0.027408712,-0.06376069,-0.0028596488,0.0111691,-0.010899604,0.01705808,0.05034579,-0.023815434,-0.033337615,0.004309436,0.025252746,0.028566545,-0.00040268397,-0.017636996,-0.011258932,-0.011159118,-0.02076115,-0.029924005,0.012616391,-0.044636473,-0.016109854,0.029305162,-0.008119806,-0.019074308,-0.027268972,-0.009686873,-0.020421786,-0.028466731,-0.019313859,0.017457332,0.016129818,-0.03381672,-0.05254168,0.011638222,0.0362322,-0.02543241,0.009991304,-0.0067573553,-0.003500949,0.017686903,0.048788704,0.0068272245,-0.032139856,0.0032663879,0.014053702,0.028706282,0.026510391,-0.031041913,0.0084192455,0.009911453,0.013225252,-0.018056212,0.0011260179,-0.0027648264,0.012875906,-0.039885364,-0.004748614,-0.0050904746,-0.0026700038,-0.021240255,0.034974553,0.0070917294,0.016728695,0.0036057527,-0.0067723272,0.0030942098,0.00747102,-0.0034210982,-0.026690057,0.0028197237,-0.0060586627,-0.0147523945,0.01923401,-0.008319432,-0.004499081,-0.003917669,-0.006657542,-0.0019426149,0.015421143,-0.0199327,-0.0048808665,-0.008489114,0.0018777363,0.00056456856,0.03134135,-0.008763601,0.005849055,-0.01796638,0.026111139,0.021240255,0.019573374,0.0030368173,0.026710019,-0.021938946,-0.011219006,0.01954343,-0.017028136,0.038388167,-0.016808547,-0.024114875,-0.021160403,-0.010001285,0.031840418,0.018026268,-0.019124214,0.0241548,-0.03653164,0.06635583,-0.029564677,0.026051251,0.017167874,-0.022757415,0.015101741,-0.02521282,-0.036711305,-0.012187195,-0.00016859078,-0.009537154,-0.018754905,-0.0023156668,0.020351917,-0.0048209787,0.015610788,0.0025452373,0.011638222,0.006243317,-0.018814793,-0.029265238,0.009102966,-0.018834755,-0.009856556,-0.023515996,-0.00845917,0.00220712,0.02361581,-0.002385536,0.014313216,-0.0064728875,-0.026470467,0.012596428,0.030602735,-0.02483353,-0.02665013,-0.03796895,-0.0071915425,0.012726186,0.042680133,0.026710019,-0.028626433,-0.031081839,-0.0019064326,0.0029919015,-0.0063081956,0.015520956,0.020701263,-0.0006154109,0.012466672,0.014133552,0.00033406238,-0.008544012,0.024294538,0.02543241,-0.015520956,-0.0051803063,0.0038078744,0.010016257,0.0078004035,0.004272006,-0.017187838,0.01199755,0.009522182,-0.021260217,0.0035383787,0.024174763,-0.023595845,-0.00800502,0.005774195,-0.0077704596,-0.006452925,0.037988912,0.014792319,-0.015191573,0.019723093,0.010689996,-0.021639507,0.036112424,0.04874878,-0.025552185,0.0060886065,0.0054248488,0.01381415,0.008209637,0.013724319,0.026889682,-0.019204063,-0.012306971,-0.034515414,0.012107344,0.020122346,-0.0003973814,0.013404916,-0.01607991,-0.01954343,0.007056795,-0.0019338812,-0.02890591,0.00019104875,0.030203482,-0.018485408,-0.03283855,-0.03577306,-0.0028446768,0.026111139,-0.008873396,0.008958237,0.035493582,-0.0048434366,0.022457976,0.014672544,0.009726799,-0.0190244,-0.01825584,-0.012895868,0.011268913,-0.00558455,-0.036292087,-0.015780471,0.0011740531,-0.037869137,0.012257064,-0.024633903,0.0046887263,-0.029325126,0.0011484759,0.01601004,-0.03631205,-0.01381415,-0.021859096,0.0027573402,-0.004801016,-0.002762331,-0.0036182294,-0.011857811,0.017317595,0.0048509226,0.022917116,0.016020022,-0.0066375793,0.008988181,0.050984595,-0.0046612774,-0.01804623,-0.011258932,0.0330781,-0.030742472,-0.015391199,0.033856645,0.009537154,-0.00016204052,0.01577049,-0.011119193,0.0069619725,-0.0034360702,0.04082361,-0.0023768025,0.022677565,0.032958325,-0.0053499886,0.018315727,0.008124797,-0.029245274,-0.014073664,-0.005599522,-0.022378124,-0.016129818,0.029624565,-0.016628884,0.029385014,0.019054344,0.004998147,-0.009716817,0.022378124,0.015730564,0.022677565,0.00671743,0.0011578334,-0.002839686,0.03956596,0.025192857,-0.0014971984,0.042400658,0.054298393,-0.012057438,-0.00090642885,0.008988181,-0.025851624,-0.017417407,-0.0007323795,-0.015790451,-0.0074959733,0.010829735,-0.015570863,-0.00800502,0.030822324,0.004833455,-0.00053212926,-0.013764244,-0.012326933,-0.00092514383,-0.004092342,-0.0040648934,-0.0026325737,0.0020823535,-0.022977004,0.019204063,0.0066775046,-0.009557116,-0.035154216,-0.01895453,-0.0046687634,-0.030682584,-0.036930893,-0.015530937,0.007426104,0.027069347,0.0057093166,0.009676892,-0.010500351,-0.007615749,-0.021879058,-0.025352558,-0.017796697,0.02521282,0.01532133,0.025731849,-0.011378707,0.006922047,0.008224609,-0.0016369369,-0.0036257154,0.0449958,0.022238387,-0.0016905864,0.0037180425,-0.05976816,-0.0342559],"index":0,"object":"embedding"}],"model":"embedding-3","object":"list","usage":{"completion_tokens":0,"prompt_tokens":108,"total_tokens":108}}

2026-03-27 20:09:16.458 [tomcat-handler-17] DEBUG c.a.rag.gateway.cache.EmbeddingCache - Cached embedding for textHash: 6673760409a16079183c7943f376624cccc7343113b8ac17f41cca28650782f8, vector dimension: 2048
2026-03-27 20:09:16.458 [tomcat-handler-17] DEBUG c.a.rag.gateway.EmbeddingGateway - Embedding 已缓存：textHash=66737604
2026-03-27 20:09:16.463 [tomcat-handler-17] DEBUG c.a.r.service.impl.VectorServiceImpl - 向量已写入 Redis: chunkId=3, vectorSize=8192 bytes
2026-03-27 20:09:16.463 [tomcat-handler-17] DEBUG c.a.r.service.impl.VectorServiceImpl - 切片向量化成功: chunkId=3
2026-03-27 20:09:16.463 [tomcat-handler-17] DEBUG org.mybatis.spring.SqlSessionUtils - Fetched SqlSession [org.apache.ibatis.session.defaults.DefaultSqlSession@4473aae9] from current transaction
2026-03-27 20:09:16.464 [tomcat-handler-17] DEBUG c.a.r.m.C.batchUpdateVectorized - ==>  Preparing: UPDATE resource_chunks SET vectorized = ? WHERE id IN ( ? , ? , ? )
2026-03-27 20:09:16.464 [tomcat-handler-17] DEBUG c.a.r.m.C.batchUpdateVectorized - ==> Parameters: true(Boolean), 1(Long), 2(Long), 3(Long)
2026-03-27 20:09:16.468 [tomcat-handler-17] DEBUG c.a.r.m.C.batchUpdateVectorized - <==    Updates: 3
2026-03-27 20:09:16.468 [tomcat-handler-17] DEBUG org.mybatis.spring.SqlSessionUtils - Releasing transactional SqlSession [org.apache.ibatis.session.defaults.DefaultSqlSession@4473aae9]
2026-03-27 20:09:16.468 [tomcat-handler-17] INFO  c.a.r.service.impl.VectorServiceImpl - 批量更新向量化状态: 3 个切片
2026-03-27 20:09:16.468 [tomcat-handler-17] DEBUG org.mybatis.spring.SqlSessionUtils - Fetched SqlSession [org.apache.ibatis.session.defaults.DefaultSqlSession@4473aae9] from current transaction
2026-03-27 20:09:16.468 [tomcat-handler-17] DEBUG c.a.r.m.ChunkMapper.findByResourceId - ==>  Preparing: SELECT id, resource_id, chunk_index, chunk_text, location_info, page_start, page_end, chapter_path, text_hash, vectorized, created_at FROM resource_chunks WHERE resource_id = ? ORDER BY chunk_index ASC
2026-03-27 20:09:16.468 [tomcat-handler-17] DEBUG c.a.r.m.ChunkMapper.findByResourceId - ==> Parameters: 1(Long)
2026-03-27 20:09:16.470 [tomcat-handler-17] DEBUG c.a.r.m.ChunkMapper.findByResourceId - <==      Total: 3
2026-03-27 20:09:16.470 [tomcat-handler-17] DEBUG org.mybatis.spring.SqlSessionUtils - Releasing transactional SqlSession [org.apache.ibatis.session.defaults.DefaultSqlSession@4473aae9]
2026-03-27 20:09:16.470 [tomcat-handler-17] DEBUG org.mybatis.spring.SqlSessionUtils - Fetched SqlSession [org.apache.ibatis.session.defaults.DefaultSqlSession@4473aae9] from current transaction
2026-03-27 20:09:16.470 [tomcat-handler-17] DEBUG c.a.r.m.R.updateChunkStatus - ==>  Preparing: UPDATE resources SET chunk_count = ?, vectorized = ? WHERE id = ?
2026-03-27 20:09:16.471 [tomcat-handler-17] DEBUG c.a.r.m.R.updateChunkStatus - ==> Parameters: 3(Integer), true(Boolean), 1(Long)
2026-03-27 20:09:16.472 [tomcat-handler-17] DEBUG c.a.r.m.R.updateChunkStatus - <==    Updates: 1
2026-03-27 20:09:16.472 [tomcat-handler-17] DEBUG org.mybatis.spring.SqlSessionUtils - Releasing transactional SqlSession [org.apache.ibatis.session.defaults.DefaultSqlSession@4473aae9]
2026-03-27 20:09:16.472 [tomcat-handler-17] DEBUG c.a.r.s.impl.ResourceServiceImpl - 资源切片状态已更新: resourceId=1, chunkCount=3, vectorized=true
2026-03-27 20:09:16.472 [tomcat-handler-17] INFO  c.a.r.service.impl.VectorServiceImpl - 资源向量化完成: resourceId=1, chunkCount=3
2026-03-27 20:09:16.472 [tomcat-handler-17] INFO  c.a.r.s.impl.ProcessingServiceImpl - 向量化任务已触发: 资源ID=1
2026-03-27 20:09:16.480 [tomcat-handler-17] DEBUG c.a.r.s.impl.ProcessingServiceImpl - 已释放分布式锁: resource:upload:6651205576c54d5d0be305bb073d8f289a3559ca277a254181129ddb4f0ec751
2026-03-27 20:09:16.481 [tomcat-handler-17] DEBUG org.mybatis.spring.SqlSessionUtils - Transaction synchronization committing SqlSession [org.apache.ibatis.session.defaults.DefaultSqlSession@4473aae9]
2026-03-27 20:09:16.481 [tomcat-handler-17] DEBUG org.mybatis.spring.SqlSessionUtils - Transaction synchronization deregistering SqlSession [org.apache.ibatis.session.defaults.DefaultSqlSession@4473aae9]
2026-03-27 20:09:16.481 [tomcat-handler-17] DEBUG org.mybatis.spring.SqlSessionUtils - Transaction synchronization closing SqlSession [org.apache.ibatis.session.defaults.DefaultSqlSession@4473aae9]
2026-03-27 20:09:27.803 [tomcat-handler-19] DEBUG c.a.r.c.SecurityConfig$JwtAuthenticationFilter - Authenticated user: 2
2026-03-27 20:09:27.806 [tomcat-handler-19] INFO  c.a.r.controller.ResourceController - POST /api/resources - userId=2, title=测试PDF文档1, file=test1.pdf
2026-03-27 20:09:27.808 [tomcat-handler-19] INFO  c.a.r.s.impl.ProcessingServiceImpl - 开始处理资源上传: title=测试PDF文档1, file=test1.pdf
2026-03-27 20:09:27.808 [tomcat-handler-19] DEBUG c.a.r.s.impl.ProcessingServiceImpl - 文件内容哈希: 4904349206f4f17958ffad14e61eecb5ac0907a4d393ff96c7beb83b412a6e38
2026-03-27 20:09:27.809 [tomcat-handler-19] DEBUG org.mybatis.spring.SqlSessionUtils - Creating a new SqlSession
2026-03-27 20:09:27.809 [tomcat-handler-19] DEBUG org.mybatis.spring.SqlSessionUtils - Registering transaction synchronization for SqlSession [org.apache.ibatis.session.defaults.DefaultSqlSession@c4d8212]
2026-03-27 20:09:27.809 [tomcat-handler-19] DEBUG o.m.s.t.SpringManagedTransaction - JDBC Connection [HikariProxyConnection@711555491 wrapping com.mysql.cj.jdbc.ConnectionImpl@38968752] will be managed by Spring
2026-03-27 20:09:27.809 [tomcat-handler-19] DEBUG c.a.r.m.R.findByContentHash - ==>  Preparing: SELECT id, title, tags, file_type, file_path, file_size, description, content_hash, uploaded_by, upload_time, chunk_count, vectorized FROM resources WHERE content_hash = ?
2026-03-27 20:09:27.809 [tomcat-handler-19] DEBUG c.a.r.m.R.findByContentHash - ==> Parameters: 4904349206f4f17958ffad14e61eecb5ac0907a4d393ff96c7beb83b412a6e38(String)
2026-03-27 20:09:27.810 [tomcat-handler-19] DEBUG c.a.r.m.R.findByContentHash - <==      Total: 0
2026-03-27 20:09:27.810 [tomcat-handler-19] DEBUG org.mybatis.spring.SqlSessionUtils - Releasing transactional SqlSession [org.apache.ibatis.session.defaults.DefaultSqlSession@c4d8212]
2026-03-27 20:09:27.812 [tomcat-handler-19] DEBUG com.aetheris.rag.util.FileUtil - 文件已保存: /Users/ice/Projects/Aetheris/uploads/1774613367812_test1.pdf
2026-03-27 20:09:27.812 [tomcat-handler-19] DEBUG org.mybatis.spring.SqlSessionUtils - Fetched SqlSession [org.apache.ibatis.session.defaults.DefaultSqlSession@c4d8212] from current transaction
2026-03-27 20:09:27.813 [tomcat-handler-19] DEBUG c.a.rag.mapper.ResourceMapper.insert - ==>  Preparing: INSERT INTO resources ( title, tags, file_type, file_path, file_size, description, content_hash, uploaded_by, upload_time, chunk_count, vectorized ) VALUES ( ?, ?, ?, ?, ?, ?, ?, ?, ?, ?, ? )
2026-03-27 20:09:27.813 [tomcat-handler-19] DEBUG c.a.rag.mapper.ResourceMapper.insert - ==> Parameters: 测试PDF文档1(String), 测试,PDF(String), PDF(String), /Users/ice/Projects/Aetheris/uploads/1774613367812_test1.pdf(String), 2006(Long), null, 4904349206f4f17958ffad14e61eecb5ac0907a4d393ff96c7beb83b412a6e38(String), 2(Long), 2026-03-27 20:09:27.81295(Timestamp), 0(Integer), false(Boolean)
2026-03-27 20:09:27.817 [tomcat-handler-19] DEBUG c.a.rag.mapper.ResourceMapper.insert - <==    Updates: 1
2026-03-27 20:09:27.817 [tomcat-handler-19] DEBUG org.mybatis.spring.SqlSessionUtils - Releasing transactional SqlSession [org.apache.ibatis.session.defaults.DefaultSqlSession@c4d8212]
2026-03-27 20:09:27.817 [tomcat-handler-19] INFO  c.a.r.s.impl.ProcessingServiceImpl - 资源记录已创建: 2
2026-03-27 20:09:27.817 [tomcat-handler-19] DEBUG c.a.r.s.impl.DocumentServiceImpl - 开始处理文档: filePath=/Users/ice/Projects/Aetheris/uploads/1774613367812_test1.pdf, fileType=PDF, resourceId=2
2026-03-27 20:09:27.817 [tomcat-handler-19] INFO  com.aetheris.rag.util.PdfProcessor - 开始处理 PDF 文件: /Users/ice/Projects/Aetheris/uploads/1774613367812_test1.pdf
2026-03-27 20:09:33.733 [tomcat-handler-19] DEBUG com.aetheris.rag.util.PdfProcessor - PDF 总页数: 1
2026-03-27 20:09:33.809 [tomcat-handler-19] INFO  o.a.p.p.font.FileSystemFontProvider - 371 new font files found, font cache will be re-built
2026-03-27 20:09:33.809 [tomcat-handler-19] INFO  o.a.p.p.font.FileSystemFontProvider - Building on-disk font cache, this may take a while
2026-03-27 20:09:34.529 [tomcat-handler-19] WARN  o.a.p.p.font.FileSystemFontProvider - Could not load font file '/System/Library/Fonts/Supplemental/NISC18030.ttf': 'head' table is mandatory
2026-03-27 20:09:35.836 [tomcat-handler-19] INFO  o.a.p.p.font.FileSystemFontProvider - Finished building on-disk font cache, found 788 fonts
2026-03-27 20:09:35.870 [tomcat-handler-19] DEBUG com.aetheris.rag.util.PdfProcessor - 创建切片 0: 页 0-0, 长度 827
2026-03-27 20:09:35.870 [tomcat-handler-19] INFO  com.aetheris.rag.util.PdfProcessor - PDF 处理完成，共生成 1 个切片
2026-03-27 20:09:35.870 [tomcat-handler-19] DEBUG c.a.r.s.impl.DocumentServiceImpl - 文档处理完成: 共生成 1 个切片
2026-03-27 20:09:35.870 [tomcat-handler-19] DEBUG org.mybatis.spring.SqlSessionUtils - Fetched SqlSession [org.apache.ibatis.session.defaults.DefaultSqlSession@c4d8212] from current transaction
2026-03-27 20:09:35.870 [tomcat-handler-19] DEBUG c.a.r.mapper.ChunkMapper.batchInsert - ==>  Preparing: INSERT INTO resource_chunks ( resource_id, chunk_index, chunk_text, location_info, page_start, page_end, chapter_path, text_hash, vectorized, created_at ) VALUES (?, ?, ?, ?, ?, ?, ?, ?, ?, ?)
2026-03-27 20:09:35.871 [tomcat-handler-19] DEBUG c.a.r.mapper.ChunkMapper.batchInsert - ==> Parameters: 2(Long), 0(Integer), Computer Networks Basics
Chapter 1: Introduction to Computer Networks
Computer networks connect multiple computers for resource sharing.
Network Types: LAN, MAN, WAN
OSI Model: 7 layers - Physical, Data Link, Network, Transport,
Session, Presentation, Application
TCP/IP Protocol Stack: Application, Transport, Internet, Link
Chapter 2: Physical Layer
Transmission media: Twisted pair, Fiber optic, Wireless
Chapter 3: Data Link Layer
Ethernet is the most common LAN technology.
Frame structure and error detection.
Chapter 4: Network Layer
IP protocol provides connectionless, unreliable delivery.
Routing algorithms: Distance vector (RIP), Link state (OSPF)
Chapter 5: Transport Layer
TCP: Reliable, connection-oriented protocol
UDP: Unreliable, connectionless protocol
References: Kurose & Ross, Computer Networking, 8th ed.(String), 第0-0页(String), 0(Integer), 0(Integer), null, 2dd4bcb26ec28c945fe27bc45ce9f903881b48e8ff99b9f121933db6079e8334(String), false(Boolean), 2026-03-27 20:09:35.870453(Timestamp)
2026-03-27 20:09:35.875 [tomcat-handler-19] DEBUG c.a.r.mapper.ChunkMapper.batchInsert - <==    Updates: 1
2026-03-27 20:09:35.875 [tomcat-handler-19] DEBUG org.mybatis.spring.SqlSessionUtils - Releasing transactional SqlSession [org.apache.ibatis.session.defaults.DefaultSqlSession@c4d8212]
2026-03-27 20:09:35.875 [tomcat-handler-19] INFO  c.a.r.s.impl.ProcessingServiceImpl - 已插入 1 个切片
2026-03-27 20:09:35.875 [tomcat-handler-19] DEBUG org.mybatis.spring.SqlSessionUtils - Fetched SqlSession [org.apache.ibatis.session.defaults.DefaultSqlSession@c4d8212] from current transaction
2026-03-27 20:09:35.876 [tomcat-handler-19] DEBUG c.a.r.m.R.updateChunkStatus - ==>  Preparing: UPDATE resources SET chunk_count = ?, vectorized = ? WHERE id = ?
2026-03-27 20:09:35.876 [tomcat-handler-19] DEBUG c.a.r.m.R.updateChunkStatus - ==> Parameters: 1(Integer), false(Boolean), 2(Long)
2026-03-27 20:09:35.878 [tomcat-handler-19] DEBUG c.a.r.m.R.updateChunkStatus - <==    Updates: 1
2026-03-27 20:09:35.878 [tomcat-handler-19] DEBUG org.mybatis.spring.SqlSessionUtils - Releasing transactional SqlSession [org.apache.ibatis.session.defaults.DefaultSqlSession@c4d8212]
2026-03-27 20:09:35.878 [tomcat-handler-19] DEBUG c.a.r.s.impl.ResourceServiceImpl - 资源切片状态已更新: resourceId=2, chunkCount=1, vectorized=false
2026-03-27 20:09:35.878 [tomcat-handler-19] INFO  c.a.r.service.impl.VectorServiceImpl - 开始向量化资源切片: resourceId=2
2026-03-27 20:09:35.878 [tomcat-handler-19] DEBUG org.mybatis.spring.SqlSessionUtils - Fetched SqlSession [org.apache.ibatis.session.defaults.DefaultSqlSession@c4d8212] from current transaction
2026-03-27 20:09:35.878 [tomcat-handler-19] DEBUG c.a.r.m.C.findUnvectorizedByResourceId - ==>  Preparing: SELECT id, resource_id, chunk_index, chunk_text, location_info, page_start, page_end, chapter_path, text_hash, vectorized, created_at FROM resource_chunks WHERE resource_id = ? AND vectorized = FALSE ORDER BY chunk_index ASC
2026-03-27 20:09:35.878 [tomcat-handler-19] DEBUG c.a.r.m.C.findUnvectorizedByResourceId - ==> Parameters: 2(Long)
2026-03-27 20:09:35.884 [tomcat-handler-19] DEBUG c.a.r.m.C.findUnvectorizedByResourceId - <==      Total: 1
2026-03-27 20:09:35.884 [tomcat-handler-19] DEBUG org.mybatis.spring.SqlSessionUtils - Releasing transactional SqlSession [org.apache.ibatis.session.defaults.DefaultSqlSession@c4d8212]
2026-03-27 20:09:35.884 [tomcat-handler-19] DEBUG c.a.r.service.impl.VectorServiceImpl - 批量向量化 1 个切片
2026-03-27 20:09:35.886 [tomcat-handler-19] DEBUG c.a.rag.gateway.cache.EmbeddingCache - Embedding cache miss for textHash: 2dd4bcb26ec28c945fe27bc45ce9f903881b48e8ff99b9f121933db6079e8334
2026-03-27 20:09:35.886 [tomcat-handler-19] INFO  c.a.rag.gateway.EmbeddingGateway - 调用 Embedding API：model=embedding-3, textPreview=Computer Networks Basics Chapter 1: Introduction to Computer Networks Computer networks connect multiple computers for resource sharing. Network Types: LAN, MAN, WAN OSI Model: 7 layers - Physical, Da...[truncated]
2026-03-27 20:09:35.886 [tomcat-handler-19] INFO  d.l.h.client.log.LoggingHttpClient - HTTP request:
- method: POST
- url: https://open.bigmodel.cn/api/paas/v4/embeddings
- headers: [Authorization: Beare...QY], [Content-Type: application/json]
- body: {
  "input" : "Computer Networks Basics Chapter 1: Introduction to Computer Networks Computer networks connect multiple computers for resource sharing. Network Types: LAN, MAN, WAN OSI Model: 7 layers - Physical, Data Link, Network, Transport, Session, Presentation, Application TCP/IP Protocol Stack: Application, Transport, Internet, Link Chapter 2: Physical Layer Transmission media: Twisted pair, Fiber optic, Wireless Chapter 3: Data Link Layer Ethernet is the most common LAN technology. Frame structure and error detection. Chapter 4: Network Layer IP protocol provides connectionless, unreliable delivery. Routing algorithms: Distance vector (RIP), Link state (OSPF) Chapter 5: Transport Layer TCP: Reliable, connection-oriented protocol UDP: Unreliable, connectionless protocol References: Kurose & Ross, Computer Networking, 8th ed.",
  "model" : "embedding-3"
}

2026-03-27 20:09:36.151 [tomcat-handler-19] INFO  d.l.h.client.log.LoggingHttpClient - HTTP response:
- status code: 200
- headers: [:status: 200], [content-type: application/json; charset=UTF-8], [date: Fri, 27 Mar 2026 12:09:36 GMT], [set-cookie: acw_tc=76b20f9c17746133759294145ec4c7f3b874d787d417b1f983a23fa1ac8d9c;path=/;HttpOnly;Max-Age=1800], [strict-transport-security: max-age=31536000; includeSubDomains], [vary: [Accept-Encoding, Origin, Access-Control-Request-Method, Access-Control-Request-Headers, Origin, Access-Control-Request-Method, Access-Control-Request-Headers]], [x-log-id: 202603272009367df683e496004922]
- body: {"data":[{"embedding":[0.011614504,-0.053596303,-0.01837813,-0.035040703,-0.030505328,0.03208285,-0.04413117,-0.026246019,-0.0036751328,0.0037540088,0.0000037623086,-0.016455524,0.00071111723,-0.04637914,0.007365055,0.0064037526,0.016790748,-0.007779154,-0.017855575,0.019482395,0.011880711,0.036854852,-0.0029282747,0.04582701,0.007922117,0.011249702,0.0037441493,-0.037170358,0.022459965,0.0018659125,0.057185166,-0.020606378,0.016662573,0.018003467,-0.01614002,0.035415363,-0.017175268,0.03208285,-0.017914731,-0.012245513,0.011722959,0.020941602,-0.0067192568,-0.00423466,-0.010105999,0.036204126,0.0028173553,0.01391177,-0.048272166,-0.010184875,-0.020468345,0.01229481,-0.0077446457,0.014424465,0.015597747,0.015479432,0.03429138,0.022361372,-0.017954169,-0.016563978,0.012235654,0.016849903,-0.00010344784,0.032753296,0.053556863,-0.0019558806,-0.0014283967,-0.013428654,-0.028217921,-0.000817107,-0.027902417,0.064086825,0.01027361,0.020685254,0.0018424961,0.017993608,0.035237893,0.009918668,-0.014000505,0.01633721,0.022854347,0.02740944,-0.01209762,-0.010214454,-0.005082578,-0.015893532,-0.021533173,0.012492,-0.016455524,-0.004397342,-0.031096898,0.003709641,-0.032299757,-0.0035050563,0.022874065,0.012353967,-0.023229009,-0.0040226807,0.009913738,0.056987975,-0.02399805,0.0077742245,-0.0012096388,-0.011042653,-0.013734299,-0.0058368305,0.010362346,-0.008311568,-0.0059600743,0.02480653,-0.009105259,-0.018092202,-0.007158005,0.020507783,0.041488823,0.014947019,0.0025905864,-0.00036880732,-0.024471307,0.021592328,0.043697353,0.014700531,0.0552527,0.016613277,0.0038230254,0.02299238,-0.01711611,0.0193345,0.0015134349,-0.037821084,0.032201163,0.0070495503,-0.03464632,0.033108238,-0.0031550436,0.008922857,0.00847918,-0.0011788278,-0.013694861,0.02238109,0.0051762434,0.00013079257,0.013389216,0.0078678895,-0.03125465,-0.021335982,0.02056694,0.026324894,0.010608834,-0.012639893,-0.021612048,0.008839051,-0.030939145,0.014335729,0.0006913982,-0.013162447,0.031018022,0.0017143225,0.0067044673,0.0071432157,-0.033601213,0.01935422,0.0016674898,0.0009988917,-0.010628553,0.018614756,0.017362598,0.0053734337,-0.0017660849,0.0074735093,0.014651233,-0.03571115,0.0044269203,0.015637184,-0.0008959831,0.0069213766,0.007222092,-0.005610062,-0.006541786,0.022321932,-0.004759679,0.016997797,0.020044386,-0.0018166149,-0.014158258,-0.008814403,0.02198671,0.031116616,0.015617466,-0.003162438,0.016632995,-0.005407942,-0.0073453356,0.007123497,-0.01613016,0.0016637925,0.010835603,-0.028217921,-0.016603416,-0.00806015,0.0038550687,0.008321428,0.014947019,-0.000063663174,0.023761421,-0.0050529996,0.0017525281,-0.03687457,0.022676876,-0.011722959,0.008449601,-0.0068868683,-0.033601213,0.039477482,-0.0068671494,-0.0015947759,0.034133628,0.014552638,0.034725197,-0.02238109,0.014138538,-0.025792481,-0.016830185,0.015656903,-0.0087897545,-0.016455524,-0.016909061,0.00080416637,-0.16311575,0.016248474,-0.02802073,-0.01370472,0.003123,0.014532919,-0.012403265,-0.0020113403,0.0016391437,0.011220124,-0.03190538,-0.002299731,-0.010648272,-0.009366536,0.02178952,0.066216476,0.0023860016,0.048074976,-0.0065565747,0.023485355,0.030919427,-0.0069460254,0.009465131,-0.043421287,-0.0064678392,0.016820326,-0.0027508035,0.034370255,-0.004434315,-0.044722743,-0.026778432,-0.035356205,0.0144540435,-0.024451587,0.0018240096,0.021769801,0.032615263,0.030544765,0.0031156056,0.021631768,0.011101809,-0.0012952932,-0.0048114415,0.052097656,-0.012610314,0.0017056954,0.009627813,0.036381595,-0.0020544757,0.00086332345,0.026127703,0.01794431,-0.024944562,0.0011566438,-0.027724944,0.008355936,0.03350262,0.016514681,0.009228502,-0.012570877,0.0018942585,-0.034409694,0.0094700605,0.007724927,0.019028855,0.01592311,0.02115851,0.018506302,-0.044249486,0.047246777,-0.0031279298,-0.017766839,0.000811561,-0.021276824,-0.002299731,0.010382066,-0.0059403554,-0.018585179,-0.009820073,-0.00045569427,-0.007197443,0.028296797,0.0021530706,0.037880242,0.009898949,-0.003588862,0.005526256,-0.0039585936,-0.041252196,-0.013330059,-0.015292102,0.013754018,-0.0014900186,-0.021040196,0.0064974176,0.0094700605,0.03529705,-0.017362598,0.029972913,-0.032753296,0.05584427,0.0054917475,0.02036975,-0.017007656,-0.010313049,0.0044491044,-0.0009914971,-0.02279519,0.012206075,-0.028079888,-0.004350509,0.006275579,-0.00013834126,-0.0061621945,0.005457239,-0.04357904,-0.035770305,0.03531677,0.003948734,0.036204126,-0.013882192,-0.021257106,-0.0057579544,-0.024214959,-0.0258122,-0.039378885,-0.0016588627,-0.025969952,-0.033798404,-0.0052255406,-0.014365308,0.008883419,-0.018003467,0.018407706,0.025181191,-0.005191033,0.027902417,-0.011151107,0.0043160007,-0.0027212251,-0.013083572,-0.022361372,-0.002842004,0.021750081,0.0037934468,-0.063929066,0.008385514,-0.005181173,0.0037761927,-0.021099353,-0.0021013082,0.034528006,0.0379394,-0.002341634,-0.028099606,-0.017510492,-0.010835603,0.013053993,0.029913757,-0.006941096,-0.010707429,0.043066345,0.0033744175,-0.002196206,-0.0015368513,-0.01108209,-0.0036209053,-0.037781645,0.0056002024,-0.021868395,-0.10782361,-0.0012620174,0.015006176,-0.031984255,0.028809492,0.005220611,0.02137542,-0.02557557,-0.024372712,-0.008148886,-0.015863953,-0.017816136,-0.0062952978,0.040660623,-0.015982267,0.021927552,0.019669725,0.019669725,0.001642841,0.010036983,0.009120048,-0.0032142005,0.00041009404,-0.0014616725,-0.009524288,0.026384052,0.018417567,0.0031846222,0.034212504,-0.0038575337,0.010776445,0.026640398,-0.01614002,-0.028967243,-0.013399076,0.0017562254,-0.008720738,-0.01572592,-0.013823034,0.00494208,-0.0201627,0.00725167,-0.0076657697,-0.043500163,-0.0027976362,0.012373687,-0.0112398425,0.0087897545,-0.015193506,0.037880242,0.021257106,0.017194986,0.0011757467,0.00052871625,-0.003004686,-0.03910282,0.020744411,0.0074833687,-0.001724182,-0.01512449,0.016209036,0.018851385,-0.016771028,0.031353246,0.12975116,-0.013852613,-0.013862472,0.011673661,-0.011427173,-0.017421756,-0.021040196,-0.002805031,0.014197696,0.008163675,0.03789996,-0.011200405,-0.0036800625,0.0066255913,0.019600708,0.047246777,0.015183647,-0.017835855,-0.0017229496,-0.004956869,0.02178952,0.01450334,-0.029479938,0.02482625,0.007281249,0.012018744,0.0071037775,0.0026152353,-0.0028666528,0.008153816,0.003909296,0.014828704,-0.0071875835,-0.008400303,0.042198706,-0.0043233954,0.01874293,0.011653942,-0.002864188,0.0375253,0.0057382355,0.007098848,0.0044269203,0.016001986,-0.007138286,0.007172794,-0.04456499,0.0011529466,-0.015696341,0.014463902,-0.030387012,0.004190292,0.04815385,-0.011683521,0.0015849164,0.0149273,0.0015849164,-0.013566687,-0.005930496,-0.0014616725,-0.031077178,0.013063852,-0.020606378,0.009647531,0.00067969004,-0.009494709,-0.054740004,0.0029701777,-0.010165156,0.011318719,0.04290859,0.022479685,0.006246,0.0046857325,0.0041434597,0.009198924,-0.002844469,-0.015863953,0.037604176,0.01572592,-0.021809239,0.03851125,0.0012238118,0.018230235,0.00907568,0.009021453,0.033009645,0.0040029613,-0.013970927,0.0029677127,0.014641373,-0.01955141,0.0027705226,0.008770035,0.033522338,-0.021710644,-0.034429412,-0.014237134,0.0045698835,-0.013635703,0.022243056,-0.017825997,-0.018900683,0.025891077,-0.053517427,-0.039181698,-0.0048558093,0.01935422,-0.0041804328,-0.012275091,-0.025654448,0.022006428,0.019728882,-0.0039635235,0.01592311,-0.028809492,0.008760176,0.03186594,0.02419524,-0.006063599,-0.0020458486,0.014739969,-0.00584669,-0.02598967,0.018930262,0.052097656,-0.03062364,-0.0033152606,-0.0066600996,-0.008390444,0.020921882,-0.009154556,0.005905847,0.037880242,-0.03087999,0.017264003,-0.024648778,-0.033699807,0.06089234,0.01069757,-0.0032807523,-0.017273864,-0.0053142766,-0.018476723,-0.002356423,-0.0091348365,-0.0062854383,0.010135577,0.004577278,0.018279534,0.0023995584,0.023899455,-0.017904872,0.014217415,-0.055962585,-0.032299757,-0.079862036,0.023485355,0.012866662,0.033522338,-0.0039955666,0.027961573,0.0013482881,-0.00433079,0.024964282,-0.019324642,-0.004518121,-0.016287912,0.005826971,-0.013832894,0.002861723,0.011456752,0.032792732,-0.044604428,0.008523547,-0.009100328,0.004274098,-0.012383546,-0.00393641,0.014256853,-0.0032906118,0.028651739,-0.01370472,0.0032142005,0.022341652,0.009509498,-0.0006605872,0.05123002,0.0056987973,-0.023426197,0.003310331,0.0161203,0.014434325,-0.009253151,0.00007333011,0.009918668,-0.047641158,-0.023347322,0.050914515,0.01228495,0.035001263,0.003771263,0.0086221425,-0.017411897,-0.026167143,0.0010592812,-0.005122016,-0.0322406,0.016179457,0.03910282,-0.020448625,-0.020823287,0.0061769835,-0.004217406,0.0028001012,-0.019048575,-0.005343855,-0.007946766,0.0011215194,0.005984723,0.0026669977,0.032753296,-0.0011295303,-0.0034039961,0.005541045,0.020192279,0.031787064,-0.036223844,-0.022617718,0.013132868,-0.017066814,0.015597747,0.005057929,-0.013073712,0.0009822538,-0.015134349,0.00036541812,-0.015903391,0.02762635,0.01634707,0.019886633,-0.035040703,-0.017293582,-0.009154556,0.018920401,-0.014582217,0.0048927823,0.021710644,-0.014148398,-0.0030613781,-0.0057382355,0.033226553,-0.023485355,0.033404022,0.0084545305,0.006734046,-0.006778414,0.025969952,0.0023749098,0.04109444,0.0056199213,0.008035501,-0.13882191,0.029736286,-0.006512207,0.021868395,0.0149667375,-0.026778432,0.013093431,0.016376648,0.0049100365,0.007236881,-0.011742678,0.01491744,0.030406732,-0.023071256,0.003305401,-0.04677352,-0.0019226046,-0.021533173,-0.01552873,-0.029972913,0.015144208,0.0072418107,-0.0029726427,-0.002187579,-0.018023185,0.0105595365,-0.024786811,-0.014996316,0.0031575083,0.034212504,-0.038530968,-0.0029751074,0.033029363,0.031688467,0.016889343,0.05063845,-0.04077894,0.039004225,-0.020350032,-0.024944562,0.024629058,0.02178952,-0.023958612,-0.0033719528,0.004838555,0.0073453356,0.03646047,0.013399076,0.108533494,0.024076926,-0.0030638431,-0.003852604,-0.02279519,-0.009844721,-0.011870851,-0.0045329104,0.046418577,0.025555853,0.02841511,0.016800607,-0.024668496,0.0010543515,-0.013221604,-0.014335729,-0.0034335747,0.000011448202,-0.03368009,0.016209036,-0.024984,0.008143956,-0.07694362,-0.017234426,-0.04657633,0.0019928536,0.026679836,-0.0023330068,0.0046684784,0.001471532,-0.010061631,0.0042223358,0.00077828515,0.01876265,-0.015824515,0.010041912,0.024175521,-0.011308859,-0.00051177025,-0.00009543698,0.031432122,0.05284698,-0.024747374,0.016702011,-0.022026148,0.016889343,-0.0042001517,0.0023231474,0.011535628,-0.0052107517,-0.03547452,-0.014079382,0.031787064,0.012186356,-0.02845455,0.02198671,-0.012196215,0.013813175,0.008627072,0.011880711,0.03870844,-0.0038747878,0.0041582487,-0.031925097,0.001825242,-0.015232945,0.03630272,-0.031313807,-0.019433096,0.019048575,-0.031570155,-0.0068671494,-0.03667738,0.015834374,-0.0371112,0.00060882483,0.019886633,-0.059472572,0.009401044,-0.001042027,0.0063002277,-0.01711611,0.02541782,0.041015565,-0.0100665605,-0.011269421,-0.003749079,0.0010099837,-0.02963769,-0.0003681911,0.0016810467,-0.0064037526,-0.03951692,-0.025358662,-0.019295063,0.00036603434,-0.029124996,-0.018249955,-0.008656651,-0.03005179,0.009859511,0.018999279,0.004966729,-0.018979559,0.0043825526,0.032181446,0.00041101835,0.017599227,0.026186861,-0.002543754,0.040285964,0.0046462948,-0.03267442,-0.004367763,0.005087508,0.012373687,-0.04594532,-0.036006935,-0.011821554,-0.027153093,-0.007922117,-0.06858276,-0.010071491,0.006758695,-0.00685729,0.03470548,-0.009460201,0.0027064357,-0.03346318,-0.010204594,0.02096132,0.011732819,-0.018772509,-0.0318265,0.0027335493,-0.014000505,0.037347827,0.011318719,-0.014947019,0.031195493,0.011003214,0.0037959118,0.0002679014,-0.0075918236,-0.044288922,0.0063445955,-0.004414596,-0.024116363,0.020103542,-0.018131642,0.0026891816,0.0024759697,-0.027922135,0.004495937,-0.024155801,-0.0063150167,0.015232945,-0.018861245,-0.0005767814,-0.0038082362,0.013961067,0.04012821,-0.018368268,-0.004742425,0.0023330068,0.021434577,-0.030268699,0.007039691,0.0062657194,0.003167368,0.011811694,-0.021947272,-0.020527503,-0.0048533445,-0.026640398,0.0065467153,0.023150131,-0.007902398,-0.02316985,-0.008947507,-0.018772509,0.01190043,0.010115858,-0.01935422,-0.015942829,0.022952942,0.006699538,-0.01595269,-0.04172545,-0.015420275,-0.004670943,-0.011062372,-0.02800101,-0.0007443931,-0.02157261,-0.019511972,-0.016889343,0.11018989,0.019630287,0.0045279805,0.0021333518,-0.020103542,0.0407395,-0.022124743,-0.045866445,-0.009755986,-0.03569143,-0.0029997563,-0.016209036,0.01473011,-0.0127582075,0.010589114,-0.017204847,-0.008735526,-0.034961827,0.02683759,0.01049052,0.0007708905,-0.014128679,-0.014700531,-0.027310846,-0.0076164724,0.031589873,0.02987432,-0.006729116,-0.006408682,-0.0105595365,-0.020054245,0.0032166655,0.027350284,0.017421756,-0.004880458,-0.0016083327,0.00746858,-0.021040196,0.0019386264,-0.0011695845,0.00686222,0.012363827,-0.04898205,-0.0040004966,-0.052334286,-0.010983495,0.0013088501,-0.005363574,0.018861245,-0.012837083,0.010362346,-0.022874065,0.03730839,0.0019792968,-0.020409187,0.041173317,-0.027310846,-0.010313049,-0.0181415,-0.031018022,-0.006773484,-0.020527503,-0.007138286,-0.0136061255,-0.053083606,0.02358395,-0.010431362,0.020271154,0.023012098,-0.0025117104,-0.025733324,-0.009751056,0.030663079,-0.008094658,0.00083559356,-0.000031831587,-0.024471307,-0.005343855,0.023938892,-0.00085531257,0.0066009425,0.0028247498,0.025654448,-0.055331577,-0.0064185415,-0.0018893288,-0.011387736,0.00006917063,0.03928029,-0.023682546,0.004439245,0.00083559356,-0.037249234,0.030505328,0.043460723,0.007305898,-0.0132709015,-0.0197486,0.017875293,0.037190076,-0.036223844,0.01291596,0.014385027,0.022459965,0.018516162,0.0031969463,0.023209289,0.024530463,0.014483621,0.0290264,0.021907834,0.008208043,0.007789014,0.031550433,-0.021099353,0.012196215,-0.026758714,-0.015331539,0.007379844,-0.015282242,-0.0065023475,0.025792481,-0.0016181923,0.03391672,0.03105746,-0.012137058,0.029282747,0.01049052,-0.018023185,-0.02318957,-0.019916212,0.013073712,-0.00021105516,-0.019857055,0.04357904,0.015538589,0.008183395,0.025654448,0.021631768,-0.020586658,0.034468852,0.040463433,-0.00022430388,0.01331034,0.0073946333,0.03005179,-0.021217668,-0.0006476466,-0.015262523,0.002982502,-0.0031722977,0.017027376,-0.00091508584,-0.007823522,-0.008942576,-0.010500379,0.014197696,0.0003549424,-0.012186356,-0.0066650296,-0.012561017,-0.012373687,0.015114631,-0.0052748383,-0.0049322206,0.016692152,-0.0011307626,-0.006734046,-0.0013988181,0.009499639,0.0063988226,0.0060783885,-0.0042420547,0.020645816,-0.025496695,0.0056297807,-0.020271154,-0.025102315,0.005040675,-0.020310592,-0.04511712,-0.017017515,0.020488065,-0.008952436,-0.01692878,-0.00024664184,-0.0046734083,-0.022617718,-0.015893532,0.0019472535,0.0067685544,-0.0017093928,0.010017263,0.02054722,-0.0004218022,0.027370002,0.00008211124,-0.018644335,-0.010234172,-0.0015183646,-0.0092925895,-0.01230467,0.0076164724,0.009055961,0.020626098,0.02340648,0.015400556,-0.028296797,-0.00097054563,0.019640146,0.026285456,-0.009943317,-0.04898205,0.017569648,0.008558055,-0.00021660113,0.004767074,-0.019344361,0.011890571,0.03774221,0.0070495503,0.010707429,-0.009992614,-0.049336992,0.005166384,-0.0012817364,0.016583698,0.0058417604,0.005984723,-0.030978583,-0.006531926,0.05300473,0.021947272,-0.0014419535,-0.025634728,0.0018461935,-0.0038008415,-0.0025289645,-0.003167368,0.007823522,0.002288639,0.018644335,-0.0029208802,0.011111669,-0.0042667035,0.037150636,0.025358662,-0.0053339954,-0.009031313,-0.0013729369,-0.011003214,0.0005610678,0.008922857,-0.0055361153,-0.0013655423,0.022893785,-0.018417567,-0.023820579,0.024550183,-0.010017263,0.015223085,0.010717289,-0.00034816397,0.009657391,-0.024293834,0.004259309,0.011890571,0.0039832424,0.021178229,0.0040226807,0.037801366,0.01812178,0.03387728,-0.04712846,-0.008770035,-0.007019972,0.010658131,-0.0014271642,-0.011663802,0.010165156,0.0022701523,-0.028355954,0.039931018,-0.011190545,0.03529705,-0.0024882942,-0.030229261,0.028277077,-0.0065269964,-0.00071912806,0.043500163,0.0038846473,-0.012886381,-0.02460934,0.011456752,0.017697822,0.03285189,-0.018506302,0.007626332,0.00787282,0.0049297553,0.017037235,0.0075326664,0.012068042,0.014177977,-0.0026300244,-0.0056494996,-0.006798133,-0.01370472,0.0005681543,0.00906089,-0.017402036,-0.0026448139,-0.013852613,0.00046801867,0.057421792,0.028750334,0.001572592,-0.01069757,0.04310578,-0.034015313,0.025476977,0.0087059485,0.039418325,-0.019985229,-0.0010130648,0.0077545056,0.017185127,0.026324894,-0.0165344,-0.024550183,0.0114074545,0.008843982,0.008829192,-0.0065023475,0.022420527,0.043421287,0.016721731,-0.005807252,-0.019896492,0.020586658,0.0036775975,0.040660623,0.021592328,0.031471558,-0.02620658,-0.031353246,-0.010963776,-0.0023749098,-0.018733071,-0.03730839,-0.0056544296,-0.018427426,-0.025319224,0.007355195,0.026758714,-0.038530968,-0.012955397,0.012610314,-0.020034526,-0.042356458,-0.03772249,0.0064629093,-0.013862472,-0.0010913246,-0.0009193994,0.019038716,0.0031994113,-0.006566434,-0.006487558,-0.00725167,-0.061207846,-0.014897721,0.0132709015,-0.018723212,-0.019521832,0.0078678895,-0.005545975,0.0069805337,-0.04594532,-0.01269905,-0.0139413485,0.0024845968,-0.008528477,-0.00034385044,0.007892539,-0.057540108,0.020123262,0.019097872,-0.0034754777,-0.0008694856,-0.0026743924,-0.023899455,0.0479961,-0.0031427192,0.014444184,-0.0045896024,0.01732316,-0.004197687,0.017234426,-0.011210264,-0.044249486,0.0059945825,-0.012442703,0.006990393,-0.057382353,-0.021612048,-0.0029701777,-0.016465383,-0.009553866,0.012176496,0.037880242,-0.024885407,0.025240349,-0.005481888,-0.00044737532,-0.022085305,-0.005767814,0.011377876,-0.0071481457,0.015075193,0.031116616,-0.01371458,-0.007503088,0.017066814,0.03202369,0.006729116,-0.019511972,0.0059995125,0.015075193,-0.008474249,-0.010441222,-0.017490773,-0.009095399,0.005141735,-0.027724944,0.040857814,0.010934197,-0.02178952,0.00035093696,-0.0066305213,0.044880494,-0.039221134,0.011476471,-0.017983748,0.020231716,-0.035553396,0.0021740221,-0.00042211032,-0.0017217171,-0.058328867,-0.039201416,-0.008691159,0.012600455,0.010746867,-0.013261043,-0.026107986,0.030387012,-0.0075129475,-0.00686222,-0.0045107263,0.015538589,-0.001002589,0.026226299,0.006270649,0.01089476,0.008533407,-0.0045945323,-0.006734046,0.016563978,0.03973383,0.00005037594,0.024648778,-0.03042645,-0.015696341,0.0041459245,-0.009499639,0.05264979,0.047641158,-0.009006663,0.02744888,0.013901911,-0.0074094227,-0.026955903,0.00011531006,-0.035533678,-0.0057530245,0.008306638,-0.033739246,-0.008853841,-0.0021949736,-0.021079635,-0.030189823,-0.006211492,0.04582701,0.006152335,-0.0065762936,0.0154695725,0.031195493,0.0067685544,-0.017313302,-0.0059452853,0.0011609574,-0.003406461,0.01371458,0.020251436,-0.002805031,0.013379357,-0.0033571634,0.024727654,-0.0071925134,0.01712597,-0.007577034,-0.015735779,-0.014385027,-0.0074291416,-0.018733071,0.01854574,-0.0024500885,-0.0070002526,-0.008646791,0.0067192568,0.009055961,0.009751056,0.01794431,0.0012743418,-0.0006196086,0.01329062,0.03287161,0.029558813,-0.002128422,0.026443208,-0.0064037526,0.009765846,0.026147423,-0.002075427,0.020409187,-0.016297773,-0.0028518636,0.010071491,-0.00051885674,-0.01915703,0.010667991,0.009420763,-0.0066650296,0.0043825526,-0.047443967,0.0058171116,0.020507783,-0.01450334,0.010618693,-0.006147405,-0.008607353,-0.03350262,0.030209541,-0.0094700605,0.031096898,-0.0006950955,0.039792985,0.018664055,-0.043263536,0.019728882,0.015854094,-0.026916465,-0.03470548,0.03965495,-0.04413117,-0.018851385,0.0149273,-0.016031565,-0.024333274,0.0052354005,-0.0067241867,-0.010529958,0.010924338,-0.015045614,-0.0065762936,-0.005462169,0.019423237,0.026778432,0.0043529742,0.027567193,-0.015578028,-0.04129163,0.0035790026,-0.01894998,-0.0075080176,0.0053093466,0.0105595365,-0.02297266,-0.016455524,0.022933222,0.02036975,0.023150131,-0.000080108526,0.0033966016,0.0045403047,-0.020004949,0.011190545,-0.0020458486,-0.0073108273,0.003310331,-0.030327857,-0.010717289,-0.008400303,-0.0033620934,0.0142864315,-0.015341399,-0.012630033,-0.009213713,0.12801589,-0.0165344,-0.02900668,0.007039691,0.018062625,-0.012373687,0.002007643,-0.02662068,0.02963769,-0.031018022,0.050480697,-0.023307884,0.051308896,0.017214706,-0.0020421513,0.04294803,0.001867145,-0.0031303947,0.023840297,-0.04618195,-0.01532168,-0.011673661,0.012314529,0.00034385044,0.02157261,-0.012896241,0.03815631,0.017214706,0.014562498,-0.023090975,0.008439741,0.0048927823,0.028710896,0.0018215446,-0.027212251,0.04578757,-0.010441222,-0.013428654,-0.012225794,0.042711403,0.041055005,-0.007779154,-0.01027361,-0.04077894,0.0024587156,0.013024414,0.0033325148,-0.0007838311,-0.014976597,-0.0141188195,-0.008912998,0.0042642383,0.024313554,-0.021316262,0.00050375937,-0.014976597,-0.00024510128,0.019304922,0.016445665,-0.00806508,-0.021276824,0.021454295,0.00726153,0.014562498,-0.012107479,-0.0062213517,-0.020192279,0.005023421,0.006960815,-0.003268428,0.012422984,0.0023650501,-0.026324894,-0.002249201,0.018644335,0.023465637,0.019304922,0.030110946,0.020902162,-0.019778179,-0.01815136,0.0069854637,0.007498158,-0.0031969463,-0.0048237657,0.0039659883,-0.016554119,0.0012336713,-0.015420275,0.011545488,-0.006936166,-0.0066847485,0.013113149,-0.026364332,0.005807252,-0.012127198,0.016228756,-0.03403503,0.0041853623,-0.007789014,0.0075080176,0.0031402542,0.026502365,0.0007899933,0.029953195,-0.031333525,0.012827224,0.009228502,-0.046260826,-0.021454295,0.010086279,-0.010727148,0.0067932033,0.020448625,-0.0016847439,0.003692387,-0.00423959,0.04393398,-0.013261043,-0.014227275,0.02139514,-0.024944562,0.018900683,0.013123009,0.008203113,-0.010589114,-0.018062625,-0.008415093,0.022617718,0.006773484,-0.00846932,-0.015094912,-0.013763878,-0.011880711,-0.03525761,0.008124237,-0.020843007,-0.013172307,-0.004717776,-0.0090411715,-0.01472025,-0.0061276862,0.018062625,0.01069757,0.03551396,-0.01008135,-0.018585179,-0.015173787,-0.017835855,-0.0077150674,0.014128679,-0.024550183,0.0012731093,0.024629058,-0.030288417,0.021769801,-0.003145184,-0.003270893,-0.037919678,-0.0069213766,-0.009425692,-0.01713583,-0.021947272,0.037821084,0.022045868,-0.00015806028,-0.001491251,-0.012777926,0.02356423,0.008508758,-0.019088013,-0.03468576,0.010411643,-0.00544738,-0.065230526,-0.010727148,0.0010198432,-0.0025708675,0.0127582075,0.00221839,-0.016475243,-0.019166889,-0.0030983514,0.028572863,-0.02380086,0.0048360904,-0.011722959,-0.011594785,0.019038716,0.004454034,-0.020290874,-0.005186103,-0.017825997,-0.018023185,-0.026384052,0.024451587,-0.0073946333,0.014670952,0.029578533,-0.021316262,0.007034761,0.014345588,-0.07138286,-0.01128914,-0.048272166,-0.014868143,-0.013951208,0.013931489,0.0013938884,0.027586913,0.016494961,0.006694608,0.02800101,0.02480653,0.009430623,0.0076953485,-0.021237386,-0.009706689,-0.0073946333,-0.014030084,-0.014601936,-0.014878002,-0.009933458,0.011515909,-0.015272383,0.019433096,0.02961797,0.004488542,0.009765846,-0.0029159505,0.030347575,-0.012600455,-0.01512449,0.017313302,-0.0021814168,0.02279519,0.008104518,-0.02299238,0.03525761,-0.009105259,-0.023938892,-0.04093669,-0.005220611,-0.008725667,-0.037209794,0.02642349,-0.007764365,0.013675142,-0.0015454784,0.008193254,0.007093918,0.0030737026,-0.013556828,-0.003145184,-0.004717776,0.00017146306,0.015232945,-0.015666762,0.011427173,-0.005748095,0.0014949484,0.020409187,0.014434325,0.028651739,-0.0039758477,0.013162447,-0.015055473,0.006531926,-0.016248474,0.021493735,0.028513705,0.014128679,0.004155784,0.022519123,0.0045698835,0.01089476,0.02358395,0.0041237404,0.000028789002,0.007315757,-0.0017956635,0.016021706,-0.029519375,-0.0068720793,0.0572246,0.008508758,0.022519123,0.001190536,-0.011348297,0.0070051826,-0.018723212,0.03547452,0.02216418,0.0046660136,-0.0028124256,-0.008558055,0.013832894,0.0023071256,-0.003692387,-0.00019888482,-0.020290874,-0.00166256,0.034961827,-0.016869623,-0.021355702,-0.021651486,-0.0044047367,-0.009090469,0.011653942,0.023248727,-0.044604428,0.0043233954,-0.051742714,-0.020704973,0.0053734337,-0.01691892,0.006699538,0.00078752846,0.019807758,-0.020902162,0.06172054,0.046103075,0.021750081,0.009440482,-0.014217415,-0.007493228,0.0023625854,0.0011634222,-0.0046734083,0.034212504,0.0008787289,-0.030406732,-0.030741956,-0.022361372,-0.012738489,-0.006734046,-0.014986456,-0.02660096,0.0058417604,-0.04413117,0.019709162,0.023150131,0.012669472,-0.014947019,-0.0051762434,-0.005363574,-0.030781394,-0.010352487,-0.008947507,-0.019472534,0.016504822,0.0056347107,0.027685506,-0.0071087074,-0.00805522,-0.039773267,0.017451335,-0.018772509,0.0008892047,-0.016849903,-0.03285189,-0.02155289,0.031471558,0.0043628337,-0.0007690419,0.0015491757,-0.0069854637,-0.042198706,0.022420527,0.005748095,-0.009568656,0.0013519855,0.044091735,0.0036430892,0.0011529466,-0.03125465,0.007572104,-0.005501607,0.03423222,0.051506087,0.032615263,-0.017668243,0.017283723,-0.002508013,0.0012632499,-0.02583192,0.021690924,0.0030490537,-0.011752537,0.019235905,-0.029479938,-0.010204594,-0.0064481203,-0.0020150375,-0.0048656687,-0.009696829,-0.015085052,0.005664289,0.01817108,0.02703478,-0.025851637,0.015558308,-0.0024426938,-0.006778414,0.013793456,0.043657914,-0.006941096,0.0078678895,0.0069065876,0.012215934,0.022243056,-0.011870851,-0.013872332,0.014887862,0.021197949,0.02178952,0.0012829689,0.02257828,0.03086027,-0.028789772,0.02419524,0.019078154,-0.0063150167,-0.006896728,-0.05489776,0.01028347,0.018851385,-0.011890571,-0.015065333,0.009760916,-0.015627325,0.0020926811,-0.0258122,-0.014759688,-0.00966725,0.044841055,-0.013961067,0.0035149157,0.014444184,-0.004409666,-0.0025363592,0.008203113,0.0071875835,-0.03468576,-0.03892535,0.015016035,-0.0064481203,-0.022834627,0.0072713895,-0.026561523,-0.035237893,-0.042474773,-0.03125465,-0.015351258,-0.015755499,0.010470801,0.01591325,0.01169338,-0.028750334,-0.008908068,0.0072861784,0.010510239,0.0016268194,0.032989923,0.034528006,-0.04917924,0.00403254,-0.0076164724,-0.017993608],"index":0,"object":"embedding"}],"model":"embedding-3","object":"list","usage":{"completion_tokens":0,"prompt_tokens":192,"total_tokens":192}}

2026-03-27 20:09:36.158 [tomcat-handler-19] DEBUG c.a.rag.gateway.cache.EmbeddingCache - Cached embedding for textHash: 2dd4bcb26ec28c945fe27bc45ce9f903881b48e8ff99b9f121933db6079e8334, vector dimension: 2048
2026-03-27 20:09:36.158 [tomcat-handler-19] DEBUG c.a.rag.gateway.EmbeddingGateway - Embedding 已缓存：textHash=2dd4bcb2
2026-03-27 20:09:36.165 [tomcat-handler-19] DEBUG c.a.r.service.impl.VectorServiceImpl - 向量已写入 Redis: chunkId=4, vectorSize=8192 bytes
2026-03-27 20:09:36.165 [tomcat-handler-19] DEBUG c.a.r.service.impl.VectorServiceImpl - 切片向量化成功: chunkId=4
2026-03-27 20:09:36.165 [tomcat-handler-19] DEBUG org.mybatis.spring.SqlSessionUtils - Fetched SqlSession [org.apache.ibatis.session.defaults.DefaultSqlSession@c4d8212] from current transaction
2026-03-27 20:09:36.165 [tomcat-handler-19] DEBUG c.a.r.m.C.batchUpdateVectorized - ==>  Preparing: UPDATE resource_chunks SET vectorized = ? WHERE id IN ( ? )
2026-03-27 20:09:36.166 [tomcat-handler-19] DEBUG c.a.r.m.C.batchUpdateVectorized - ==> Parameters: true(Boolean), 4(Long)
2026-03-27 20:09:36.170 [tomcat-handler-19] DEBUG c.a.r.m.C.batchUpdateVectorized - <==    Updates: 1
2026-03-27 20:09:36.170 [tomcat-handler-19] DEBUG org.mybatis.spring.SqlSessionUtils - Releasing transactional SqlSession [org.apache.ibatis.session.defaults.DefaultSqlSession@c4d8212]
2026-03-27 20:09:36.170 [tomcat-handler-19] INFO  c.a.r.service.impl.VectorServiceImpl - 批量更新向量化状态: 1 个切片
2026-03-27 20:09:36.170 [tomcat-handler-19] DEBUG org.mybatis.spring.SqlSessionUtils - Fetched SqlSession [org.apache.ibatis.session.defaults.DefaultSqlSession@c4d8212] from current transaction
2026-03-27 20:09:36.171 [tomcat-handler-19] DEBUG c.a.r.m.ChunkMapper.findByResourceId - ==>  Preparing: SELECT id, resource_id, chunk_index, chunk_text, location_info, page_start, page_end, chapter_path, text_hash, vectorized, created_at FROM resource_chunks WHERE resource_id = ? ORDER BY chunk_index ASC
2026-03-27 20:09:36.171 [tomcat-handler-19] DEBUG c.a.r.m.ChunkMapper.findByResourceId - ==> Parameters: 2(Long)
2026-03-27 20:09:36.173 [tomcat-handler-19] DEBUG c.a.r.m.ChunkMapper.findByResourceId - <==      Total: 1
2026-03-27 20:09:36.174 [tomcat-handler-19] DEBUG org.mybatis.spring.SqlSessionUtils - Releasing transactional SqlSession [org.apache.ibatis.session.defaults.DefaultSqlSession@c4d8212]
2026-03-27 20:09:36.174 [tomcat-handler-19] DEBUG org.mybatis.spring.SqlSessionUtils - Fetched SqlSession [org.apache.ibatis.session.defaults.DefaultSqlSession@c4d8212] from current transaction
2026-03-27 20:09:36.174 [tomcat-handler-19] DEBUG c.a.r.m.R.updateChunkStatus - ==>  Preparing: UPDATE resources SET chunk_count = ?, vectorized = ? WHERE id = ?
2026-03-27 20:09:36.174 [tomcat-handler-19] DEBUG c.a.r.m.R.updateChunkStatus - ==> Parameters: 1(Integer), true(Boolean), 2(Long)
2026-03-27 20:09:36.176 [tomcat-handler-19] DEBUG c.a.r.m.R.updateChunkStatus - <==    Updates: 1
2026-03-27 20:09:36.176 [tomcat-handler-19] DEBUG org.mybatis.spring.SqlSessionUtils - Releasing transactional SqlSession [org.apache.ibatis.session.defaults.DefaultSqlSession@c4d8212]
2026-03-27 20:09:36.177 [tomcat-handler-19] DEBUG c.a.r.s.impl.ResourceServiceImpl - 资源切片状态已更新: resourceId=2, chunkCount=1, vectorized=true
2026-03-27 20:09:36.177 [tomcat-handler-19] INFO  c.a.r.service.impl.VectorServiceImpl - 资源向量化完成: resourceId=2, chunkCount=1
2026-03-27 20:09:36.177 [tomcat-handler-19] INFO  c.a.r.s.impl.ProcessingServiceImpl - 向量化任务已触发: 资源ID=2
2026-03-27 20:09:36.180 [tomcat-handler-19] DEBUG c.a.r.s.impl.ProcessingServiceImpl - 已释放分布式锁: resource:upload:4904349206f4f17958ffad14e61eecb5ac0907a4d393ff96c7beb83b412a6e38
2026-03-27 20:09:36.181 [tomcat-handler-19] DEBUG org.mybatis.spring.SqlSessionUtils - Transaction synchronization committing SqlSession [org.apache.ibatis.session.defaults.DefaultSqlSession@c4d8212]
2026-03-27 20:09:36.181 [tomcat-handler-19] DEBUG org.mybatis.spring.SqlSessionUtils - Transaction synchronization deregistering SqlSession [org.apache.ibatis.session.defaults.DefaultSqlSession@c4d8212]
2026-03-27 20:09:36.181 [tomcat-handler-19] DEBUG org.mybatis.spring.SqlSessionUtils - Transaction synchronization closing SqlSession [org.apache.ibatis.session.defaults.DefaultSqlSession@c4d8212]
2026-03-27 20:09:40.327 [tomcat-handler-21] DEBUG c.a.r.c.SecurityConfig$JwtAuthenticationFilter - Authenticated user: 2
2026-03-27 20:09:40.329 [tomcat-handler-21] INFO  c.a.rag.controller.VectorController - POST /api/vectors/vectorize-all
2026-03-27 20:09:40.329 [ForkJoinPool.commonPool-worker-1] INFO  c.a.r.service.impl.VectorServiceImpl - 开始批量向量化所有未向量化的切片
2026-03-27 20:09:40.329 [ForkJoinPool.commonPool-worker-1] DEBUG org.mybatis.spring.SqlSessionUtils - Creating a new SqlSession
2026-03-27 20:09:40.329 [ForkJoinPool.commonPool-worker-1] DEBUG org.mybatis.spring.SqlSessionUtils - SqlSession [org.apache.ibatis.session.defaults.DefaultSqlSession@2f4f0409] was not registered for synchronization because synchronization is not active
2026-03-27 20:09:40.331 [ForkJoinPool.commonPool-worker-1] DEBUG o.m.s.t.SpringManagedTransaction - JDBC Connection [HikariProxyConnection@562622352 wrapping com.mysql.cj.jdbc.ConnectionImpl@38968752] will not be managed by Spring
2026-03-27 20:09:40.331 [ForkJoinPool.commonPool-worker-1] DEBUG c.a.r.m.ChunkMapper.findUnvectorized - ==>  Preparing: SELECT id, resource_id, chunk_index, chunk_text, location_info, page_start, page_end, chapter_path, text_hash, vectorized, created_at FROM resource_chunks WHERE vectorized = FALSE ORDER BY resource_id ASC, chunk_index ASC
2026-03-27 20:09:40.331 [ForkJoinPool.commonPool-worker-1] DEBUG c.a.r.m.ChunkMapper.findUnvectorized - ==> Parameters: 
2026-03-27 20:09:40.334 [ForkJoinPool.commonPool-worker-1] DEBUG c.a.r.m.ChunkMapper.findUnvectorized - <==      Total: 0
2026-03-27 20:09:40.334 [ForkJoinPool.commonPool-worker-1] DEBUG org.mybatis.spring.SqlSessionUtils - Closing non transactional SqlSession [org.apache.ibatis.session.defaults.DefaultSqlSession@2f4f0409]
2026-03-27 20:09:40.334 [ForkJoinPool.commonPool-worker-1] INFO  c.a.r.service.impl.VectorServiceImpl - 找到 0 个未向量化的切片
2026-03-27 20:10:16.768 [tomcat-handler-25] DEBUG c.a.r.c.SecurityConfig$JwtAuthenticationFilter - Authenticated user: 2
2026-03-27 20:10:16.772 [tomcat-handler-25] INFO  c.a.r.controller.ResourceController - GET /api/resources/1
2026-03-27 20:10:16.773 [tomcat-handler-25] DEBUG org.mybatis.spring.SqlSessionUtils - Creating a new SqlSession
2026-03-27 20:10:16.773 [tomcat-handler-25] DEBUG org.mybatis.spring.SqlSessionUtils - SqlSession [org.apache.ibatis.session.defaults.DefaultSqlSession@18179f89] was not registered for synchronization because synchronization is not active
2026-03-27 20:10:16.779 [tomcat-handler-25] DEBUG o.m.s.t.SpringManagedTransaction - JDBC Connection [HikariProxyConnection@2015968496 wrapping com.mysql.cj.jdbc.ConnectionImpl@38968752] will not be managed by Spring
2026-03-27 20:10:16.780 [tomcat-handler-25] DEBUG c.a.r.mapper.ResourceMapper.findById - ==>  Preparing: SELECT id, title, tags, file_type, file_path, file_size, description, content_hash, uploaded_by, upload_time, chunk_count, vectorized FROM resources WHERE id = ?
2026-03-27 20:10:16.781 [tomcat-handler-25] DEBUG c.a.r.mapper.ResourceMapper.findById - ==> Parameters: 1(Long)
2026-03-27 20:10:16.788 [tomcat-handler-25] DEBUG c.a.r.mapper.ResourceMapper.findById - <==      Total: 1
2026-03-27 20:10:16.789 [tomcat-handler-25] DEBUG org.mybatis.spring.SqlSessionUtils - Closing non transactional SqlSession [org.apache.ibatis.session.defaults.DefaultSqlSession@18179f89]
2026-03-27 20:10:31.159 [tomcat-handler-27] DEBUG c.a.r.c.SecurityConfig$JwtAuthenticationFilter - Authenticated user: 2
2026-03-27 20:10:31.160 [tomcat-handler-27] INFO  c.a.r.controller.ResourceController - GET /api/resources/1/chunks
2026-03-27 20:10:31.161 [tomcat-handler-27] DEBUG org.mybatis.spring.SqlSessionUtils - Creating a new SqlSession
2026-03-27 20:10:31.161 [tomcat-handler-27] DEBUG org.mybatis.spring.SqlSessionUtils - SqlSession [org.apache.ibatis.session.defaults.DefaultSqlSession@1555cd3] was not registered for synchronization because synchronization is not active
2026-03-27 20:10:31.162 [tomcat-handler-27] DEBUG o.m.s.t.SpringManagedTransaction - JDBC Connection [HikariProxyConnection@1446958517 wrapping com.mysql.cj.jdbc.ConnectionImpl@38968752] will not be managed by Spring
2026-03-27 20:10:31.162 [tomcat-handler-27] DEBUG c.a.r.m.ChunkMapper.findByResourceId - ==>  Preparing: SELECT id, resource_id, chunk_index, chunk_text, location_info, page_start, page_end, chapter_path, text_hash, vectorized, created_at FROM resource_chunks WHERE resource_id = ? ORDER BY chunk_index ASC
2026-03-27 20:10:31.163 [tomcat-handler-27] DEBUG c.a.r.m.ChunkMapper.findByResourceId - ==> Parameters: 1(Long)
2026-03-27 20:10:31.168 [tomcat-handler-27] DEBUG c.a.r.m.ChunkMapper.findByResourceId - <==      Total: 3
2026-03-27 20:10:31.168 [tomcat-handler-27] DEBUG org.mybatis.spring.SqlSessionUtils - Closing non transactional SqlSession [org.apache.ibatis.session.defaults.DefaultSqlSession@1555cd3]
2026-03-27 20:10:37.180 [tomcat-handler-29] DEBUG c.a.r.c.SecurityConfig$JwtAuthenticationFilter - Authenticated user: 2
2026-03-27 20:10:37.192 [tomcat-handler-29] INFO  c.a.rag.controller.ChatController - POST /api/chat/ask - userId=2, question='什么是机器学习？', topK=3
2026-03-27 20:10:37.194 [tomcat-handler-29] INFO  c.a.rag.service.impl.RagServiceImpl - 执行问答：userId=2, question='什么是机器学习？', useRag=true, topK=3
2026-03-27 20:10:37.194 [tomcat-handler-29] INFO  c.a.r.service.impl.SearchServiceImpl - 执行聚合语义检索：query='什么是机器学习？', topK=3
2026-03-27 20:10:37.194 [tomcat-handler-29] INFO  c.a.r.service.impl.SearchServiceImpl - 执行语义检索：query='什么是机器学习？', topK=6
2026-03-27 20:10:37.198 [tomcat-handler-29] DEBUG c.a.rag.gateway.cache.EmbeddingCache - Embedding cache miss for textHash: eb6b86c933294ca91d8169f3fb97ca828c016bfbdd7707022a805be154806145
2026-03-27 20:10:37.198 [tomcat-handler-29] INFO  c.a.rag.gateway.EmbeddingGateway - 调用 Embedding API：model=embedding-3, textPreview=什么是机器学习？
2026-03-27 20:10:37.200 [tomcat-handler-29] INFO  d.l.h.client.log.LoggingHttpClient - HTTP request:
- method: POST
- url: https://open.bigmodel.cn/api/paas/v4/embeddings
- headers: [Authorization: Beare...1c], [Content-Type: application/json]
- body: {
  "input" : "什么是机器学习？",
  "model" : "embedding-3"
}

2026-03-27 20:10:37.615 [tomcat-handler-29] INFO  d.l.h.client.log.LoggingHttpClient - HTTP response:
- status code: 200
- headers: [:status: 200], [content-type: application/json; charset=UTF-8], [date: Fri, 27 Mar 2026 12:10:37 GMT], [set-cookie: acw_tc=76b20fb617746134373646335e0b0dafa32ed29ac5ccb42a8b62a38141da4a;path=/;HttpOnly;Max-Age=1800], [strict-transport-security: max-age=31536000; includeSubDomains], [vary: [Accept-Encoding, Origin, Access-Control-Request-Method, Access-Control-Request-Headers, Origin, Access-Control-Request-Method, Access-Control-Request-Headers]], [x-log-id: 20260327201037eb14ce058f41475f]
- body: {"data":[{"embedding":[0.0011305317,-0.0003535524,-0.011724562,0.015174087,-0.0014130152,-0.033176593,-0.007630043,0.0045579593,-0.0038006883,0.012164114,0.0035044688,0.003958354,0.01198256,0.015498973,0.009674914,-0.004543626,-0.018336948,-0.012307446,-0.022111358,-0.004780124,0.022627354,0.008346704,-0.020620706,0.043764055,-0.010635239,-0.011227678,0.021958472,0.046630695,0.013024107,0.0009083669,0.015537195,0.12620865,-0.020276709,0.011323232,0.0006034877,0.049076896,0.017840063,-0.039712537,-0.003246471,0.012775664,0.04938267,0.0064164987,0.016779406,-0.009636692,0.03166683,-0.043420058,-0.02213047,-0.004968845,0.0070997146,-0.019168274,-0.0009358389,-0.012412556,0.006679274,0.009373916,0.002544144,-0.013148327,0.0050787325,0.01472498,0.016215634,0.004457627,-0.017199848,-0.036081456,-0.03797344,-0.002706587,0.026239322,-0.001687735,-0.01290944,-0.0013377658,0.0023064518,0.009813468,0.021174923,0.029698402,0.0072812685,0.034399696,0.020544263,0.02943085,-0.014696314,-0.00237334,0.015193198,-0.0005016622,0.0026062545,-0.010281687,0.016062746,-0.012899885,-0.00038729518,-0.0027352534,0.02922063,-0.010845459,0.019626936,0.008490035,0.007954929,0.014142096,-0.028112194,-0.014916089,0.022149581,-0.0059482804,-0.05545995,0.0011341149,-0.005432285,-0.009383472,0.008685923,0.022226024,-0.0060725017,-0.027634421,-0.02297135,0.009947245,0.020162042,0.008757588,0.018107617,-0.008662034,-0.04487249,-0.014466982,0.013712101,0.020945592,-0.020620706,-0.007969262,-0.017352734,-0.029086852,0.011046124,0.00095136656,0.0053462856,-0.0007692154,-0.0007990762,-0.00037326055,0.0005312244,0.02803575,0.001616069,-0.00983258,0.028781077,0.024003342,0.03696056,-0.03296637,0.0058718366,0.0005545159,0.02090737,0.016206078,-0.01655963,0.029297072,-0.031189056,0.015059422,-0.0017355124,-0.026067324,0.0060725017,-0.01268011,0.026315765,-0.14914179,-0.010558795,0.030386396,-0.030711282,-0.01626341,-0.017314512,-0.014199429,0.015718749,-0.021136701,-0.015852526,-0.011084346,-0.0057141716,0.0029550293,0.017018294,0.026487764,-0.06383055,0.0063304994,0.038068995,0.0034853579,0.019034497,-0.0075727105,0.0016745962,0.0072669354,-0.01483009,-0.00938825,0.018346503,-0.03212549,-0.020448707,-0.05305197,0.03936854,0.033176593,0.0034973023,-0.0028236415,0.015107199,-0.02255091,-0.017018294,0.007491489,0.0012021976,0.003155694,0.024309117,0.0048613455,-0.010845459,0.0009627137,0.015154976,0.017333623,-0.024710447,-0.0025393663,-0.009909023,-0.021251367,0.005394063,-0.0009083669,0.019244717,-0.00573806,0.019474048,-0.008810144,-0.014189874,0.008389703,-0.018862499,-0.011571675,-0.017324068,0.02560866,0.022168692,0.025207331,-0.019856269,0.037056115,-0.017906953,-0.0009710747,0.03455258,-0.009474249,0.026258433,0.018614057,0.0050596218,-0.018203171,0.0083514815,-0.055765726,-0.033673476,-0.025742438,-0.018680945,0.0006187167,-0.028723745,0.038699657,-0.013712101,-0.0003631079,-0.028857522,0.047280468,0.012431667,-0.0012057809,0.00023157086,-0.017352734,0.013540102,0.0038532435,-0.0199136,-0.01582386,0.0139700975,0.036845893,-0.0008146039,0.005327175,-0.027710864,0.012307446,-0.003970298,-0.021461587,-0.016234744,0.010979236,0.0016351799,-0.017830508,-0.046974692,-0.022570021,-0.009498138,-0.0074054897,-0.041394297,0.028379748,0.024863334,-0.022608243,-0.011829672,-0.001470348,0.026105545,0.018403836,-0.005035733,-0.007653932,-0.0066649406,0.006354388,-0.010472796,-0.0020030655,0.018231837,-0.041279633,-0.012976329,-0.017343178,0.018356059,-0.0018812333,0.016932294,0.0017689565,-0.024328228,-0.0011329205,-0.0099568,0.0014476537,-0.0037744108,-0.032603264,0.016425854,-0.013683434,0.016702963,0.0049927332,0.0009227001,0.010998347,0.016989626,0.0010230326,-0.0009889912,-0.005417952,-0.015154976,0.016215634,-0.03390281,0.012221447,0.015479863,0.04449027,0.03288993,-0.018442059,0.0023303404,-0.026296655,0.0012923774,-0.02943085,0.016511854,-0.016626518,0.0052937306,-0.009679692,0.024538448,0.00955547,-0.004476738,0.004567515,0.028914854,-0.02515,-0.002284952,0.0031676386,-0.034590803,-0.013731211,-0.03346326,-0.023850454,-0.00005811667,-0.019311607,-0.008423148,0.01987538,0.0075535993,-0.024404671,0.027118426,-0.0051551764,-0.012336113,-0.016788961,-0.016597852,0.004202018,-0.0017522344,-0.022627354,-0.002563255,0.020429596,-0.02966018,0.017457845,0.011609897,-0.03107439,0.020811815,-0.0058240592,0.008146038,0.009273584,0.03310015,0.017945174,-0.007018493,0.022799352,0.022015804,-0.002092648,0.0016889294,-0.020467818,0.010702127,-0.028742855,-0.0131769935,-0.02557044,-0.032182824,-0.012183225,-0.0000468442,-0.034380585,0.013368104,0.0024748668,-0.007921485,-0.014247207,0.010558795,0.0021344533,-0.0046511255,0.048809342,-0.008762366,0.0008146039,0.027347757,-0.0131769935,0.023315348,0.010568351,-0.02295224,-0.028781077,0.010501462,-0.004584237,-0.010692571,0.050949767,-0.015374752,0.020888258,0.012775664,-0.011074791,-0.045713373,0.01890072,-0.05423685,0.011600342,-0.019101385,-0.008155595,0.015890747,-0.028379748,-0.044719603,-0.0052841753,0.030615728,-0.012422112,0.017849619,0.01867139,-0.17490333,0.00092747784,-0.01970338,0.026220212,0.026697984,-0.00761571,0.024538448,-0.0031103056,0.016062746,-0.0149734225,-0.012527222,0.0039034097,0.018872054,0.0031007503,-0.0005900503,-0.01970338,-0.012899885,0.012355223,0.01673163,0.011867895,-0.011925227,0.004837457,-0.022684688,0.04605737,0.028131306,0.018279616,0.005394063,0.0060533904,0.051675986,-0.0012529611,-0.029277962,-0.029927734,0.024022453,-0.009474249,-0.00426174,0.015460751,0.016005414,0.035985902,0.00084267306,-0.019951822,-0.008189038,0.022073137,-0.009622359,-0.012106781,0.06879939,-0.017094737,0.0027161425,0.033176593,0.035068575,-0.004190074,-0.028131306,-0.0074341563,-0.0077017094,-0.0034328029,0.002023371,0.03204905,0.019951822,0.022034915,-0.00508351,0.005365397,0.003048195,-0.009646247,0.01917783,0.019397605,0.10633328,0.0051312875,-0.0074246004,-0.009717913,-0.020601595,-0.005776282,-0.023258016,-0.00085222855,-0.002744809,-0.008690701,0.012250113,0.014763202,-0.0120972255,0.0062349443,-0.022378912,-0.0067270515,0.00016841516,0.025417551,0.024786891,-0.020735372,0.037285447,-0.007472378,-0.007950151,-0.022187803,0.020353151,0.003788744,0.020200266,-0.02109848,0.018298727,-0.013339437,-0.011906116,-0.03311926,0.0031079168,-0.032717932,0.011944338,-0.038088106,0.029832179,0.007118826,0.026239322,0.016502298,-0.0015300697,-0.0018382337,0.0034280252,-0.007945374,-0.016320745,-0.043534722,-0.018824277,-0.012613221,0.012221447,-0.009307029,-0.016722074,-0.0398272,0.013062328,0.009426472,0.05381641,0.010319908,-0.025857104,-0.0054370626,0.009139808,-0.034705468,-0.0213087,-0.0018621223,-0.012880774,0.007515378,0.0030649172,0.021595363,-0.014170763,0.015833415,0.013272549,0.008174705,-0.007682598,0.005322397,-0.012183225,-0.02778731,0.030157065,0.0007166603,0.0075201555,-0.008208149,0.023047796,-0.020410486,0.03252682,-0.020601595,0.022780241,0.040438753,0.019416716,-0.02721398,0.00057362684,0.0034566915,0.011246789,0.0030171399,-0.0005153982,-0.016712518,-0.020773593,0.01014791,-0.01966516,0.011839228,0.025857104,0.014581648,0.0028953075,0.008738478,0.036253456,0.0048876232,-0.000107723,-0.019512272,-0.022627354,0.027385978,0.040056534,-0.017515177,0.02841797,-0.0055373954,-0.030825948,-0.024098897,0.0008402842,-0.018814722,-0.028876632,0.015604083,-0.003196305,0.0039249095,0.06027591,0.028838411,-0.012527222,0.03734278,0.012345668,0.005967391,0.012852108,-0.02721398,-0.006187167,0.024500227,0.020926481,0.02658332,0.01970338,-0.009469471,-0.011810562,-0.004116019,-0.008002707,0.055536397,-0.010816793,0.021404253,-0.003138972,-0.016416298,-0.010033244,0.0064881644,-0.010052355,-0.0087337,-0.007830708,0.0052841753,-0.050452884,-0.04116497,0.0060342797,-0.008958254,-0.0263731,0.024691336,0.006354388,0.025685105,-0.051523097,0.034036588,-0.008685923,-0.0112659,-0.004010909,0.010979236,-0.008490035,0.018203171,0.040285863,-0.016903628,-0.010749904,0.007233491,-0.027175758,-0.023047796,-0.0010254214,0.0065980526,0.021232255,-0.013157883,0.0012971552,0.010635239,0.011562119,-0.023563791,-0.008327592,-0.039674316,0.0046797916,-0.010501462,-0.042273402,0.030940613,0.009541137,0.002031732,-0.018594945,0.014400094,0.010941014,0.00645472,-0.005647283,-0.008657256,-0.008910476,0.015699638,0.0052411756,0.0225318,-0.009517249,0.023238905,0.022799352,-0.026678873,-0.002040093,0.006316166,0.050070666,0.012766109,0.0006700774,-0.0050022886,-0.024710447,0.0043357946,0.009622359,-0.018872054,-0.0072048246,0.03535524,-0.008279815,-0.007596599,-0.014753646,0.005613839,0.00649772,0.010138354,-0.040515196,0.004729958,-0.03820277,-0.041738294,-0.009268806,0.0047371243,-0.006340055,0.09119741,0.03147572,0.009545915,-0.009526804,0.008824477,-0.015537195,-0.0055756173,0.01696096,0.022206914,0.004264129,-0.0053892853,0.02901041,-0.02276113,0.0058718366,-0.0071904915,0.026697984,-0.005852726,0.018604502,-0.015174087,-0.002348257,0.0031341943,-0.0069946046,0.0071044923,-0.010807238,-0.014772758,-0.013587879,0.01390321,-0.028570857,-0.029163295,0.007295602,0.06211056,0.02151892,0.012727886,0.0062875,-0.01360699,-0.03166683,0.0068656057,-0.020945592,-0.005757171,-0.097695135,0.033616144,-0.023525568,-0.014438316,0.026334876,-0.02033404,-0.02255091,-0.0100428,-0.004225907,0.0163303,-0.00089940865,0.022856686,0.017438734,0.009889912,-0.011275455,-0.042999618,0.05461907,-0.010826348,0.012641887,0.006913383,0.012211892,-0.0026635875,-0.01208767,-0.047968462,-0.011858339,-0.009975911,-0.0066697183,-0.011313677,-0.041088525,0.005341508,-0.01888161,-0.015298309,0.026621541,0.035794795,-0.010367686,0.008700256,-0.016062746,0.01767762,0.026774429,-0.018451614,-0.0032727488,0.023066906,0.02031493,0.0007757848,-0.019990044,-0.031361055,0.028570857,0.04494893,0.023430014,0.013941431,-0.029965956,-0.018747833,-0.006316166,-0.0014476537,-0.0053892853,0.023869565,0.05725638,-0.0014572092,0.01654052,-0.015795194,0.018814722,0.014352317,0.028112194,0.0027997529,-0.014782313,0.014963867,0.06952561,0.008064817,0.011304121,0.0031294166,0.056147944,0.03655923,-0.0049019563,0.000735174,0.06348655,0.03290904,-0.0137598775,-0.007247824,0.013052773,-0.00030517785,-0.012985884,-0.0051408433,-0.011973005,-0.02681265,0.008318037,-0.0010009356,0.020697149,0.021480698,0.008814922,0.025876215,-0.012317002,-0.024767779,0.0058766142,-0.0099854665,0.014142096,0.008380148,-0.017830508,-0.015489418,-0.009627136,-0.021690918,0.009302251,-0.016043635,-0.026430432,0.013931876,-0.004765791,-0.026468653,-0.005288953,0.038718767,0.020658927,-0.00021947721,-0.037132557,0.004163796,-0.0038938543,0.01987538,-0.009512471,-0.034571692,0.033788145,-0.008609479,-0.025226442,-0.0024820336,-0.016636074,0.031781495,0.040706303,0.032737043,-0.015088088,-0.06329544,0.0067796065,-0.0028379748,-0.008819699,-0.020181153,0.007018493,0.009058586,0.030787727,-0.00005292835,-0.02923974,-0.00032787208,-0.02536022,-0.020486929,-0.010272131,-0.0053176195,-0.0050978437,0.014342762,-0.0025847547,-0.012622776,0.010501462,-0.023372682,-0.0002467999,0.0000468442,0.014476538,0.022245135,0.019053608,0.062454555,0.007778153,0.040553417,-0.009158919,-0.0059626135,0.048121348,-0.032412156,-0.0026922538,0.016846295,-0.009842135,0.025704216,-0.013769433,0.020964703,0.012575,-0.0023410902,0.026831761,0.008948699,-0.00054555765,-0.009975911,0.008002707,-0.044299163,-0.019512272,-0.027175758,-0.02457667,-0.0073194904,-0.0019743992,-0.014075208,-0.0064164987,-0.021155812,0.024309117,0.020697149,0.0150785325,0.0326606,0.05523062,-0.00018857124,0.022875797,0.0006420082,0.004997511,-0.005159954,-0.016378077,0.016435409,0.020219376,-0.018346503,-0.0005990086,0.024041563,-0.047815576,0.052899085,-0.02132781,-0.0077685975,0.030596618,0.00012257877,-0.032870818,-0.0024700891,-0.005671172,-0.022570021,0.008972587,-0.02436645,-0.019798934,0.020353151,-0.0116481185,0.034208585,0.008513925,0.041776516,0.009646247,0.008623812,-0.01634941,-0.017180735,-0.004586626,-0.0022945073,0.013626101,-0.02029582,-0.02843708,-0.030577505,0.0032201936,-0.033329483,-0.023449125,0.0144192055,-0.0036048014,-0.00970358,-0.03430414,0.032335714,0.03734278,0.012823441,-0.0013664323,-0.043572947,-0.043725833,-0.0055278395,-0.03046284,0.018948497,-0.031150835,0.013568768,0.00213087,0.0019552882,0.027940195,0.056339055,0.008528258,-0.038432103,-0.016043635,-0.020219376,0.008222482,-0.042923175,0.022149581,0.0137598775,0.030386396,-0.006134612,0.0012254891,0.034801025,-0.012001671,0.008877032,-0.0039487984,-0.020754483,0.050682217,-0.006406943,0.0051408433,0.014237652,0.02109848,0.023410903,0.0146294255,0.008800589,-0.014342762,0.017295402,0.020582484,-0.016760295,-0.031819716,-0.018107617,0.027061092,0.0045794593,-0.0010588656,0.030978836,-0.040132977,-0.0043071285,0.033616144,-0.0069754934,0.005809726,0.014228095,0.018700056,-0.0008970198,0.009249696,0.012211892,-0.03531702,0.0059435028,-0.04491071,-0.04364939,0.0111990115,0.057332825,0.027500644,0.055383507,-0.030978836,0.035278797,-0.008872255,0.016444964,-0.00048255126,-0.030558394,-0.046172034,0.0036716897,0.015623194,0.0030458062,-0.0027352534,-0.028953075,0.00076085434,-0.03262238,-0.017333623,0.027137537,-0.007859374,-0.019722492,-0.030959725,0.008862699,0.003953576,0.004818346,-0.0046678474,-0.0037863553,-0.01631119,0.018814722,-0.0062875,-0.0025321997,0.03189616,0.00062468887,-0.037075225,-0.04529293,-0.001236239,-0.013731211,0.034418806,-0.0017211791,0.018098062,0.010683016,0.00563295,-0.009660581,-0.0038174104,0.006464276,0.03331037,-0.012766109,0.013731211,0.02010471,0.01652141,0.0015061811,-0.035699237,0.025226442,0.012183225,0.018059839,-0.0028929187,-0.0049115117,0.035030354,0.028972186,0.004350128,0.0000089115965,-0.018728722,-0.010004577,0.029354405,0.03537435,-0.01208767,-0.00034399694,-0.0095650265,0.006426054,0.01054924,-0.019646047,0.03288993,-0.0013246271,0.04219696,-0.022015804,-0.020429596,-0.011351899,0.018098062,0.033348594,0.038546767,-0.009149363,0.025971768,0.0025943103,0.022206914,0.0004341767,-0.021882027,-0.02029582,0.011629008,0.022474466,-0.019741602,0.0071236035,0.014361872,0.0118870055,0.010453685,0.029201519,-0.011667229,0.029144185,0.018136283,0.0017856786,0.015498973,-0.016779406,-0.0100428,-0.015355641,0.030233508,-0.007825931,-0.019187385,-0.009784802,0.019588714,-0.029067742,-0.0104345735,-0.028723745,-0.0007447295,-0.018814722,0.016100967,-0.016406743,-0.029105963,-0.01137101,-0.0035307463,-0.008447036,0.020888258,-0.030405506,0.0031676386,-0.002728087,0.027041981,-0.004675014,0.019311607,-0.034017473,0.021690918,0.022608243,-0.047968462,-0.010339019,0.007544044,-0.03575657,0.028322415,0.028609078,-0.02396512,0.007056715,0.017132958,-0.017840063,-0.052402202,-0.010310353,0.00786893,-0.02293313,-0.016894072,-0.0024127562,0.0019254274,0.021862917,-0.010683016,-0.009407361,-0.0074054897,0.012250113,0.01472498,-0.013855432,0.01797384,0.026296655,0.0011167956,0.012565444,0.000043596836,-0.003303804,-0.0263731,0.029774847,0.020028267,0.024920667,-0.007854597,0.019856269,0.010291242,0.026564209,0.010033244,0.019626936,0.023372682,0.026525985,0.00021051896,0.008867477,-0.012383889,-0.015174087,-0.0035618017,0.018862499,-0.0082177045,0.017209403,-0.007916708,0.034801025,0.0013819599,-0.022455355,0.00299564,0.003535524,-0.016167857,-0.018356059,0.003554635,0.01329166,0.014562537,0.01769673,0.03348237,-0.005685505,0.0099854665,0.0076778205,-0.03086417,0.015145421,0.031112611,-0.018948497,0.025302887,-0.005881392,0.0016972905,0.013138772,-0.02174825,-0.0010254214,-0.00023097364,-0.000509426,-0.0057189493,-0.008437481,0.006406943,0.012116336,0.026067324,0.021251367,-0.03430414,-0.0054227295,-0.0065789414,-0.032240156,0.015785638,0.010683016,-0.006822606,0.005800171,0.04326717,0.006402165,-0.0022861464,-0.003970298,-0.005470507,-0.01208767,-0.019646047,0.016702963,-0.023487346,-0.029755736,0.0050978437,-0.00029756333,0.010644794,0.0340557,0.002031732,0.03837477,-0.0042187404,-0.01675074,0.026678873,0.0037314112,0.02012382,-0.032393046,0.01573786,0.012957218,0.026162878,0.021977583,0.012880774,-0.018680945,0.020544263,0.015604083,-0.039903644,-0.008795811,0.013578324,-0.011791451,-0.0082463715,0.0008898532,0.025111776,-0.013434991,0.02515,-0.0014321262,-0.0007596599,0.0014691536,0.016597852,0.0012971552,-0.009679692,0.01544164,-0.005417952,-0.01605319,-0.007821153,0.0014094319,-0.018002506,0.024978,-0.010453685,0.012918997,0.005862281,-0.03086417,0.011361455,0.007524933,0.029774847,0.019139608,0.017639399,0.020735372,0.013148327,-0.0162443,0.029182408,0.0031198612,0.007840264,-0.03346326,0.032297492,-0.010377241,-0.020219376,-0.014438316,0.017572511,0.017496066,0.030730393,-0.018002506,-0.006225389,-0.009584137,-0.005905281,0.00032339295,-0.0020508429,0.0020496484,0.007147492,-0.0023136183,0.0059291697,-0.029488182,-0.030348174,-0.013855432,-0.023563791,0.019818045,0.019149164,-0.006693607,-0.034820136,-0.02579977,0.010405907,-0.03063484,0.013778988,0.009259251,-0.0021655085,-0.00791193,-0.038470324,0.0023769233,0.017094737,0.032182824,-0.014342762,0.020735372,0.013778988,0.04708936,0.037705887,-0.04510182,-0.009364361,0.0073911566,0.014686759,-0.000009429496,0.033233926,0.008494813,0.029182408,0.013033662,0.0068656057,-0.02230247,-0.004689347,-0.01421854,0.009713136,0.00959847,0.008843588,-0.018346503,0.041776516,-0.034399696,-0.011189456,-0.013597434,0.024022453,-0.009870801,0.027959308,-0.008853143,0.009001253,0.030825948,-0.021251367,0.00067425787,0.00061274454,0.052478645,0.010740349,-0.021060256,0.00837537,-0.010425018,0.00827026,-0.017180735,-0.00020932453,0.0014440705,-0.0054943957,-0.015766526,0.021671807,0.013234327,-0.0036310789,-0.003647801,0.016387632,0.0024402284,0.033425037,0.012794775,-0.0117532285,0.0073194904,-0.006731829,0.0012529611,-0.0007387573,-0.011007902,0.009039476,-0.008083928,0.013272549,-0.0058718366,0.0021225088,0.0066362745,-0.031418387,0.003158083,-0.041088525,0.015250531,0.018996276,0.020620706,0.011485675,0.007276491,-0.031341944,0.030023288,0.020257598,0.03552724,-0.031571276,0.018757388,-0.003155694,0.028838411,0.030348174,0.02012382,-0.022168692,0.021499809,0.033291258,-0.00067425787,0.015221865,0.010425018,-0.008896143,-0.02335357,-0.0065502753,0.033444148,-0.01675074,-0.005790615,0.0042474065,-0.0069611603,-0.00054615486,-0.02660243,-0.027978418,-0.010692571,0.05928214,0.0021332589,0.015909858,-0.0100428,-0.042540956,-0.0019887323,0.008208149,-0.018241392,0.049994223,0.013062328,-0.0017856786,-0.0117818955,0.0047204024,0.007180936,0.0015838193,-0.011858339,-0.053357746,-0.007582266,-0.017906953,0.017008737,0.0055373954,0.000096898446,-0.0041016857,0.015068977,0.013664323,0.003958354,0.03447614,0.00955547,0.026908206,-0.022206914,0.002390062,-0.01461987,-0.048274238,0.04494893,-0.014944756,0.0057141716,0.0078880405,0.0008832838,-0.021022035,0.0010003384,0.022398023,-0.009674914,0.020410486,-0.061078567,-0.043152504,0.0057141716,0.014266318,0.005800171,-0.027118426,-0.0031198612,-0.012689665,0.016158301,-0.012135448,-0.015135866,-0.016817627,0.008977365,0.007238269,0.03348237,0.025207331,0.0100905765,-0.008743255,-0.0005801962,-0.04158541,-0.01706607,-0.0004488085,0.0037648554,0.007849819,0.015498973,-0.0087767,0.008050484,-0.017687175,0.02274202,-0.0064356094,-0.017945174,-0.0200856,-0.016798517,-0.022111358,0.0135209905,-0.035297908,0.00056705746,0.012775664,-0.007075826,-0.0237549,-0.020869147,-0.024003342,0.019798934,-0.0041614072,-0.03227838,0.033004597,-0.036291678,-0.0036215233,0.012527222,0.025952658,0.001831067,-0.015508529,0.02822686,-0.048006684,-0.00070232706,0.0005195787,-0.0038675766,0.009603248,-0.00070471596,0.03577568,-0.014591204,-0.008146038,0.0043214615,-0.022589132,-0.017992951,0.0036334677,-0.024920667,0.01014791,-0.07644376,0.010415463,0.015575417,0.0065407194,-0.010740349,0.0059865024,-0.028360637,-0.0015814304,-0.0041614072,0.041432522,0.018709611,0.023296237,-0.03975076,0.027462423,-0.014094319,0.014600759,0.03537435,-0.014027431,-0.019024942,0.05072044,-0.011418788,-0.009674914,0.09073875,0.024863334,-0.012145003,-0.009545915,0.005957836,-0.0061632786,-0.027921084,0.0046057366,-0.011676785,0.0434965,-0.02599088,-0.014314095,0.021652697,-0.013731211,0.028742855,-0.011810562,-0.013253437,0.03655923,0.031800605,-0.009264029,0.0015479862,-0.025035333,-0.0016053191,0.018117173,0.0046797916,-0.0064499425,0.023869565,0.010778571,-0.00388191,0.008939142,-0.0027543644,0.014648536,-0.012938107,-0.03153305,0.008671589,0.011504787,0.005341508,-0.01400832,-0.006043835,0.020964703,0.027424201,0.030233508,0.0021726752,0.024328228,-0.013587879,0.009330917,-0.028876632,-0.0148396455,-0.010635239,-0.026869982,-0.018795611,0.02436645,0.057982594,0.02944996,-0.009077697,-0.015661417,-0.04322895,0.009651025,0.0022479245,-0.0040562972,0.01676985,0.027347757,-0.034285028,0.015661417,-0.011896561,-0.014084764,0.0010678238,0.003029084,0.014820535,0.000085999236,0.001120379,0.022665577,-0.0025656438,-0.022665577,0.00436685,-0.01858539,-0.015938524,0.022168692,-0.03352059,0.006067724,-0.024882445,-0.00089045044,-0.016511854,-0.051867094,0.009292695,-0.023659345,-0.027959308,-0.023430014,0.019722492,0.01715207,-0.024882445,0.010941014,0.025532218,0.014151652,0.017543845,-0.0028093082,0.00022768894,0.0026540319,0.0075201555,-0.0011908505,0.00018080742,0.005069177,0.0050405106,0.0027376423,0.017916508,0.038546767,0.00039326734,-0.030023288,-0.00016513048,-0.0020544261,0.0039368537,0.0163303,-0.0027209201,-0.022398023,-0.015279197,0.019426271,-0.026296655,-0.006010391,0.021786474,0.027443312,0.008518702,0.00014004737,-0.022608243,0.0009758524,-0.04166185,0.056262612,0.00801704,0.0063066105,-0.017142514,0.017601177,-0.002067565,-0.035584573,-0.0031126945,0.026678873,-0.012173669,0.0052555087,-0.0011801006,-0.0024987555,0.00002347809,-0.00039147568,-0.0066314964,0.04888579,-0.030730393,-0.018040728,-0.014552982,0.0029980289,-0.012852108,-0.026640652,-0.003392192,-0.015040311,-0.0135209905,-0.03776322,-0.023391793,0.004567515,-0.046860028,0.023468236,0.013081439,-0.0016698185,-0.0014990144,0.00096988026,-0.002202536,0.01676985,0.01890072,0.017725399,-0.0018191227,-0.031131724,0.019349828,0.019483605,-0.004352517,-0.0016435409,-0.0043095173,-0.013692989,-0.017543845,-0.0064881644,-0.00649772,0.01014791,-0.0103294635,-0.0075535993,-0.026277544,0.0032225824,-0.02457667,0.0002682997,0.0003983437,0.01748651,0.015785638,0.0098803565,0.0017474567,0.015995858,-0.0009812274,0.031399276,0.016913183,0.008886588,-0.005121732,0.00092090847,-0.009737024,-0.013960542,-0.029908624,-0.011313677,0.0065216087,-0.022206914,0.026717097,0.009899467,0.01421854,-0.04854179,-0.03692234,-0.016368521,0.024079787,0.030290842,-0.08164194,0.0199136,-0.02295224,0.016081857,0.03436147,0.0043596835,0.0072096027,-0.01968427,0.015518084,0.0020580094,0.021633586,-0.010616127,0.026831761,-0.02922063,-0.029583737,-0.026774429,-0.021366032,0.000042999618,0.0147345355,-0.008189038,0.020028267,-0.013845877,-0.045636926,-0.030692171,0.033673476,0.014600759,0.018403836,0.03212549,-0.021155812,0.0008438675,-0.024825113,-0.0015121532,0.005709394,-0.018050283,0.041088525,-0.011762784,-0.0027495867,0.01259411,0.026659762,-0.011657674,-0.011743673,0.009975911,-0.012670554,0.02820775,-0.009483805,-0.013157883,-0.013578324,0.025723327,-0.013014551,0.020028267,-0.024060674,0.008662034,-0.05523062,0.015537195,-0.034285028,0.015393863,0.0022240358,-0.0410503,-0.038068995,-0.0031700274,-0.020639816,0.043725833,0.018843388,-0.035985902,-0.00072979904,0.014466982,-0.011657674,-0.0002899488,-0.009182807,0.008490035,-0.004137519,0.007563155,-0.0040276307,-0.017591622,-0.026086435,-0.015068977,-0.03170505,0.015298309,0.0048231236,-0.046133813,0.0051312875,-0.0020723427,0.025417551,-0.0057715042,-0.03105528,0.009326139,-0.014982978,0.015460751,0.0023410902,-0.0326606,-0.06902872,0.026353987,0.069716714,0.004600959,-0.0023195904,-0.0033276926,-0.0070997146,0.039062764,0.017706286,-0.004025242,0.032565042,0.035852127,-0.013062328,0.003052973,0.008413591,-0.009302251,-0.0069372714,-0.00024441103,0.030405506,-0.025455773,-0.019082274,-0.02272291,0.013979654,0.016435409,-0.004856568,0.033845477,-0.017371846,-0.0145243155,0.010587461,0.03063484,0.009173252,0.04181474,0.014505205,-0.0067031626,0.0055995057,-0.028895743,0.004417016,-0.011485675,-0.048236016,-0.0034758025,-0.010214798,0.017190292,-0.0061011678,0.017878285,-0.030348174,-0.044413827,-0.010023689,-0.019244717,0.045980923,-0.017534288,-0.0083514815,-0.0054227295,-0.0038914655,0.005685505,-0.01704696,0.02843708,0.010577906,-0.010319908,-0.0016089024,0.012450778,-0.0024485893,-0.002238369,-0.0237549,-0.02132781,0.0055995057,0.00649772,0.00508351,0.008060039,-0.0039105765,0.009794357,0.0111990115,0.016798517,-0.026774429,-0.0002896502,0.0116481185,0.023200683,0.016788961,0.0003890868,0.0075201555,0.001723568,-0.026564209,0.014963867,0.010568351,-0.016741185,0.006722274,0.020429596,-0.0019361773,0.020639816,0.022092247,0.0048876232,0.006836939,0.003982242,-0.013635657,-0.01706607,0.029392628,-0.041432522,0.012842553,-0.0031079168,0.0026396988,0.0033515813,-0.004529293,-0.00898692,0.01219278,0.039712537,0.00005695956,-0.020066489,-0.0032966374,0.013377659,0.011686341,0.0022861464,-0.019521827,0.005919614,0.014046541,0.041126747,0.022073137,0.02943085,0.019951822,-0.00919714,0.017926063,-0.0175534,-0.020869147,0.008877032,-0.023028685,-0.017639399,-0.014572092,0.015584973,-0.03778233,-0.008762366,0.0075918213,-0.026162878,-0.0057332823,-0.015604083,-0.011523898,-0.008576035,-0.05557462,0.03592857,0.00955547,-0.039005432,0.007744709,-0.013167438,0.015030756,-0.029182408,-0.016511854,0.0006187167,0.013645212,-0.025073554,-0.032316603,0.013157883,-0.02579977,0.03917743,-0.010281687,-0.0075870436,-0.01289033,0.014409649,0.02581888,0.003915354,-0.054313295,-0.0050500664,0.049994223,-0.0072621577,0.0015933748,0.0070614927,-0.0023673677,-0.006464276,0.0038389103,-0.0013294049,0.024423784,-0.0022228414,0.0070997146,-0.010205243,-0.021920249],"index":0,"object":"embedding"}],"model":"embedding-3","object":"list","usage":{"completion_tokens":0,"prompt_tokens":8,"total_tokens":8}}

2026-03-27 20:10:37.627 [tomcat-handler-29] DEBUG c.a.rag.gateway.cache.EmbeddingCache - Cached embedding for textHash: eb6b86c933294ca91d8169f3fb97ca828c016bfbdd7707022a805be154806145, vector dimension: 2048
2026-03-27 20:10:37.627 [tomcat-handler-29] DEBUG c.a.rag.gateway.EmbeddingGateway - Embedding 已缓存：textHash=eb6b86c9
2026-03-27 20:10:37.627 [tomcat-handler-29] DEBUG c.a.r.service.impl.SearchServiceImpl - 查询向量化完成，维度：2048
2026-03-27 20:10:37.627 [tomcat-handler-29] DEBUG c.aetheris.rag.util.PerformanceTimer - Stage 'embedding' completed in 432 ms
2026-03-27 20:10:37.628 [tomcat-handler-29] DEBUG c.a.r.service.impl.SearchServiceImpl - 查询向量已转换为二进制格式，大小：8192 字节
2026-03-27 20:10:37.628 [tomcat-handler-29] DEBUG c.aetheris.rag.util.PerformanceTimer - Stage 'vector_conversion' completed in 0 ms
2026-03-27 20:10:37.640 [tomcat-handler-29] DEBUG c.a.r.service.impl.SearchServiceImpl - FT.SEARCH 原始结果类型: java.util.ArrayList, 大小: 10
2026-03-27 20:10:37.640 [tomcat-handler-29] DEBUG c.a.r.service.impl.SearchServiceImpl - 开始解析搜索结果，result 类型: java.util.ArrayList
2026-03-27 20:10:37.640 [tomcat-handler-29] DEBUG c.a.r.service.impl.SearchServiceImpl - 结果列表大小: 10
2026-03-27 20:10:37.640 [tomcat-handler-29] DEBUG c.a.r.service.impl.SearchServiceImpl - 检测到 NestedMultiOutput 格式
2026-03-27 20:10:37.640 [tomcat-handler-29] DEBUG c.a.r.service.impl.SearchServiceImpl - 找到 results 键，值类型: java.util.ArrayList, 大小: 4
2026-03-27 20:10:37.640 [tomcat-handler-29] DEBUG c.a.r.service.impl.SearchServiceImpl -   resultsValue[0]: List, 大小=6
2026-03-27 20:10:37.640 [tomcat-handler-29] DEBUG c.a.r.service.impl.SearchServiceImpl -   resultsValue[1]: List, 大小=6
2026-03-27 20:10:37.640 [tomcat-handler-29] DEBUG c.a.r.service.impl.SearchServiceImpl -   resultsValue[2]: List, 大小=6
2026-03-27 20:10:37.640 [tomcat-handler-29] DEBUG c.a.r.service.impl.SearchServiceImpl -   resultsValue[3]: List, 大小=6
2026-03-27 20:10:37.640 [tomcat-handler-29] DEBUG c.a.r.service.impl.SearchServiceImpl - 文档列表大小: 6
2026-03-27 20:10:37.640 [tomcat-handler-29] DEBUG c.a.r.service.impl.SearchServiceImpl -   docList[0]: byte[] = "id"
2026-03-27 20:10:37.640 [tomcat-handler-29] DEBUG c.a.r.service.impl.SearchServiceImpl -   docList[1]: byte[] = "chunk:1"
2026-03-27 20:10:37.640 [tomcat-handler-29] DEBUG c.a.r.service.impl.SearchServiceImpl -   docList[2]: byte[] = "extra_attributes"
2026-03-27 20:10:37.640 [tomcat-handler-29] DEBUG c.a.r.service.impl.SearchServiceImpl -   docList[3]: List, 大小=10
2026-03-27 20:10:37.640 [tomcat-handler-29] DEBUG c.a.r.service.impl.SearchServiceImpl -   docList[4]: byte[] = "values"
2026-03-27 20:10:37.640 [tomcat-handler-29] DEBUG c.a.r.service.impl.SearchServiceImpl -   docList[5]: List, 大小=0
2026-03-27 20:10:37.640 [tomcat-handler-29] DEBUG c.a.r.service.impl.SearchServiceImpl - 处理文档 ID: chunk:1
2026-03-27 20:10:37.640 [tomcat-handler-29] DEBUG c.a.r.service.impl.SearchServiceImpl - 字段列表大小: 10
2026-03-27 20:10:37.640 [tomcat-handler-29] DEBUG c.a.r.service.impl.SearchServiceImpl -   字段: __score -> 0.458094120026
2026-03-27 20:10:37.640 [tomcat-handler-29] DEBUG c.a.r.service.impl.SearchServiceImpl -   字段: chunkId -> 1
2026-03-27 20:10:37.640 [tomcat-handler-29] DEBUG c.a.r.service.impl.SearchServiceImpl -   字段: resourceId -> 1
2026-03-27 20:10:37.640 [tomcat-handler-29] DEBUG c.a.r.service.impl.SearchServiceImpl -   字段: chunkIndex -> 0
2026-03-27 20:10:37.641 [tomcat-handler-29] DEBUG c.a.r.service.impl.SearchServiceImpl -   字段: chunkText -> 机器学习基础1. 机器学习概述机器学习是人工智能的一个分支，它使计算机能够在没有明确编程的情况下从数据中学习。其核心任务是构建模型，从数据中发现规律，并用这些规律对未知数据进行预测。1.1 学习类型监... (长度: 991)
2026-03-27 20:10:37.641 [tomcat-handler-29] DEBUG c.a.r.service.impl.SearchServiceImpl - 文档 chunk:1 解析到 5 个字段: [chunkText, resourceId, chunkIndex, __score, chunkId]
2026-03-27 20:10:37.641 [tomcat-handler-29] DEBUG org.mybatis.spring.SqlSessionUtils - Creating a new SqlSession
2026-03-27 20:10:37.641 [tomcat-handler-29] DEBUG org.mybatis.spring.SqlSessionUtils - SqlSession [org.apache.ibatis.session.defaults.DefaultSqlSession@699f1231] was not registered for synchronization because synchronization is not active
2026-03-27 20:10:37.642 [tomcat-handler-29] DEBUG o.m.s.t.SpringManagedTransaction - JDBC Connection [HikariProxyConnection@1093003708 wrapping com.mysql.cj.jdbc.ConnectionImpl@38968752] will not be managed by Spring
2026-03-27 20:10:37.643 [tomcat-handler-29] DEBUG c.a.rag.mapper.ChunkMapper.findById - ==>  Preparing: SELECT id, resource_id, chunk_index, chunk_text, location_info, page_start, page_end, chapter_path, text_hash, vectorized, created_at FROM resource_chunks WHERE id = ?
2026-03-27 20:10:37.643 [tomcat-handler-29] DEBUG c.a.rag.mapper.ChunkMapper.findById - ==> Parameters: 1(Long)
2026-03-27 20:10:37.644 [tomcat-handler-29] DEBUG c.a.rag.mapper.ChunkMapper.findById - <==      Total: 1
2026-03-27 20:10:37.644 [tomcat-handler-29] DEBUG org.mybatis.spring.SqlSessionUtils - Closing non transactional SqlSession [org.apache.ibatis.session.defaults.DefaultSqlSession@699f1231]
2026-03-27 20:10:37.645 [tomcat-handler-29] DEBUG org.mybatis.spring.SqlSessionUtils - Creating a new SqlSession
2026-03-27 20:10:37.645 [tomcat-handler-29] DEBUG org.mybatis.spring.SqlSessionUtils - SqlSession [org.apache.ibatis.session.defaults.DefaultSqlSession@ba4ede7] was not registered for synchronization because synchronization is not active
2026-03-27 20:10:37.645 [tomcat-handler-29] DEBUG o.m.s.t.SpringManagedTransaction - JDBC Connection [HikariProxyConnection@448493624 wrapping com.mysql.cj.jdbc.ConnectionImpl@38968752] will not be managed by Spring
2026-03-27 20:10:37.645 [tomcat-handler-29] DEBUG c.a.r.mapper.ResourceMapper.findById - ==>  Preparing: SELECT id, title, tags, file_type, file_path, file_size, description, content_hash, uploaded_by, upload_time, chunk_count, vectorized FROM resources WHERE id = ?
2026-03-27 20:10:37.645 [tomcat-handler-29] DEBUG c.a.r.mapper.ResourceMapper.findById - ==> Parameters: 1(Long)
2026-03-27 20:10:37.648 [tomcat-handler-29] DEBUG c.a.r.mapper.ResourceMapper.findById - <==      Total: 1
2026-03-27 20:10:37.648 [tomcat-handler-29] DEBUG org.mybatis.spring.SqlSessionUtils - Closing non transactional SqlSession [org.apache.ibatis.session.defaults.DefaultSqlSession@ba4ede7]
2026-03-27 20:10:37.648 [tomcat-handler-29] DEBUG c.aetheris.rag.util.PerformanceTimer - Stage 'vector_search' completed in 20 ms
2026-03-27 20:10:37.648 [tomcat-handler-29] INFO  c.a.r.service.impl.SearchServiceImpl - 向量搜索完成，找到 1 个结果，总耗时 454ms（向量化 432ms，搜索 20ms）
2026-03-27 20:10:37.648 [tomcat-handler-29] DEBUG c.a.r.service.impl.SearchServiceImpl - 检索到 1 个切片，开始按资源聚合
2026-03-27 20:10:37.655 [tomcat-handler-29] INFO  c.a.r.service.impl.SearchServiceImpl - 聚合后的结果数量：1
2026-03-27 20:10:37.656 [tomcat-handler-29] DEBUG c.aetheris.rag.util.PerformanceTimer - Stage 'retrieval' completed in 461 ms
2026-03-27 20:10:37.656 [tomcat-handler-29] DEBUG c.a.rag.service.impl.RagServiceImpl - 证据不足：检索结果数量 1 少于阈值 2
2026-03-27 20:10:37.656 [tomcat-handler-29] WARN  c.a.rag.service.impl.RagServiceImpl - 证据不足：userId=2, citationsCount=1, avgScore=0.458094120026
2026-03-27 20:10:37.658 [tomcat-handler-29] DEBUG c.aetheris.rag.util.PerformanceTimer - Stage 'generation' completed in 1 ms
2026-03-27 20:10:37.666 [tomcat-handler-29] DEBUG c.a.r.s.impl.BehaviorServiceImpl - 记录用户查询行为: userId=2, queryText=什么是机器学习？
2026-03-27 20:10:37.666 [tomcat-handler-29] DEBUG org.mybatis.spring.SqlSessionUtils - Creating a new SqlSession
2026-03-27 20:10:37.666 [tomcat-handler-29] DEBUG org.mybatis.spring.SqlSessionUtils - Registering transaction synchronization for SqlSession [org.apache.ibatis.session.defaults.DefaultSqlSession@281e0642]
2026-03-27 20:10:37.666 [tomcat-handler-29] DEBUG o.m.s.t.SpringManagedTransaction - JDBC Connection [HikariProxyConnection@1018504359 wrapping com.mysql.cj.jdbc.ConnectionImpl@38968752] will be managed by Spring
2026-03-27 20:10:37.666 [tomcat-handler-29] DEBUG c.a.r.m.UserBehaviorMapper.insert - ==>  Preparing: INSERT INTO user_behaviors ( user_id, behavior_type, resource_id, query_text, behavior_time, session_id, weight ) VALUES ( ?, ?, ?, ?, ?, ?, ? )
2026-03-27 20:10:37.667 [tomcat-handler-29] DEBUG c.a.r.m.UserBehaviorMapper.insert - ==> Parameters: 2(Long), QUERY(String), null, 什么是机器学习？(String), 2026-03-27 20:10:37.66643(Timestamp), null, null
2026-03-27 20:10:37.674 [tomcat-handler-29] DEBUG c.a.r.m.UserBehaviorMapper.insert - <==    Updates: 1
2026-03-27 20:10:37.674 [tomcat-handler-29] DEBUG org.mybatis.spring.SqlSessionUtils - Releasing transactional SqlSession [org.apache.ibatis.session.defaults.DefaultSqlSession@281e0642]
2026-03-27 20:10:37.674 [tomcat-handler-29] INFO  c.a.r.s.impl.BehaviorServiceImpl - 查询行为已记录: behaviorId=1, userId=2
2026-03-27 20:10:37.674 [tomcat-handler-29] DEBUG org.mybatis.spring.SqlSessionUtils - Transaction synchronization committing SqlSession [org.apache.ibatis.session.defaults.DefaultSqlSession@281e0642]
2026-03-27 20:10:37.674 [tomcat-handler-29] DEBUG org.mybatis.spring.SqlSessionUtils - Transaction synchronization deregistering SqlSession [org.apache.ibatis.session.defaults.DefaultSqlSession@281e0642]
2026-03-27 20:10:37.674 [tomcat-handler-29] DEBUG org.mybatis.spring.SqlSessionUtils - Transaction synchronization closing SqlSession [org.apache.ibatis.session.defaults.DefaultSqlSession@281e0642]
2026-03-27 20:10:37.679 [tomcat-handler-29] DEBUG c.a.rag.service.impl.RagServiceImpl - 查询行为记录成功：userId=2, query='什么是机器学习？'
2026-03-27 20:10:37.680 [tomcat-handler-29] INFO  c.a.rag.service.impl.RagServiceImpl - 问答完成：userId=2, latencyMs=484ms, useRag=true, citationsCount=1
2026-03-27 20:10:37.680 [tomcat-handler-29] INFO  c.a.rag.controller.ChatController - RAG 问答完成：userId=2, latencyMs=484ms, evidenceInsufficient=true
2026-03-27 20:10:44.857 [tomcat-handler-31] DEBUG c.a.r.c.SecurityConfig$JwtAuthenticationFilter - Authenticated user: 2
2026-03-27 20:10:44.858 [tomcat-handler-31] INFO  c.a.rag.controller.ChatController - POST /api/chat/ask - userId=2, question='什么是线性回归？', topK=3
2026-03-27 20:10:44.858 [tomcat-handler-31] INFO  c.a.rag.service.impl.RagServiceImpl - 执行问答：userId=2, question='什么是线性回归？', useRag=true, topK=3
2026-03-27 20:10:44.858 [tomcat-handler-31] INFO  c.a.r.service.impl.SearchServiceImpl - 执行聚合语义检索：query='什么是线性回归？', topK=3
2026-03-27 20:10:44.858 [tomcat-handler-31] INFO  c.a.r.service.impl.SearchServiceImpl - 执行语义检索：query='什么是线性回归？', topK=6
2026-03-27 20:10:44.865 [tomcat-handler-31] DEBUG c.a.rag.gateway.cache.EmbeddingCache - Embedding cache miss for textHash: 887d89ae77d8eab46ead252af20adf8771719b3188866b1a8064d90c49edc08b
2026-03-27 20:10:44.865 [tomcat-handler-31] INFO  c.a.rag.gateway.EmbeddingGateway - 调用 Embedding API：model=embedding-3, textPreview=什么是线性回归？
2026-03-27 20:10:44.865 [tomcat-handler-31] INFO  d.l.h.client.log.LoggingHttpClient - HTTP request:
- method: POST
- url: https://open.bigmodel.cn/api/paas/v4/embeddings
- headers: [Authorization: Beare...PM], [Content-Type: application/json]
- body: {
  "input" : "什么是线性回归？",
  "model" : "embedding-3"
}

2026-03-27 20:10:45.130 [tomcat-handler-31] INFO  d.l.h.client.log.LoggingHttpClient - HTTP response:
- status code: 200
- headers: [:status: 200], [content-type: application/json; charset=UTF-8], [date: Fri, 27 Mar 2026 12:10:45 GMT], [set-cookie: acw_tc=76b20fb617746134449106860e0b0d67afd45c59b78015c551a19029ae6be1;path=/;HttpOnly;Max-Age=1800], [strict-transport-security: max-age=31536000; includeSubDomains], [vary: [Accept-Encoding, Origin, Access-Control-Request-Method, Access-Control-Request-Headers, Origin, Access-Control-Request-Method, Access-Control-Request-Headers]], [x-log-id: 2026032720104598a8f598d2a348bf]
- body: {"data":[{"embedding":[-0.00017026222,0.03815356,-0.0005427398,0.011124005,0.004211019,-0.030190904,0.0264368,0.00801205,-0.006456072,0.033391774,0.023235932,0.010847386,0.007053765,-0.0008712239,-0.0009224724,-0.0011540167,0.0055620023,-0.01563881,-0.039694715,-0.0139791,0.033885732,0.017654171,-0.016211804,0.01753562,-0.014581732,0.00061899505,0.038706794,0.04014916,-0.020785885,0.005729949,0.054414757,0.07105137,-0.0011317885,-0.009014791,0.010195358,0.00089900923,0.0147398,-0.029380808,0.007355081,0.0044333013,0.023097621,0.006149816,0.014018617,0.0025957657,0.030803416,0.006298004,-0.04066288,0.010432459,0.021912115,-0.00036120907,0.0015646218,-0.029934045,0.01346538,0.002187013,0.0089456355,-0.0034651372,0.022959312,-0.009824887,0.00037170574,0.012092168,-0.0074439943,-0.02337424,-0.034636553,0.021141537,-0.010620164,0.006110299,-0.0071624364,-0.014670646,0.016310597,0.011133884,-0.005502727,0.06595369,0.011015333,0.017308397,0.0136926025,0.004490107,0.009133341,-0.032719985,-0.0006081896,0.030190904,-0.000034886005,-0.0062337895,-0.014374269,0.008283728,0.020390715,0.0016288368,0.017871514,0.008372641,0.036671676,0.03835114,-0.015619051,0.020509265,-0.0035170033,-0.004087528,-0.006633898,0.011341347,-0.032858294,-0.02311738,-0.0045296233,0.009874283,0.04548394,0.027246896,-0.029775977,0.0028995518,-0.0032181568,0.0078045856,0.030744141,-0.0015201654,0.014749679,-0.027108587,-0.030032836,-0.02426337,0.025429118,-0.0025735374,-0.013860549,-0.006189333,-0.010877024,0.0063622193,0.015204123,-0.009612484,-0.002084516,0.008599863,-0.015846273,0.011064729,0.008184936,0.0069549726,-0.0017572667,-0.002121563,0.010975816,0.008120721,0.022801245,-0.008392399,0.030981243,0.006021386,0.027780375,0.013514777,-0.04129515,0.005300203,0.0025438997,0.013228279,-0.0015448635,-0.003149002,0.0063474006,-0.019501586,0.021102019,-0.1724517,-0.0077057937,0.018276561,-0.0059917485,-0.02084516,-0.013277675,-0.01258613,0.008051567,-0.0205883,-0.01168712,-0.023769408,-0.018721126,0.018276561,0.013455501,0.016271079,-0.050225966,-0.009261771,0.017268881,-0.00020144352,0.024441196,-0.019620135,-0.006821603,0.013909945,0.014344631,-0.015194244,0.017634412,-0.019136054,-0.005853439,-0.053308286,0.009301288,0.004336979,0.027622307,-0.017575137,0.0069599124,-0.00762182,-0.00343056,-0.030645348,-0.00043406835,0.008594924,-0.010452217,0.017446706,-0.0052656257,-0.008036748,-0.00044209522,0.033075638,-0.009553208,0.035624478,-0.0067030527,0.023749651,0.013129487,-0.020608058,0.0040998776,-0.014166805,-0.006979671,0.017466465,0.026891243,0.01410753,-0.02299883,-0.024816606,0.0011398153,0.021398395,0.03048728,0.010076807,-0.011351227,0.018731005,-0.023650859,-0.021773806,-0.0083281845,-0.0221097,-0.0040578907,0.0137123605,0.0035886276,-0.020094339,0.016271079,-0.029044915,-0.0041468036,-0.016676128,-0.007458813,-0.002387067,-0.0089061195,0.028313851,-0.010886903,-0.0043666163,-0.04801302,-0.0039220513,0.007167376,-0.0009175328,-0.0120724095,-0.022979071,0.009908861,0.010630043,-0.017841876,0.0014658297,0.016883591,0.006747509,-0.057141423,-0.012141565,0.018049339,0.025073467,0.024322646,-0.018958228,-0.014087771,0.0033391772,0.0049840678,-0.013425863,-0.05224133,-0.022267768,0.0022549324,0.027879165,-0.06073746,0.0027661822,0.026338007,-0.0145619735,-0.00097125105,0.0035565202,0.008086144,-0.0028155784,-0.025567427,0.0061201784,-0.0014164335,0.0022425835,0.029420324,-0.020291923,0.014453302,-0.03848945,-0.026911002,-0.00028696054,0.012161323,-0.013870428,0.016201925,-0.010264512,-0.013376467,-0.009513691,0.013840791,0.08029832,0.0017054008,-0.02606139,0.009824887,0.0019758446,-0.0010700433,0.022900037,-0.0032700226,0.013880308,0.0205883,-0.005379237,-0.016853953,-0.000005103622,0.005650915,0.0058040433,-0.01739731,0.036928535,0.02008446,0.012467579,0.034280904,0.001486823,-0.018651972,-0.038449936,0.02655535,-0.0061300574,0.021042744,-0.031672787,0.014976901,0.008920938,0.011420381,0.015055935,0.018059218,-0.00061899505,0.0075625447,-0.006584502,0.009795249,0.024342405,-0.046827514,0.0057595866,-0.029459842,0.011114125,0.0353281,-0.018879194,-0.014226081,0.030981243,0.028195301,-0.0061201784,-0.010768352,0.015085572,-0.0021499658,0.0065153474,0.007177255,-0.010091626,-0.014492819,-0.019511465,-0.016221683,0.020509265,-0.040544327,-0.004497516,0.01662673,-0.008669018,0.02400651,-0.017367674,0.013445621,0.013346829,0.032581676,-0.016043857,-0.039457615,0.023611343,0.024085544,-0.030566314,-0.024638781,-0.024460955,0.004539503,-0.021556463,-0.009691517,-0.021319361,-0.017752962,-0.022050425,0.01283311,-0.055323645,0.0060016275,-0.022959312,-0.00061899505,-0.021536704,0.008797447,0.03862776,0.012042772,0.056509152,-0.0027365447,0.0012880036,0.027424721,0.011114125,-0.012556491,0.0046210065,-0.022919796,-0.015352312,0.0082689095,0.013248038,0.02046975,-0.004601248,0.021615738,0.01195386,0.02337424,-0.0012095873,-0.06982634,0.020529024,-0.01727876,-0.0036256746,-0.040583845,0.0013966751,-0.014374269,0.013297433,-0.025646461,0.011479656,0.012566371,-0.045286357,0.030823175,-0.014660766,-0.23852395,-0.011697,-0.035743028,0.018582817,0.019264484,0.011756275,0.032502644,-0.01308997,0.0057200696,-0.029321533,-0.010007652,0.0136926025,0.02655535,0.025014192,-0.015332554,-0.026831968,-0.004166562,0.013119607,0.017565258,0.020904435,-0.036276504,-0.015885789,-0.014818834,0.019106416,0.0039146417,0.021655256,-0.0016276019,-0.01790115,0.026772693,-0.015223882,0.01662673,-0.025132742,0.018325958,-0.012813351,-0.0073699,0.04611621,0.011124005,0.031771578,0.0009335865,-0.0037812723,0.003507124,0.02299883,0.007221712,-0.020983469,0.029084431,-0.0027414842,0.0049988865,-0.001563387,-0.0037071782,-0.028294094,-0.019471947,0.013880308,-0.0024438726,-0.013030695,0.011548811,-0.002414235,0.007849042,-0.0053940555,-0.0120526515,-0.0016424208,-0.0037541045,0.018938469,-0.038528968,-0.0023932417,0.1420237,-0.0076316996,0.0045790197,0.0030798477,0.0052310484,-0.012428062,-0.019748567,0.0015596823,0.010689319,-0.002832867,0.006456072,0.039101962,-0.0031317135,0.022406077,0.0016757632,0.009390201,0.0055570626,0.03493293,0.028294094,-0.02008446,-0.001804193,0.01346538,-0.0068660597,0.015322674,0.0010459627,-0.012428062,0.033767182,-0.033628874,0.031159068,-0.007429175,0.002566128,0.023473032,-0.020608058,-0.015490621,0.010071867,-0.018365474,0.015954945,0.01691323,-0.004396254,0.042085487,0.007834223,0.00022830266,-0.009898981,-0.014690404,-0.010560889,-0.021536704,0.00063010916,0.007839163,-0.0041838507,0.015115211,-0.017822117,-0.018444508,0.020035064,-0.0058731977,0.033609115,0.008021928,-0.0016473604,0.01881004,0.042085487,-0.009271651,-0.01855318,0.02922274,-0.014848472,0.00190669,0.010195358,0.016478542,-0.0074489336,0.018385233,0.02604163,-0.000742794,0.00673763,0.013672844,-0.0075279674,0.013010936,0.0353281,-0.013267796,-0.0048457584,-0.01131171,0.00066561264,-0.0062584872,0.0055620023,0.0014065542,0.014226081,0.044061333,0.010956057,-0.005542244,-0.0043913145,-0.016666248,0.021299604,0.024974674,-0.006974731,-0.02922274,-0.0012991178,0.013415984,-0.02183308,0.033470806,0.021595981,-0.028254576,-0.011963738,0.007587243,0.020430231,-0.010047169,0.0046407646,0.007330383,-0.009256831,0.018187648,0.040702395,-0.010551009,0.025251294,0.007483511,-0.007335323,0.028788054,0.007987351,0.008535648,-0.015816635,-0.019353397,0.010630043,0.029756218,0.036019646,-0.0010021236,-0.04244114,0.032660708,0.03011187,-0.0029390687,0.00890118,-0.026575109,-0.013672844,0.015836393,0.017822117,-0.007547726,0.02578477,-0.0027266655,-0.0072809868,0.017259002,-0.020005425,0.05374297,-0.0047617853,0.044061333,0.005008766,-0.023275448,0.0071229194,0.0045814896,-0.014068013,-0.0045049256,0.007038946,0.031850614,-0.02183308,-0.034992207,-0.029005397,0.004611127,-0.029380808,0.029914286,0.008792508,0.025508152,-0.02833361,-0.013702482,-0.013297433,-0.02313714,0.0073600207,-0.0052310484,-0.0068808785,0.001092889,0.026614625,-0.0066734147,0.0011922987,-0.004092468,-0.0043616765,-0.02349279,0.002463631,-0.021141537,0.017466465,-0.007572424,0.00089777436,0.015796877,0.003968978,-0.016192045,-0.003887474,-0.022722213,0.010215116,-0.003709648,0.0021623147,0.031238101,0.0037936214,0.036197472,0.0007347672,0.011934101,0.0023747182,0.024737572,-0.0002252154,0.045523457,-0.0072365305,0.025369843,0.01703178,0.01029415,-0.019896755,-0.0103731835,-0.009281529,0.023986753,-0.007295806,0.020133855,0.07334335,0.017268881,-0.005097679,-0.0028872027,-0.014581732,-0.005853439,0.027088828,-0.016784798,-0.009637182,0.03212723,0.021931874,0.019234845,-0.017298518,-0.0028501556,0.0011805671,-0.011104246,-0.013653086,0.0069302744,0.0145224575,-0.066151276,0.0015609171,-0.022979071,-0.015678326,0.059393886,0.018513663,0.0018153072,-0.02566622,-0.01691323,0.006796905,0.007468692,-0.01790115,0.010462097,-0.006811724,0.048368674,0.0056854924,-0.009879222,-0.016439026,-0.043389544,0.03202844,-0.053071182,-0.0008878951,0.02540936,-0.009321046,-0.013900066,0.009429717,-0.0033465866,-0.0035367617,-0.011864946,-0.023058105,0.009207435,-0.004290052,-0.03189013,-0.007409417,0.044891186,-0.011677241,-0.011153642,-0.012062531,-0.021813324,-0.02540936,0.012309511,-0.016547699,-0.031830855,-0.07334335,0.0013608629,-0.018661851,-0.007898439,0.047617853,-0.016547699,-0.021299604,-0.022959312,0.003228036,-0.0074538733,0.020104218,0.0054434515,0.012655284,0.01346538,0.00074649876,-0.018503783,0.035545442,-0.037679356,-0.0069994293,-0.03216675,-0.0020363547,0.015401708,-0.009493933,-0.023275448,-0.028155783,0.00060386746,-0.029025156,-0.0020005426,-0.018059218,-0.010857265,-0.0054730894,-0.02046975,0.027246896,0.038311623,-0.01601422,-0.005132256,-0.0006017064,-0.0016201925,0.015658567,-0.005310082,0.001943737,0.019718928,0.016765041,0.011825429,-0.0013917355,-0.006238729,0.02147743,0.030823175,0.0038207893,0.0124576995,-0.010877024,-0.006895697,-0.026713418,0.027029553,0.03491317,0.029558634,0.04777592,0.014097651,-0.0145224575,-0.0136926025,-0.005769466,0.01727876,-0.005907775,-0.02135888,-0.011538932,-0.00648077,0.0891501,0.015263399,-0.0046753422,0.012418183,0.008412158,0.05500751,0.0016325415,-0.00096631143,0.014344631,0.013178883,0.009770551,0.0041146963,0.0015176956,-0.007710733,-0.007834223,0.009222254,-0.0368495,-0.008777689,0.012349028,-0.01130183,0.02299883,0.048487224,0.020647574,0.026081147,-0.034458727,0.0104127005,-0.020390715,0.002375953,-0.005097679,0.028274335,-0.0026031751,-0.02056854,-0.02390772,0.012240357,0.0052162297,-0.013514777,-0.023611343,0.023868201,-0.0066487165,-0.014394027,0.0048778662,0.024915399,0.0063177627,-0.021655256,-0.038074523,-0.002426584,0.004248066,0.021102019,-0.0037689235,-0.035545442,0.04101853,-0.02122057,-0.019728808,-0.022583902,0.00079095527,0.022583902,0.038568486,-0.0043048714,-0.023749651,-0.053584903,0.013445621,-0.013159124,0.010788111,0.0045049256,-0.0011002984,-0.013277675,0.01969917,0.002085751,-0.008836964,-0.012339149,-0.0071179797,-0.0019721398,-0.0043764957,0.02262342,-0.01652794,0.015006539,-0.01817777,-0.000112993606,-0.02301859,-0.029123947,-0.0031588813,0.002288275,0.016419267,0.018898953,0.018928591,0.010788111,0.01028427,0.046076693,0.0018721126,-0.019215088,0.0044654086,-0.009187677,-0.030763898,-0.015974702,-0.0018301259,0.015362191,-0.016152529,-0.038430177,-0.024125062,0.007014248,0.051292922,-0.00036244397,-0.028471919,0.006619079,0.003734346,-0.058129344,-0.007384719,-0.031060275,-0.016547699,-0.0011756275,-0.0021265026,-0.0036676615,0.0033441167,-0.022070182,0.0051618936,-0.0063572796,0.023156898,0.02833361,0.02351255,0.012230477,0.02973646,0.012615767,0.0036577822,-0.005045813,-0.012319391,0.06366171,0.018829798,-0.014641007,-0.013643206,0.027780375,-0.02056854,0.022070182,-0.0037022387,-0.0069697914,0.045839593,0.01219096,-0.023868201,0.0031218342,-0.030902209,-0.015322674,0.0107979905,-0.024619022,0.01283311,-0.014226081,0.018928591,-0.004371556,-0.017940668,0.041374184,-0.026021872,-0.0036207351,0.020351198,-0.0014201383,0.035229307,0.0071130404,0.037541047,-0.016705764,-0.028392885,-0.027721098,0.028234817,-0.035426892,-0.022919796,0.038766067,0.0075180884,-0.020094339,-0.03682974,0.0025710675,0.025844047,0.013741999,0.011193159,-0.007532907,-0.044416983,0.0153918285,0.0128825065,0.0033984524,0.0015584474,0.0040751793,0.009879222,0.034221627,0.023275448,0.022386318,-0.014038376,-0.032858294,-0.0383709,-0.014641007,-0.012665163,-0.049198527,0.009612484,-0.009449476,0.039991092,0.013109729,0.0045296233,0.007898439,-0.017713446,0.00826397,-0.013741999,0.0073600207,0.0073155644,0.003228036,0.02390772,0.0019412672,-0.0038948834,0.0054681497,0.04259921,0.03050704,-0.030921966,-0.0007001899,0.008313365,-0.008530709,-0.0040825885,-0.0006890758,0.002515497,-0.003672601,-0.01651806,-0.011756275,-0.01220084,-0.021931874,0.018375354,0.01868161,0.02629849,0.012714559,0.016873712,-0.0083281845,0.00026318867,-0.01296154,0.0053989952,0.0051668333,-0.017950548,-0.03815356,0.0124379415,0.04710413,0.030546555,-0.0058386205,-0.009518631,0.045009736,-0.009172858,0.016379751,-0.017634412,-0.000100104306,-0.035170034,-0.020015305,-0.002694558,-0.018009823,-0.002072167,-0.03568375,0.0014818833,-0.023789167,-0.04943563,0.03671119,-0.018563058,-0.019926392,0.0031539418,0.00063227024,-0.012596008,-0.0037417556,0.008412158,-0.013169004,-0.0032033378,0.020667333,0.0026155242,-0.014779317,0.007967593,0.01766405,-0.039319307,-0.044654086,0.021062503,-0.010224995,0.020864919,0.050621137,-0.0170219,-0.001804193,0.035288583,-0.008224453,-0.01663661,0.011785912,0.02566622,-0.029301774,0.033431288,0.018088857,-0.0016794679,0.0005486056,-0.01829632,-0.009266711,0.0072068926,0.010313909,-0.032818776,-0.032087713,0.015707964,0.04662993,-0.008599863,-0.009474174,-0.03570351,0.0011459899,0.0041887905,0.027681582,-0.017347915,-0.028412644,-0.009414899,-0.008347943,0.051174372,-0.011410502,0.004650644,-0.01816789,0.045918625,-0.027918683,0.01917557,-0.018128373,-0.005487908,0.017673928,-0.0039467495,0.0010126203,0.03301636,-0.018098736,0.018493904,0.018760644,0.0028229877,-0.032621194,-0.0009731034,0.026397282,-0.011084488,-0.026120665,0.010551009,0.0137123605,0.009933558,0.018829798,-0.0067228107,-0.03036873,0.00111203,0.010551009,-0.008125661,-0.0031983983,-0.00914322,-0.0018745825,0.028570712,-0.017338036,-0.034656312,0.016033977,-0.0062041515,0.013376467,-0.002706907,0.008081204,0.0120526515,0.0068413615,0.009034549,-0.0055224854,-0.04524684,-0.02007458,0.0008434386,-0.018474147,0.011697,-0.015530137,0.0023327314,0.006579562,0.035505924,0.011479656,0.017515862,-0.017585017,0.012675042,0.018404992,-0.015174486,-0.0025587187,-0.019402793,-0.0011546342,0.029183224,0.0128429895,-0.025053708,-0.039852783,0.015579534,-0.015312795,-0.030190904,-0.01600434,0.008100962,-0.020825401,0.0045419727,0.0155005,0.057497077,-0.013257917,0.037323702,-0.01562893,-0.014729921,0.008021928,-0.0040381323,-0.010383063,0.0132875545,0.027088828,0.015332554,-0.0074933902,-0.006298004,0.022662936,-0.0043641464,0.009335865,0.004561731,0.036019646,0.012102048,-0.0035367617,0.021576222,0.03850921,0.013633327,-0.015490621,-0.01816789,0.0032107474,0.010234875,0.022880279,-0.01575736,-0.0032971904,-0.0076860352,0.020114098,-0.003074908,-0.00368495,0.04599766,0.031080034,0.0014016147,0.0066635357,-0.027286412,0.012556491,-0.022208491,0.027740857,0.010442338,0.017614653,0.022406077,-0.010106444,0.0027785313,-0.017752962,0.017693687,-0.017980184,-0.023868201,-0.007947834,0.008036748,-0.02882757,-0.0027340748,-0.014433544,-0.004220898,0.0027760614,0.0007051295,0.003124304,0.020766126,0.024500472,-0.0023944764,-0.010649802,0.0033589357,0.010224995,0.011370985,0.035762787,-0.0031983983,0.02056854,-0.008960455,-0.053505868,0.043191962,-0.007982411,0.025844047,0.010570768,0.042125005,0.012210719,-0.00851589,0.007345202,0.0036429632,0.0069450936,0.008560346,0.005132256,-0.02489564,-0.0054088742,0.010116324,0.020272164,0.012467579,0.058287412,-0.013238158,0.012398425,0.010649802,-0.015115211,0.01715033,0.023769408,0.02046975,-0.029835252,0.010501614,-0.024539988,0.048329156,0.0060065673,0.0076860352,-0.0205883,0.017624533,-0.03129738,0.005107558,-0.03495269,0.026614625,-0.0016807027,0.0025562488,0.0531107,0.036157954,-0.030921966,0.04532587,0.010768352,-0.025527911,-0.02693076,0.045642007,0.020904435,-0.018533422,-0.014117409,0.025903322,-0.00927659,-0.004662993,0.013415984,0.0010626338,-0.0042357165,-0.022050425,0.00010681909,-0.009829827,-0.026417041,0.0044431803,-0.015866032,0.028412644,-0.00025130273,-0.013040573,0.002961297,0.014729921,-0.013208521,0.001295413,-0.007572424,0.0010675734,-0.0061596953,-0.0040381323,-0.014976901,-0.03835114,-0.013297433,-0.0004982833,0.020291923,0.012526854,-0.014374269,0.016340233,-0.0149867805,-0.010215116,-0.02236656,-0.0034997147,-0.021556463,0.009459356,0.024875883,0.004966779,-0.006293065,-0.024539988,-0.009325986,-0.02222825,-0.0013781516,0.032759503,-0.027009794,-0.011370985,-0.017743083,0.007903378,-0.016300717,0.0016362462,-0.0048704566,-0.006619079,-0.0007699619,-0.041097566,-0.0012311981,0.0116673615,0.011094367,0.009469234,0.04283631,0.021556463,0.027800132,0.050384033,-0.0012015605,-0.003786212,-0.008145419,0.012279874,-0.0020968649,0.0076909745,-0.02706907,0.031099793,0.063740745,-0.008525769,-0.02554767,-0.009069126,0.020272164,-0.0007205658,0.016182166,0.016201925,-0.023453275,0.040465295,-0.031672787,0.0048729265,-0.011291951,0.00953839,0.01741707,0.019244725,-0.016715644,0.0033861035,0.013099849,-0.021595981,0.012635525,-0.0060016275,0.049909834,-0.004611127,-0.014729921,0.015796877,-0.024125062,0.011044971,0.00054520956,-0.0037170574,0.013860549,-0.0013830911,-0.004766725,0.0072612287,0.0017943138,0.00062146486,-0.0034873656,0.040188678,-0.0025438997,0.028452162,-0.0023858321,0.019452188,-0.0279582,-0.01907678,-0.02094395,0.0038701855,0.006021386,-0.020222768,-0.00062424334,-0.0025142622,0.010689319,0.016537819,0.014650887,-0.0014337222,-0.0023747182,-0.00083911646,0.0398923,0.008664078,0.02922274,0.019896755,0.017347915,-0.0028229877,0.01257625,-0.004211019,0.015036177,-0.030052595,0.010906662,0.003771393,0.028392885,0.030981243,0.024816606,-0.009513691,0.035090998,0.0021907175,0.00027569206,0.011736516,0.009419839,0.0080762645,-0.022564145,-0.014552095,0.027780375,0.0002664303,-0.01841487,-0.018563058,0.0021203281,0.002043764,-0.018335838,-0.043626647,-0.0033984524,0.087964594,0.009459356,0.004013434,0.004601248,0.006544985,0.0057546473,0.025685979,-0.021121778,0.044654086,0.001702931,-0.003531822,-0.01662673,-0.00762182,-0.00084776076,0.009296348,0.012398425,-0.044258915,0.005606459,0.013771636,0.011746395,0.0070834025,0.014660766,-0.009459356,0.015283157,-0.0019338578,0.014433544,0.040465295,0.008738172,0.0034725468,-0.019837478,0.021991149,-0.0044283615,-0.017575137,0.07105137,-0.00545827,0.03366839,0.035920855,-0.028471919,0.0054335725,0.007266168,0.019136054,-0.012991178,0.03471559,-0.04714365,-0.025745254,-0.036138196,0.01727876,-0.009765611,-0.028788054,-0.0006594381,-0.026239214,0.0063720983,0.003470077,0.013415984,-0.0020338849,0.009424779,0.02005482,0.015619051,0.0071081007,0.005808983,0.013317192,0.008871541,-0.06852229,0.014216201,0.00019727573,-0.007295806,-0.021536704,-0.009908861,-0.01067944,-0.008081204,0.013880308,-0.0011953859,-0.021260086,0.008496132,-0.003583688,0.0031613512,-0.017752962,0.012151443,-0.056825288,-0.0060707824,-0.002464866,0.012694801,-0.022465352,-0.026614625,-0.0018795221,0.03303612,-0.009306228,-0.0036182653,0.014048254,-0.034537762,-0.0064214948,-0.023848442,0.033609115,-0.024342405,-0.02020301,0.031317133,-0.028629987,-0.036316022,-0.012339149,-0.0010478151,-0.001347279,-0.004788953,0.0065647434,-0.009488993,-0.010738715,0.028788054,-0.016073495,-0.009197556,0.035545442,-0.04066288,0.051371958,-0.08448711,0.024658538,0.015589413,-0.014650887,-0.0015300446,0.0035935673,-0.013880308,0.02046975,-0.011153642,0.020193132,-0.011835309,0.013583931,0.0036948293,0.020904435,0.01803946,0.021062503,0.0008662843,-0.02185284,0.0027217257,0.036948293,0.014097651,-0.0074785715,0.053308286,0.005729949,-0.030447764,-0.0009613718,-0.024816606,-0.037699115,-0.0014337222,0.028452162,-0.0032552038,0.04005037,0.000049010207,-0.007666277,0.037126116,0.0061596953,0.026397282,-0.011746395,-0.025389602,0.01664649,0.0077996464,0.0033441167,-0.020291923,0.009123462,-0.011637724,0.017466465,0.010995574,0.034537762,-0.00787374,0.012507096,-0.02706907,0.020509265,-0.0023920068,0.015125089,-0.006885818,-0.01333695,0.04524684,0.0010478151,0.02262342,-0.019432431,0.012724439,0.0063720983,0.024243612,0.030428005,0.0053989952,0.0017004611,-0.025883563,0.018227166,0.011973618,-0.0031292436,-0.012526854,-0.022781488,-0.009469234,0.011114125,0.06089553,0.023413757,0.0046704025,-0.044021815,-0.036869258,-0.01996591,-0.021931874,-0.0071229194,0.029677184,0.0013830911,-0.012655284,0.012151443,-0.0004893302,-0.0016004341,0.0044431803,-0.0043863747,0.035980128,0.021536704,0.008787569,-0.006796905,-0.0072068926,0.02529081,-0.004729678,-0.031850614,-0.019857237,0.022722213,0.017426949,0.013445621,-0.00010164794,-0.016923107,-0.027246896,-0.01613277,0.010709077,-0.0147398,-0.00097619067,0.00047636376,0.0064610117,0.003250264,-0.0026007053,0.015322674,0.024737572,-0.018187648,-0.010551009,-0.005260686,-0.012872627,-0.0041986695,-0.0000152047405,0.0010651037,0.00762182,0.0011151172,0.026911002,0.014779317,0.01283311,0.0149275055,-0.027404964,-0.028610228,-0.001359628,0.017703567,0.011262313,0.009237073,0.015895668,-0.008797447,-0.019155812,0.028234817,-0.012862748,-0.005260686,0.015273278,0.012329269,0.025508152,0.010081747,-0.031119552,-0.008372641,-0.025251294,0.019995546,-0.01092642,-0.0320482,-0.009316107,0.0,-0.021082262,0.011074608,-0.001626367,0.016686007,-0.023927476,0.004971719,0.010580648,-0.008377581,-0.00086998905,0.016616853,-0.019778203,-0.0061596953,-0.028096508,-0.011529053,-0.033707906,0.018345715,0.007355081,0.012418183,0.001385561,0.015480742,-0.012477458,-0.023749651,-0.025468636,-0.05998664,0.008387459,0.028649746,-0.017594894,-0.010639923,-0.007636639,0.02008446,0.0065647434,-0.0025611885,-0.01918545,0.019244725,0.029914286,-0.033865973,0.0035861577,0.043863747,-0.0051668333,-0.0008922173,0.013396226,0.0060312655,0.0069648516,0.02693076,-0.016824316,0.008165177,-0.021062503,-0.01028427,-0.0044431803,-0.0076020616,-0.0050235847,-0.00444565,0.00559164,-0.010956057,0.027602548,0.017229363,0.018108616,0.011884704,0.0018696429,0.014305114,0.0026007053,-0.013060332,-0.0021413215,-0.0016288368,-0.009864404,0.009034549,-0.0279582,-0.0044802274,-0.0027933503,-0.026278732,-0.0032552038,-0.017100934,0.0010416405,-0.028807813,-0.0072513493,0.0036775405,0.019205209,0.045404907,-0.058919683,0.024915399,0.017041659,-0.00029390687,0.012615767,0.0016053737,0.01436439,-0.02428313,0.020667333,-0.016231563,0.02783965,-0.0012744197,-0.014295235,-0.0074489336,-0.04066288,-0.028017474,-0.032107472,-0.02872878,0.00067178713,0.0018795221,0.026792452,-0.019867117,-0.06571659,-0.0047444967,0.028906604,-0.0030674986,0.0018029581,-0.025745254,0.0035046542,0.011450019,-0.024500472,-0.010580648,0.0056212777,-0.042638723,0.01868161,-0.03827211,-0.004734617,0.021793565,0.035090998,0.0072612287,-0.04623476,0.010580648,-0.01525352,0.012941781,-0.020153614,0.0141371675,-0.010847386,-0.00004866289,-0.044258915,0.015322674,-0.03738298,-0.013455501,-0.030428005,0.029123947,-0.013909945,0.0015769709,-0.008836964,-0.010491734,-0.016577335,-0.019649774,-0.01092642,0.047420267,0.0022327043,-0.017861634,-0.0004541355,0.0043616765,-0.012665163,-0.01994615,-0.0104127005,-0.018484026,-0.0041344548,-0.0041221054,-0.015016418,0.0052656257,-0.052794565,0.0011391978,-0.051727608,0.047420267,-0.028649746,-0.055165578,0.024144819,0.02183308,-0.016883591,-0.00851589,-0.039339066,0.011430261,0.010022472,0.00029930955,0.005221169,-0.010126203,-0.03212723,0.0029316593,0.0383709,0.017861634,0.023966994,-0.0011546342,0.012665163,0.0147398,0.030744141,-0.008915998,0.022781488,0.02859047,-0.0064116153,-0.0032626132,-0.011963738,0.017822117,-0.005300203,-0.009731034,0.021299604,-0.0003040948,0.0053150216,0.010402821,0.032443367,0.010896782,0.0045123347,0.010728836,-0.0010120028,-0.006821603,0.011390744,0.023394,-0.015154728,-0.00787868,-0.006940154,0.0097754905,-0.007537847,-0.038035005,0.009039489,0.008990092,-0.018582817,0.009064186,-0.04331051,0.032344576,-0.02311738,-0.021675015,-0.02033144,-0.055837367,0.014038376,-0.018642092,0.027918683,0.0036577822,0.020114098,-0.0071574966,0.011005454,0.025073467,-0.006134997,0.015046055,0.016587215,-0.021675015,-0.0006501763,0.035486165,-0.005729949,0.020291923,-0.011064729,0.0015609171,-0.0017955487,-0.0010329962,-0.0060707824,0.010689319,-0.021418154,-0.019017503,0.0017004611,0.0046210065,-0.01752574,0.010906662,-0.0054780287,0.026792452,0.026990036,0.04852674,0.011884704,-0.010995574,0.010659681,0.010551009,0.031317133,0.025844047,0.012358908,-0.0040480113,0.010511492,0.01003729,0.036869258,-0.0077453107,-0.005502727,-0.010521372,-0.020805642,-0.02084516,0.011627845,-0.020706851,-0.029064672,-0.013159124,-0.0019400324,0.014532336,0.0023463154,-0.01879028,0.0023080334,0.006381978,-0.024974674,-0.06915456,-0.00939514,0.0011348757,0.02311738,-0.0037368159,-0.01130183,0.007537847,-0.007226651,0.00851095,0.0022154157,0.04473312,0.023552066,0.010215116,0.015194244,-0.014967022,-0.020766126,-0.01638963,-0.015579534,-0.03633578,-0.024441196,-0.009701396,-0.005310082,-0.023552066,0.015707964,0.0012719498,0.016972505,-0.0019634955,0.008066385,0.014038376,-0.032423608,0.009222254,-0.012299632,-0.027404964,0.00979031,-0.008318305,-0.009237073,-0.029637668,-0.0055224854,-0.01385067,0.020726608,-0.00045753148,-0.023413757,0.02477709,0.0050260546,0.008179996,0.021595981,0.017594894,0.0012571311,0.016152529,0.027997717,0.019718928,-0.046076693,-0.005932473,0.02033144,-0.004650644,0.0112227965,0.004766725,0.0043764957,-0.04508877,0.02477709,-0.00533478,0.018958228,0.00046710199,0.03125786,0.0019128645,0.005626217],"index":0,"object":"embedding"}],"model":"embedding-3","object":"list","usage":{"completion_tokens":0,"prompt_tokens":8,"total_tokens":8}}

2026-03-27 20:10:45.133 [tomcat-handler-31] DEBUG c.a.rag.gateway.cache.EmbeddingCache - Cached embedding for textHash: 887d89ae77d8eab46ead252af20adf8771719b3188866b1a8064d90c49edc08b, vector dimension: 2048
2026-03-27 20:10:45.134 [tomcat-handler-31] DEBUG c.a.rag.gateway.EmbeddingGateway - Embedding 已缓存：textHash=887d89ae
2026-03-27 20:10:45.134 [tomcat-handler-31] DEBUG c.a.r.service.impl.SearchServiceImpl - 查询向量化完成，维度：2048
2026-03-27 20:10:45.134 [tomcat-handler-31] DEBUG c.aetheris.rag.util.PerformanceTimer - Stage 'embedding' completed in 275 ms
2026-03-27 20:10:45.134 [tomcat-handler-31] DEBUG c.a.r.service.impl.SearchServiceImpl - 查询向量已转换为二进制格式，大小：8192 字节
2026-03-27 20:10:45.134 [tomcat-handler-31] DEBUG c.aetheris.rag.util.PerformanceTimer - Stage 'vector_conversion' completed in 0 ms
2026-03-27 20:10:45.136 [tomcat-handler-31] DEBUG c.a.r.service.impl.SearchServiceImpl - FT.SEARCH 原始结果类型: java.util.ArrayList, 大小: 10
2026-03-27 20:10:45.136 [tomcat-handler-31] DEBUG c.a.r.service.impl.SearchServiceImpl - 开始解析搜索结果，result 类型: java.util.ArrayList
2026-03-27 20:10:45.136 [tomcat-handler-31] DEBUG c.a.r.service.impl.SearchServiceImpl - 结果列表大小: 10
2026-03-27 20:10:45.136 [tomcat-handler-31] DEBUG c.a.r.service.impl.SearchServiceImpl - 检测到 NestedMultiOutput 格式
2026-03-27 20:10:45.136 [tomcat-handler-31] DEBUG c.a.r.service.impl.SearchServiceImpl - 找到 results 键，值类型: java.util.ArrayList, 大小: 4
2026-03-27 20:10:45.136 [tomcat-handler-31] DEBUG c.a.r.service.impl.SearchServiceImpl -   resultsValue[0]: List, 大小=6
2026-03-27 20:10:45.136 [tomcat-handler-31] DEBUG c.a.r.service.impl.SearchServiceImpl -   resultsValue[1]: List, 大小=6
2026-03-27 20:10:45.136 [tomcat-handler-31] DEBUG c.a.r.service.impl.SearchServiceImpl -   resultsValue[2]: List, 大小=6
2026-03-27 20:10:45.136 [tomcat-handler-31] DEBUG c.a.r.service.impl.SearchServiceImpl -   resultsValue[3]: List, 大小=6
2026-03-27 20:10:45.136 [tomcat-handler-31] DEBUG c.a.r.service.impl.SearchServiceImpl - 文档列表大小: 6
2026-03-27 20:10:45.136 [tomcat-handler-31] DEBUG c.a.r.service.impl.SearchServiceImpl -   docList[0]: byte[] = "id"
2026-03-27 20:10:45.136 [tomcat-handler-31] DEBUG c.a.r.service.impl.SearchServiceImpl -   docList[1]: byte[] = "chunk:1"
2026-03-27 20:10:45.136 [tomcat-handler-31] DEBUG c.a.r.service.impl.SearchServiceImpl -   docList[2]: byte[] = "extra_attributes"
2026-03-27 20:10:45.136 [tomcat-handler-31] DEBUG c.a.r.service.impl.SearchServiceImpl -   docList[3]: List, 大小=10
2026-03-27 20:10:45.136 [tomcat-handler-31] DEBUG c.a.r.service.impl.SearchServiceImpl -   docList[4]: byte[] = "values"
2026-03-27 20:10:45.136 [tomcat-handler-31] DEBUG c.a.r.service.impl.SearchServiceImpl -   docList[5]: List, 大小=0
2026-03-27 20:10:45.136 [tomcat-handler-31] DEBUG c.a.r.service.impl.SearchServiceImpl - 处理文档 ID: chunk:1
2026-03-27 20:10:45.136 [tomcat-handler-31] DEBUG c.a.r.service.impl.SearchServiceImpl - 字段列表大小: 10
2026-03-27 20:10:45.136 [tomcat-handler-31] DEBUG c.a.r.service.impl.SearchServiceImpl -   字段: __score -> 0.498435616493
2026-03-27 20:10:45.136 [tomcat-handler-31] DEBUG c.a.r.service.impl.SearchServiceImpl -   字段: chunkId -> 1
2026-03-27 20:10:45.136 [tomcat-handler-31] DEBUG c.a.r.service.impl.SearchServiceImpl -   字段: resourceId -> 1
2026-03-27 20:10:45.136 [tomcat-handler-31] DEBUG c.a.r.service.impl.SearchServiceImpl -   字段: chunkIndex -> 0
2026-03-27 20:10:45.136 [tomcat-handler-31] DEBUG c.a.r.service.impl.SearchServiceImpl -   字段: chunkText -> 机器学习基础1. 机器学习概述机器学习是人工智能的一个分支，它使计算机能够在没有明确编程的情况下从数据中学习。其核心任务是构建模型，从数据中发现规律，并用这些规律对未知数据进行预测。1.1 学习类型监... (长度: 991)
2026-03-27 20:10:45.136 [tomcat-handler-31] DEBUG c.a.r.service.impl.SearchServiceImpl - 文档 chunk:1 解析到 5 个字段: [chunkText, resourceId, chunkIndex, __score, chunkId]
2026-03-27 20:10:45.136 [tomcat-handler-31] DEBUG org.mybatis.spring.SqlSessionUtils - Creating a new SqlSession
2026-03-27 20:10:45.136 [tomcat-handler-31] DEBUG org.mybatis.spring.SqlSessionUtils - SqlSession [org.apache.ibatis.session.defaults.DefaultSqlSession@1806bb37] was not registered for synchronization because synchronization is not active
2026-03-27 20:10:45.138 [tomcat-handler-31] DEBUG o.m.s.t.SpringManagedTransaction - JDBC Connection [HikariProxyConnection@1274186879 wrapping com.mysql.cj.jdbc.ConnectionImpl@38968752] will not be managed by Spring
2026-03-27 20:10:45.138 [tomcat-handler-31] DEBUG c.a.rag.mapper.ChunkMapper.findById - ==>  Preparing: SELECT id, resource_id, chunk_index, chunk_text, location_info, page_start, page_end, chapter_path, text_hash, vectorized, created_at FROM resource_chunks WHERE id = ?
2026-03-27 20:10:45.138 [tomcat-handler-31] DEBUG c.a.rag.mapper.ChunkMapper.findById - ==> Parameters: 1(Long)
2026-03-27 20:10:45.140 [tomcat-handler-31] DEBUG c.a.rag.mapper.ChunkMapper.findById - <==      Total: 1
2026-03-27 20:10:45.141 [tomcat-handler-31] DEBUG org.mybatis.spring.SqlSessionUtils - Closing non transactional SqlSession [org.apache.ibatis.session.defaults.DefaultSqlSession@1806bb37]
2026-03-27 20:10:45.141 [tomcat-handler-31] DEBUG org.mybatis.spring.SqlSessionUtils - Creating a new SqlSession
2026-03-27 20:10:45.141 [tomcat-handler-31] DEBUG org.mybatis.spring.SqlSessionUtils - SqlSession [org.apache.ibatis.session.defaults.DefaultSqlSession@adac698] was not registered for synchronization because synchronization is not active
2026-03-27 20:10:45.141 [tomcat-handler-31] DEBUG o.m.s.t.SpringManagedTransaction - JDBC Connection [HikariProxyConnection@665328631 wrapping com.mysql.cj.jdbc.ConnectionImpl@38968752] will not be managed by Spring
2026-03-27 20:10:45.141 [tomcat-handler-31] DEBUG c.a.r.mapper.ResourceMapper.findById - ==>  Preparing: SELECT id, title, tags, file_type, file_path, file_size, description, content_hash, uploaded_by, upload_time, chunk_count, vectorized FROM resources WHERE id = ?
2026-03-27 20:10:45.141 [tomcat-handler-31] DEBUG c.a.r.mapper.ResourceMapper.findById - ==> Parameters: 1(Long)
2026-03-27 20:10:45.143 [tomcat-handler-31] DEBUG c.a.r.mapper.ResourceMapper.findById - <==      Total: 1
2026-03-27 20:10:45.143 [tomcat-handler-31] DEBUG org.mybatis.spring.SqlSessionUtils - Closing non transactional SqlSession [org.apache.ibatis.session.defaults.DefaultSqlSession@adac698]
2026-03-27 20:10:45.143 [tomcat-handler-31] DEBUG c.aetheris.rag.util.PerformanceTimer - Stage 'vector_search' completed in 9 ms
2026-03-27 20:10:45.143 [tomcat-handler-31] INFO  c.a.r.service.impl.SearchServiceImpl - 向量搜索完成，找到 1 个结果，总耗时 284ms（向量化 275ms，搜索 9ms）
2026-03-27 20:10:45.143 [tomcat-handler-31] DEBUG c.a.r.service.impl.SearchServiceImpl - 检索到 1 个切片，开始按资源聚合
2026-03-27 20:10:45.143 [tomcat-handler-31] INFO  c.a.r.service.impl.SearchServiceImpl - 聚合后的结果数量：1
2026-03-27 20:10:45.143 [tomcat-handler-31] DEBUG c.aetheris.rag.util.PerformanceTimer - Stage 'retrieval' completed in 284 ms
2026-03-27 20:10:45.143 [tomcat-handler-31] DEBUG c.a.rag.service.impl.RagServiceImpl - 证据不足：检索结果数量 1 少于阈值 2
2026-03-27 20:10:45.143 [tomcat-handler-31] WARN  c.a.rag.service.impl.RagServiceImpl - 证据不足：userId=2, citationsCount=1, avgScore=0.498435616493
2026-03-27 20:10:45.143 [tomcat-handler-31] DEBUG c.aetheris.rag.util.PerformanceTimer - Stage 'generation' completed in 0 ms
2026-03-27 20:10:45.144 [tomcat-handler-31] DEBUG c.a.r.s.impl.BehaviorServiceImpl - 记录用户查询行为: userId=2, queryText=什么是线性回归？
2026-03-27 20:10:45.144 [tomcat-handler-31] DEBUG org.mybatis.spring.SqlSessionUtils - Creating a new SqlSession
2026-03-27 20:10:45.144 [tomcat-handler-31] DEBUG org.mybatis.spring.SqlSessionUtils - Registering transaction synchronization for SqlSession [org.apache.ibatis.session.defaults.DefaultSqlSession@67083812]
2026-03-27 20:10:45.144 [tomcat-handler-31] DEBUG o.m.s.t.SpringManagedTransaction - JDBC Connection [HikariProxyConnection@1554653022 wrapping com.mysql.cj.jdbc.ConnectionImpl@38968752] will be managed by Spring
2026-03-27 20:10:45.145 [tomcat-handler-31] DEBUG c.a.r.m.UserBehaviorMapper.insert - ==>  Preparing: INSERT INTO user_behaviors ( user_id, behavior_type, resource_id, query_text, behavior_time, session_id, weight ) VALUES ( ?, ?, ?, ?, ?, ?, ? )
2026-03-27 20:10:45.145 [tomcat-handler-31] DEBUG c.a.r.m.UserBehaviorMapper.insert - ==> Parameters: 2(Long), QUERY(String), null, 什么是线性回归？(String), 2026-03-27 20:10:45.14484(Timestamp), null, null
2026-03-27 20:10:45.147 [tomcat-handler-31] DEBUG c.a.r.m.UserBehaviorMapper.insert - <==    Updates: 1
2026-03-27 20:10:45.147 [tomcat-handler-31] DEBUG org.mybatis.spring.SqlSessionUtils - Releasing transactional SqlSession [org.apache.ibatis.session.defaults.DefaultSqlSession@67083812]
2026-03-27 20:10:45.147 [tomcat-handler-31] INFO  c.a.r.s.impl.BehaviorServiceImpl - 查询行为已记录: behaviorId=2, userId=2
2026-03-27 20:10:45.149 [tomcat-handler-31] DEBUG org.mybatis.spring.SqlSessionUtils - Transaction synchronization committing SqlSession [org.apache.ibatis.session.defaults.DefaultSqlSession@67083812]
2026-03-27 20:10:45.149 [tomcat-handler-31] DEBUG org.mybatis.spring.SqlSessionUtils - Transaction synchronization deregistering SqlSession [org.apache.ibatis.session.defaults.DefaultSqlSession@67083812]
2026-03-27 20:10:45.149 [tomcat-handler-31] DEBUG org.mybatis.spring.SqlSessionUtils - Transaction synchronization closing SqlSession [org.apache.ibatis.session.defaults.DefaultSqlSession@67083812]
2026-03-27 20:10:45.152 [tomcat-handler-31] DEBUG c.a.rag.service.impl.RagServiceImpl - 查询行为记录成功：userId=2, query='什么是线性回归？'
2026-03-27 20:10:45.152 [tomcat-handler-31] INFO  c.a.rag.service.impl.RagServiceImpl - 问答完成：userId=2, latencyMs=293ms, useRag=true, citationsCount=1
2026-03-27 20:10:45.152 [tomcat-handler-31] INFO  c.a.rag.controller.ChatController - RAG 问答完成：userId=2, latencyMs=293ms, evidenceInsufficient=true
2026-03-27 20:10:57.213 [tomcat-handler-33] DEBUG c.a.r.c.SecurityConfig$JwtAuthenticationFilter - Authenticated user: 2
2026-03-27 20:10:57.214 [tomcat-handler-33] INFO  c.a.r.controller.ResourceController - GET /api/resources/2/chunks
2026-03-27 20:10:57.214 [tomcat-handler-33] DEBUG org.mybatis.spring.SqlSessionUtils - Creating a new SqlSession
2026-03-27 20:10:57.214 [tomcat-handler-33] DEBUG org.mybatis.spring.SqlSessionUtils - SqlSession [org.apache.ibatis.session.defaults.DefaultSqlSession@4f7899c0] was not registered for synchronization because synchronization is not active
2026-03-27 20:10:57.217 [tomcat-handler-33] DEBUG o.m.s.t.SpringManagedTransaction - JDBC Connection [HikariProxyConnection@1262945527 wrapping com.mysql.cj.jdbc.ConnectionImpl@38968752] will not be managed by Spring
2026-03-27 20:10:57.217 [tomcat-handler-33] DEBUG c.a.r.m.ChunkMapper.findByResourceId - ==>  Preparing: SELECT id, resource_id, chunk_index, chunk_text, location_info, page_start, page_end, chapter_path, text_hash, vectorized, created_at FROM resource_chunks WHERE resource_id = ? ORDER BY chunk_index ASC
2026-03-27 20:10:57.217 [tomcat-handler-33] DEBUG c.a.r.m.ChunkMapper.findByResourceId - ==> Parameters: 2(Long)
2026-03-27 20:10:57.219 [tomcat-handler-33] DEBUG c.a.r.m.ChunkMapper.findByResourceId - <==      Total: 1
2026-03-27 20:10:57.219 [tomcat-handler-33] DEBUG org.mybatis.spring.SqlSessionUtils - Closing non transactional SqlSession [org.apache.ibatis.session.defaults.DefaultSqlSession@4f7899c0]
2026-03-27 20:31:58.799 [SpringApplicationShutdownHook] INFO  o.s.b.w.e.tomcat.GracefulShutdown - Commencing graceful shutdown. Waiting for active requests to complete
2026-03-27 20:31:58.804 [tomcat-shutdown] INFO  o.s.b.w.e.tomcat.GracefulShutdown - Graceful shutdown complete
2026-03-27 20:31:58.937 [SpringApplicationShutdownHook] INFO  com.zaxxer.hikari.HikariDataSource - HikariPool-1 - Shutdown initiated...
2026-03-27 20:31:58.938 [SpringApplicationShutdownHook] INFO  com.zaxxer.hikari.HikariDataSource - HikariPool-1 - Shutdown completed.
2026-03-27 20:32:11.034 [main] INFO  c.a.rag.AetherisRagApplication - Starting AetherisRagApplication using Java 21.0.10 with PID 89134 (/Users/ice/Projects/Aetheris/backend/target/classes started by ice in /Users/ice/Projects/Aetheris/backend)
2026-03-27 20:32:11.035 [main] DEBUG c.a.rag.AetherisRagApplication - Running with Spring Boot v3.5.9, Spring v6.2.15
2026-03-27 20:32:11.036 [main] INFO  c.a.rag.AetherisRagApplication - No active profile set, falling back to 1 default profile: "default"
2026-03-27 20:32:11.408 [main] DEBUG o.m.s.b.a.MybatisAutoConfiguration - Searching for mappers annotated with @Mapper
2026-03-27 20:32:11.408 [main] DEBUG o.m.s.b.a.MybatisAutoConfiguration - Using auto-configuration base package 'com.aetheris.rag'
2026-03-27 20:32:11.506 [main] INFO  o.s.d.r.c.RepositoryConfigurationDelegate - Multiple Spring Data modules found, entering strict repository configuration mode
2026-03-27 20:32:11.507 [main] INFO  o.s.d.r.c.RepositoryConfigurationDelegate - Bootstrapping Spring Data Redis repositories in DEFAULT mode.
2026-03-27 20:32:11.523 [main] INFO  o.s.d.r.c.RepositoryConfigurationDelegate - Finished Spring Data repository scanning in 7 ms. Found 0 Redis repository interfaces.
2026-03-27 20:32:11.569 [main] DEBUG o.m.s.mapper.ClassPathMapperScanner - Identified candidate component class: file [/Users/ice/Projects/Aetheris/backend/target/classes/com/aetheris/rag/mapper/ChunkMapper.class]
2026-03-27 20:32:11.569 [main] DEBUG o.m.s.mapper.ClassPathMapperScanner - Identified candidate component class: file [/Users/ice/Projects/Aetheris/backend/target/classes/com/aetheris/rag/mapper/ResourceMapper.class]
2026-03-27 20:32:11.569 [main] DEBUG o.m.s.mapper.ClassPathMapperScanner - Identified candidate component class: file [/Users/ice/Projects/Aetheris/backend/target/classes/com/aetheris/rag/mapper/UserBehaviorMapper.class]
2026-03-27 20:32:11.569 [main] DEBUG o.m.s.mapper.ClassPathMapperScanner - Identified candidate component class: file [/Users/ice/Projects/Aetheris/backend/target/classes/com/aetheris/rag/mapper/UserMapper.class]
2026-03-27 20:32:11.570 [main] DEBUG o.m.s.mapper.ClassPathMapperScanner - Creating MapperFactoryBean with name 'chunkMapper' and 'com.aetheris.rag.mapper.ChunkMapper' mapperInterface
2026-03-27 20:32:11.570 [main] DEBUG o.m.s.mapper.ClassPathMapperScanner - Creating MapperFactoryBean with name 'resourceMapper' and 'com.aetheris.rag.mapper.ResourceMapper' mapperInterface
2026-03-27 20:32:11.570 [main] DEBUG o.m.s.mapper.ClassPathMapperScanner - Creating MapperFactoryBean with name 'userBehaviorMapper' and 'com.aetheris.rag.mapper.UserBehaviorMapper' mapperInterface
2026-03-27 20:32:11.570 [main] DEBUG o.m.s.mapper.ClassPathMapperScanner - Creating MapperFactoryBean with name 'userMapper' and 'com.aetheris.rag.mapper.UserMapper' mapperInterface
2026-03-27 20:32:11.891 [main] INFO  o.s.b.w.e.tomcat.TomcatWebServer - Tomcat initialized with port 8080 (http)
2026-03-27 20:32:11.899 [main] INFO  o.a.catalina.core.StandardService - Starting service [Tomcat]
2026-03-27 20:32:11.900 [main] INFO  o.a.catalina.core.StandardEngine - Starting Servlet engine: [Apache Tomcat/10.1.50]
2026-03-27 20:32:11.936 [main] INFO  o.a.c.c.C.[Tomcat].[localhost].[/] - Initializing Spring embedded WebApplicationContext
2026-03-27 20:32:11.936 [main] INFO  o.s.b.w.s.c.ServletWebServerApplicationContext - Root WebApplicationContext: initialization completed in 882 ms
2026-03-27 20:32:12.031 [main] INFO  c.aetheris.rag.config.DotenvConfig - ✅ .env 文件已加载: /Users/ice/Projects/Aetheris/.env
2026-03-27 20:32:12.037 [main] INFO  com.aetheris.rag.util.JwtUtil - Initialized JwtUtil with expiration: 604800000 ms
2026-03-27 20:32:12.127 [main] INFO  com.zaxxer.hikari.HikariDataSource - HikariPool-1 - Starting...
2026-03-27 20:32:12.226 [main] INFO  com.zaxxer.hikari.pool.HikariPool - HikariPool-1 - Added connection com.mysql.cj.jdbc.ConnectionImpl@56f84c9b
2026-03-27 20:32:12.227 [main] INFO  com.zaxxer.hikari.HikariDataSource - HikariPool-1 - Start completed.
2026-03-27 20:32:12.257 [main] INFO  org.flywaydb.core.FlywayExecutor - Database: jdbc:mysql://localhost:3306/aetheris_rag?useSSL=false&serverTimezone=Asia/Shanghai&allowPublicKeyRetrieval=true (MySQL 8.4)
2026-03-27 20:32:12.326 [main] WARN  o.f.c.i.database.base.Database - Flyway upgrade recommended: MySQL 8.4 is newer than this version of Flyway and support has not been tested. The latest supported version of MySQL is 8.1.
2026-03-27 20:32:12.354 [main] INFO  o.f.core.internal.command.DbValidate - Successfully validated 1 migration (execution time 00:00.023s)
2026-03-27 20:32:12.374 [main] INFO  o.f.core.internal.command.DbMigrate - Current version of schema `aetheris_rag`: 1
2026-03-27 20:32:12.377 [main] INFO  o.f.core.internal.command.DbMigrate - Schema `aetheris_rag` is up to date. No migration necessary.
2026-03-27 20:32:12.481 [main] DEBUG o.m.spring.SqlSessionFactoryBean - Parsed mapper file: 'file [/Users/ice/Projects/Aetheris/backend/target/classes/mapper/ChunkMapper.xml]'
2026-03-27 20:32:12.488 [main] DEBUG o.m.spring.SqlSessionFactoryBean - Parsed mapper file: 'file [/Users/ice/Projects/Aetheris/backend/target/classes/mapper/ResourceMapper.xml]'
2026-03-27 20:32:12.493 [main] DEBUG o.m.spring.SqlSessionFactoryBean - Parsed mapper file: 'file [/Users/ice/Projects/Aetheris/backend/target/classes/mapper/UserBehaviorMapper.xml]'
2026-03-27 20:32:12.497 [main] DEBUG o.m.spring.SqlSessionFactoryBean - Parsed mapper file: 'file [/Users/ice/Projects/Aetheris/backend/target/classes/mapper/UserMapper.xml]'
2026-03-27 20:32:12.504 [main] INFO  c.aetheris.rag.config.RedissonConfig - 初始化 Redisson 客户端: localhost:6379
2026-03-27 20:32:12.539 [main] INFO  org.redisson.Version - Redisson 3.52.0
2026-03-27 20:32:12.613 [main] WARN  i.n.r.d.DnsServerAddressStreamProviders - Can not find io.netty.resolver.dns.macos.MacOSDnsServerAddressStreamProvider in the classpath, fallback to system defaults. This may result in incorrect DNS resolutions on MacOS. Check whether you have a dependency on 'io.netty:netty-resolver-dns-native-macos'
2026-03-27 20:32:12.705 [redisson-netty-1-6] INFO  o.r.connection.ConnectionsHolder - 1 connections initialized for localhost/127.0.0.1:6379
2026-03-27 20:32:12.710 [redisson-netty-1-8] INFO  o.r.connection.ConnectionsHolder - 2 connections initialized for localhost/127.0.0.1:6379
2026-03-27 20:32:12.735 [main] INFO  c.aetheris.rag.config.RedissonConfig - Redisson 客户端初始化成功
2026-03-27 20:32:12.851 [main] INFO  c.a.rag.gateway.cache.EmbeddingCache - Initialized EmbeddingCache with TTL: 30 days
2026-03-27 20:32:12.931 [main] INFO  c.a.rag.gateway.EmbeddingGateway - 初始化 EmbeddingGateway，模型：embedding-3，缓存：启用
2026-03-27 20:32:12.937 [main] DEBUG c.a.r.service.impl.VectorServiceImpl - 检查向量索引是否存在: chunk_vector_index
2026-03-27 20:32:13.109 [main] INFO  c.a.r.service.impl.VectorServiceImpl - 创建向量索引: chunk_vector_index
2026-03-27 20:32:13.113 [main] INFO  c.a.r.service.impl.VectorServiceImpl - 向量索引已存在: chunk_vector_index
2026-03-27 20:32:13.146 [main] INFO  c.aetheris.rag.gateway.ChatGateway - 初始化 ChatGateway，模型：glm-4-flash，temperature：0.7
2026-03-27 20:32:13.353 [main] INFO  o.s.b.a.e.web.EndpointLinksResolver - Exposing 4 endpoints beneath base path '/actuator'
2026-03-27 20:32:13.380 [main] INFO  o.s.s.c.a.a.c.InitializeUserDetailsBeanManagerConfigurer$InitializeUserDetailsManagerConfigurer - Global AuthenticationManager configured with UserDetailsService bean with name userDetailsService
2026-03-27 20:32:13.490 [main] DEBUG o.m.s.b.a.MybatisAutoConfiguration - Not found configuration for registering mapper bean using @MapperScan, MapperFactoryBean and MapperScannerConfigurer.
2026-03-27 20:32:13.607 [main] INFO  o.s.b.w.e.tomcat.TomcatWebServer - Tomcat started on port 8080 (http) with context path '/'
2026-03-27 20:32:13.621 [main] INFO  c.a.rag.AetherisRagApplication - Started AetherisRagApplication in 2.81 seconds (process running for 2.952)
2026-03-27 20:32:15.559 [tomcat-handler-0] INFO  o.a.c.c.C.[Tomcat].[localhost].[/] - Initializing Spring DispatcherServlet 'dispatcherServlet'
2026-03-27 20:32:15.559 [tomcat-handler-0] INFO  o.s.web.servlet.DispatcherServlet - Initializing Servlet 'dispatcherServlet'
2026-03-27 20:32:15.560 [tomcat-handler-0] INFO  o.s.web.servlet.DispatcherServlet - Completed initialization in 0 ms
2026-03-27 20:33:05.357 [tomcat-handler-2] INFO  c.a.rag.controller.AuthController - POST /api/auth/login - email: test@example.com
2026-03-27 20:33:05.357 [tomcat-handler-2] INFO  c.a.rag.service.impl.AuthServiceImpl - 用户登录尝试: test@example.com
2026-03-27 20:33:05.360 [tomcat-handler-2] DEBUG org.mybatis.spring.SqlSessionUtils - Creating a new SqlSession
2026-03-27 20:33:05.362 [tomcat-handler-2] DEBUG org.mybatis.spring.SqlSessionUtils - SqlSession [org.apache.ibatis.session.defaults.DefaultSqlSession@4869b342] was not registered for synchronization because synchronization is not active
2026-03-27 20:33:05.369 [tomcat-handler-2] DEBUG o.m.s.t.SpringManagedTransaction - JDBC Connection [HikariProxyConnection@1518552060 wrapping com.mysql.cj.jdbc.ConnectionImpl@56f84c9b] will not be managed by Spring
2026-03-27 20:33:05.370 [tomcat-handler-2] DEBUG c.a.r.mapper.UserMapper.findByEmail - ==>  Preparing: SELECT id, username, email, password_hash, created_at, updated_at, last_active_at FROM users WHERE email = ?
2026-03-27 20:33:05.377 [tomcat-handler-2] DEBUG c.a.r.mapper.UserMapper.findByEmail - ==> Parameters: test@example.com(String)
2026-03-27 20:33:05.388 [tomcat-handler-2] DEBUG c.a.r.mapper.UserMapper.findByEmail - <==      Total: 1
2026-03-27 20:33:05.389 [tomcat-handler-2] DEBUG org.mybatis.spring.SqlSessionUtils - Closing non transactional SqlSession [org.apache.ibatis.session.defaults.DefaultSqlSession@4869b342]
2026-03-27 20:33:05.482 [tomcat-handler-2] DEBUG org.mybatis.spring.SqlSessionUtils - Creating a new SqlSession
2026-03-27 20:33:05.482 [tomcat-handler-2] DEBUG org.mybatis.spring.SqlSessionUtils - SqlSession [org.apache.ibatis.session.defaults.DefaultSqlSession@4097b573] was not registered for synchronization because synchronization is not active
2026-03-27 20:33:05.482 [tomcat-handler-2] DEBUG o.m.s.t.SpringManagedTransaction - JDBC Connection [HikariProxyConnection@810646947 wrapping com.mysql.cj.jdbc.ConnectionImpl@56f84c9b] will not be managed by Spring
2026-03-27 20:33:05.482 [tomcat-handler-2] DEBUG c.a.r.m.UserMapper.updateLastActive - ==>  Preparing: UPDATE users SET last_active_at = ?, updated_at = CURRENT_TIMESTAMP WHERE id = ?
2026-03-27 20:33:05.483 [tomcat-handler-2] DEBUG c.a.r.m.UserMapper.updateLastActive - ==> Parameters: 2026-03-27 20:33:05.48185(Timestamp), 2(Long)
2026-03-27 20:33:05.495 [tomcat-handler-2] DEBUG c.a.r.m.UserMapper.updateLastActive - <==    Updates: 1
2026-03-27 20:33:05.495 [tomcat-handler-2] DEBUG org.mybatis.spring.SqlSessionUtils - Closing non transactional SqlSession [org.apache.ibatis.session.defaults.DefaultSqlSession@4097b573]
2026-03-27 20:33:05.496 [tomcat-handler-2] INFO  c.a.rag.service.impl.AuthServiceImpl - User logged in successfully: 2
2026-03-27 20:33:48.650 [tomcat-handler-4] DEBUG c.a.r.c.SecurityConfig$JwtAuthenticationFilter - Authenticated user: 2
2026-03-27 20:33:48.652 [tomcat-handler-4] INFO  c.a.r.controller.BehaviorController - 查询用户最近行为: userId=2, limit=10
2026-03-27 20:33:48.677 [tomcat-handler-4] DEBUG c.a.r.s.impl.BehaviorServiceImpl - 查询用户最近行为: userId=2, limit=10
2026-03-27 20:33:48.677 [tomcat-handler-4] DEBUG org.mybatis.spring.SqlSessionUtils - Creating a new SqlSession
2026-03-27 20:33:48.677 [tomcat-handler-4] DEBUG org.mybatis.spring.SqlSessionUtils - Registering transaction synchronization for SqlSession [org.apache.ibatis.session.defaults.DefaultSqlSession@773b27c]
2026-03-27 20:33:48.678 [tomcat-handler-4] DEBUG o.m.s.t.SpringManagedTransaction - JDBC Connection [HikariProxyConnection@671391127 wrapping com.mysql.cj.jdbc.ConnectionImpl@56f84c9b] will be managed by Spring
2026-03-27 20:33:48.678 [tomcat-handler-4] DEBUG c.a.r.m.U.findRecentBehaviors - ==>  Preparing: SELECT * FROM user_behaviors WHERE user_id = ? ORDER BY behavior_time DESC LIMIT ?
2026-03-27 20:33:48.679 [tomcat-handler-4] DEBUG c.a.r.m.U.findRecentBehaviors - ==> Parameters: 2(Long), 10(Integer)
2026-03-27 20:33:48.681 [tomcat-handler-4] DEBUG c.a.r.m.U.findRecentBehaviors - <==      Total: 2
2026-03-27 20:33:48.682 [tomcat-handler-4] DEBUG org.mybatis.spring.SqlSessionUtils - Releasing transactional SqlSession [org.apache.ibatis.session.defaults.DefaultSqlSession@773b27c]
2026-03-27 20:33:48.682 [tomcat-handler-4] INFO  c.a.r.s.impl.BehaviorServiceImpl - 查询到 2 条最近行为记录: userId=2
2026-03-27 20:33:48.682 [tomcat-handler-4] DEBUG org.mybatis.spring.SqlSessionUtils - Transaction synchronization committing SqlSession [org.apache.ibatis.session.defaults.DefaultSqlSession@773b27c]
2026-03-27 20:33:48.682 [tomcat-handler-4] DEBUG org.mybatis.spring.SqlSessionUtils - Transaction synchronization deregistering SqlSession [org.apache.ibatis.session.defaults.DefaultSqlSession@773b27c]
2026-03-27 20:33:48.682 [tomcat-handler-4] DEBUG org.mybatis.spring.SqlSessionUtils - Transaction synchronization closing SqlSession [org.apache.ibatis.session.defaults.DefaultSqlSession@773b27c]
2026-03-27 20:33:48.685 [tomcat-handler-4] INFO  c.a.r.controller.BehaviorController - 查询到 2 条最近行为记录: userId=2
2026-03-27 20:33:48.703 [tomcat-handler-6] DEBUG c.a.r.c.SecurityConfig$JwtAuthenticationFilter - Authenticated user: 2
2026-03-27 20:33:48.704 [tomcat-handler-6] INFO  c.a.r.controller.BehaviorController - 统计用户查询行为数量: userId=2
2026-03-27 20:33:48.705 [tomcat-handler-6] DEBUG c.a.r.s.impl.BehaviorServiceImpl - 统计用户行为数量: userId=2, behaviorType=QUERY
2026-03-27 20:33:48.706 [tomcat-handler-6] DEBUG org.mybatis.spring.SqlSessionUtils - Creating a new SqlSession
2026-03-27 20:33:48.706 [tomcat-handler-6] DEBUG org.mybatis.spring.SqlSessionUtils - Registering transaction synchronization for SqlSession [org.apache.ibatis.session.defaults.DefaultSqlSession@3f76fe97]
2026-03-27 20:33:48.706 [tomcat-handler-6] DEBUG o.m.s.t.SpringManagedTransaction - JDBC Connection [HikariProxyConnection@1540231438 wrapping com.mysql.cj.jdbc.ConnectionImpl@56f84c9b] will be managed by Spring
2026-03-27 20:33:48.706 [tomcat-handler-6] DEBUG c.a.r.m.U.countByType - ==>  Preparing: SELECT COUNT(*) FROM user_behaviors WHERE user_id = ? AND behavior_type = ?
2026-03-27 20:33:48.706 [tomcat-handler-6] DEBUG c.a.r.m.U.countByType - ==> Parameters: 2(Long), QUERY(String)
2026-03-27 20:33:48.708 [tomcat-handler-6] DEBUG c.a.r.m.U.countByType - <==      Total: 1
2026-03-27 20:33:48.708 [tomcat-handler-6] DEBUG org.mybatis.spring.SqlSessionUtils - Releasing transactional SqlSession [org.apache.ibatis.session.defaults.DefaultSqlSession@3f76fe97]
2026-03-27 20:33:48.708 [tomcat-handler-6] INFO  c.a.r.s.impl.BehaviorServiceImpl - 用户行为统计: userId=2, behaviorType=QUERY, count=2
2026-03-27 20:33:48.708 [tomcat-handler-6] DEBUG org.mybatis.spring.SqlSessionUtils - Transaction synchronization committing SqlSession [org.apache.ibatis.session.defaults.DefaultSqlSession@3f76fe97]
2026-03-27 20:33:48.708 [tomcat-handler-6] DEBUG org.mybatis.spring.SqlSessionUtils - Transaction synchronization deregistering SqlSession [org.apache.ibatis.session.defaults.DefaultSqlSession@3f76fe97]
2026-03-27 20:33:48.708 [tomcat-handler-6] DEBUG org.mybatis.spring.SqlSessionUtils - Transaction synchronization closing SqlSession [org.apache.ibatis.session.defaults.DefaultSqlSession@3f76fe97]
2026-03-27 20:33:48.710 [tomcat-handler-6] INFO  c.a.r.controller.BehaviorController - 用户查询行为统计: userId=2, count=2
2026-03-27 20:33:57.075 [tomcat-handler-8] DEBUG c.a.r.c.SecurityConfig$JwtAuthenticationFilter - Authenticated user: 2
2026-03-27 20:33:57.083 [tomcat-handler-8] INFO  c.a.rag.controller.ChatController - POST /api/chat/ask - userId=2, question='什么是机器学习？', topK=3
2026-03-27 20:33:57.084 [tomcat-handler-8] INFO  c.a.rag.service.impl.RagServiceImpl - 执行问答：userId=2, question='什么是机器学习？', useRag=true, topK=3
2026-03-27 20:33:57.084 [tomcat-handler-8] INFO  c.a.r.service.impl.SearchServiceImpl - 执行聚合语义检索：query='什么是机器学习？', topK=3
2026-03-27 20:33:57.084 [tomcat-handler-8] INFO  c.a.r.service.impl.SearchServiceImpl - 执行语义检索：query='什么是机器学习？', topK=6
2026-03-27 20:33:57.099 [tomcat-handler-8] DEBUG c.a.rag.gateway.cache.EmbeddingCache - Embedding cache hit for textHash: eb6b86c933294ca91d8169f3fb97ca828c016bfbdd7707022a805be154806145
2026-03-27 20:33:57.099 [tomcat-handler-8] DEBUG c.a.rag.gateway.EmbeddingGateway - Embedding 缓存命中：textHash=eb6b86c9
2026-03-27 20:33:57.099 [tomcat-handler-8] DEBUG c.a.r.service.impl.SearchServiceImpl - 查询向量化完成，维度：2048
2026-03-27 20:33:57.099 [tomcat-handler-8] DEBUG c.aetheris.rag.util.PerformanceTimer - Stage 'embedding' completed in 14 ms
2026-03-27 20:33:57.100 [tomcat-handler-8] DEBUG c.a.r.service.impl.SearchServiceImpl - 查询向量已转换为二进制格式，大小：8192 字节
2026-03-27 20:33:57.100 [tomcat-handler-8] DEBUG c.aetheris.rag.util.PerformanceTimer - Stage 'vector_conversion' completed in 0 ms
2026-03-27 20:33:57.104 [tomcat-handler-8] DEBUG c.a.r.service.impl.SearchServiceImpl - FT.SEARCH 原始结果类型: java.util.ArrayList, 大小: 10
2026-03-27 20:33:57.104 [tomcat-handler-8] DEBUG c.a.r.service.impl.SearchServiceImpl - 开始解析搜索结果，result 类型: java.util.ArrayList
2026-03-27 20:33:57.104 [tomcat-handler-8] DEBUG c.a.r.service.impl.SearchServiceImpl - 结果列表大小: 10
2026-03-27 20:33:57.104 [tomcat-handler-8] DEBUG c.a.r.service.impl.SearchServiceImpl - 检测到 NestedMultiOutput 格式
2026-03-27 20:33:57.104 [tomcat-handler-8] DEBUG c.a.r.service.impl.SearchServiceImpl - 找到 results 键，值类型: java.util.ArrayList, 大小: 4
2026-03-27 20:33:57.104 [tomcat-handler-8] DEBUG c.a.r.service.impl.SearchServiceImpl -   resultsValue[0]: List, 大小=6
2026-03-27 20:33:57.105 [tomcat-handler-8] DEBUG c.a.r.service.impl.SearchServiceImpl -   resultsValue[1]: List, 大小=6
2026-03-27 20:33:57.105 [tomcat-handler-8] DEBUG c.a.r.service.impl.SearchServiceImpl -   resultsValue[2]: List, 大小=6
2026-03-27 20:33:57.105 [tomcat-handler-8] DEBUG c.a.r.service.impl.SearchServiceImpl -   resultsValue[3]: List, 大小=6
2026-03-27 20:33:57.105 [tomcat-handler-8] DEBUG c.a.r.service.impl.SearchServiceImpl - 文档列表大小: 6
2026-03-27 20:33:57.105 [tomcat-handler-8] DEBUG c.a.r.service.impl.SearchServiceImpl -   docList[0]: byte[] = "id"
2026-03-27 20:33:57.105 [tomcat-handler-8] DEBUG c.a.r.service.impl.SearchServiceImpl -   docList[1]: byte[] = "chunk:1"
2026-03-27 20:33:57.105 [tomcat-handler-8] DEBUG c.a.r.service.impl.SearchServiceImpl -   docList[2]: byte[] = "extra_attributes"
2026-03-27 20:33:57.105 [tomcat-handler-8] DEBUG c.a.r.service.impl.SearchServiceImpl -   docList[3]: List, 大小=10
2026-03-27 20:33:57.105 [tomcat-handler-8] DEBUG c.a.r.service.impl.SearchServiceImpl -   docList[4]: byte[] = "values"
2026-03-27 20:33:57.105 [tomcat-handler-8] DEBUG c.a.r.service.impl.SearchServiceImpl -   docList[5]: List, 大小=0
2026-03-27 20:33:57.105 [tomcat-handler-8] DEBUG c.a.r.service.impl.SearchServiceImpl - 处理文档 ID: chunk:1
2026-03-27 20:33:57.105 [tomcat-handler-8] DEBUG c.a.r.service.impl.SearchServiceImpl - 字段列表大小: 10
2026-03-27 20:33:57.105 [tomcat-handler-8] DEBUG c.a.r.service.impl.SearchServiceImpl -   字段: __score -> 0.458094120026
2026-03-27 20:33:57.105 [tomcat-handler-8] DEBUG c.a.r.service.impl.SearchServiceImpl -   字段: chunkId -> 1
2026-03-27 20:33:57.105 [tomcat-handler-8] DEBUG c.a.r.service.impl.SearchServiceImpl -   字段: resourceId -> 1
2026-03-27 20:33:57.105 [tomcat-handler-8] DEBUG c.a.r.service.impl.SearchServiceImpl -   字段: chunkIndex -> 0
2026-03-27 20:33:57.105 [tomcat-handler-8] DEBUG c.a.r.service.impl.SearchServiceImpl -   字段: chunkText -> 机器学习基础1. 机器学习概述机器学习是人工智能的一个分支，它使计算机能够在没有明确编程的情况下从数据中学习。其核心任务是构建模型，从数据中发现规律，并用这些规律对未知数据进行预测。1.1 学习类型监... (长度: 991)
2026-03-27 20:33:57.105 [tomcat-handler-8] DEBUG c.a.r.service.impl.SearchServiceImpl - 文档 chunk:1 解析到 5 个字段: [chunkText, resourceId, chunkIndex, __score, chunkId]
2026-03-27 20:33:57.106 [tomcat-handler-8] DEBUG org.mybatis.spring.SqlSessionUtils - Creating a new SqlSession
2026-03-27 20:33:57.106 [tomcat-handler-8] DEBUG org.mybatis.spring.SqlSessionUtils - SqlSession [org.apache.ibatis.session.defaults.DefaultSqlSession@1648a0ad] was not registered for synchronization because synchronization is not active
2026-03-27 20:33:57.106 [tomcat-handler-8] DEBUG o.m.s.t.SpringManagedTransaction - JDBC Connection [HikariProxyConnection@1266030789 wrapping com.mysql.cj.jdbc.ConnectionImpl@56f84c9b] will not be managed by Spring
2026-03-27 20:33:57.106 [tomcat-handler-8] DEBUG c.a.rag.mapper.ChunkMapper.findById - ==>  Preparing: SELECT id, resource_id, chunk_index, chunk_text, location_info, page_start, page_end, chapter_path, text_hash, vectorized, created_at FROM resource_chunks WHERE id = ?
2026-03-27 20:33:57.107 [tomcat-handler-8] DEBUG c.a.rag.mapper.ChunkMapper.findById - ==> Parameters: 1(Long)
2026-03-27 20:33:57.108 [tomcat-handler-8] DEBUG c.a.rag.mapper.ChunkMapper.findById - <==      Total: 1
2026-03-27 20:33:57.108 [tomcat-handler-8] DEBUG org.mybatis.spring.SqlSessionUtils - Closing non transactional SqlSession [org.apache.ibatis.session.defaults.DefaultSqlSession@1648a0ad]
2026-03-27 20:33:57.108 [tomcat-handler-8] DEBUG org.mybatis.spring.SqlSessionUtils - Creating a new SqlSession
2026-03-27 20:33:57.108 [tomcat-handler-8] DEBUG org.mybatis.spring.SqlSessionUtils - SqlSession [org.apache.ibatis.session.defaults.DefaultSqlSession@7a684aad] was not registered for synchronization because synchronization is not active
2026-03-27 20:33:57.109 [tomcat-handler-8] DEBUG o.m.s.t.SpringManagedTransaction - JDBC Connection [HikariProxyConnection@704041093 wrapping com.mysql.cj.jdbc.ConnectionImpl@56f84c9b] will not be managed by Spring
2026-03-27 20:33:57.109 [tomcat-handler-8] DEBUG c.a.r.mapper.ResourceMapper.findById - ==>  Preparing: SELECT id, title, tags, file_type, file_path, file_size, description, content_hash, uploaded_by, upload_time, chunk_count, vectorized FROM resources WHERE id = ?
2026-03-27 20:33:57.109 [tomcat-handler-8] DEBUG c.a.r.mapper.ResourceMapper.findById - ==> Parameters: 1(Long)
2026-03-27 20:33:57.110 [tomcat-handler-8] DEBUG c.a.r.mapper.ResourceMapper.findById - <==      Total: 1
2026-03-27 20:33:57.110 [tomcat-handler-8] DEBUG org.mybatis.spring.SqlSessionUtils - Closing non transactional SqlSession [org.apache.ibatis.session.defaults.DefaultSqlSession@7a684aad]
2026-03-27 20:33:57.110 [tomcat-handler-8] DEBUG c.aetheris.rag.util.PerformanceTimer - Stage 'vector_search' completed in 10 ms
2026-03-27 20:33:57.110 [tomcat-handler-8] INFO  c.a.r.service.impl.SearchServiceImpl - 向量搜索完成，找到 1 个结果，总耗时 26ms（向量化 14ms，搜索 10ms）
2026-03-27 20:33:57.111 [tomcat-handler-8] DEBUG c.a.r.service.impl.SearchServiceImpl - 检索到 1 个切片，开始按资源聚合
2026-03-27 20:33:57.113 [tomcat-handler-8] INFO  c.a.r.service.impl.SearchServiceImpl - 聚合后的结果数量：1
2026-03-27 20:33:57.113 [tomcat-handler-8] DEBUG c.aetheris.rag.util.PerformanceTimer - Stage 'retrieval' completed in 29 ms
2026-03-27 20:33:57.113 [tomcat-handler-8] DEBUG c.a.rag.service.impl.RagServiceImpl - 证据不足：检索结果数量 1 少于阈值 2
2026-03-27 20:33:57.114 [tomcat-handler-8] WARN  c.a.rag.service.impl.RagServiceImpl - 证据不足：userId=2, citationsCount=1, avgScore=0.458094120026
2026-03-27 20:33:57.114 [tomcat-handler-8] DEBUG c.aetheris.rag.util.PerformanceTimer - Stage 'generation' completed in 0 ms
2026-03-27 20:33:57.115 [tomcat-handler-8] DEBUG c.a.r.s.impl.BehaviorServiceImpl - 记录用户查询行为: userId=2, queryText=什么是机器学习？
2026-03-27 20:33:57.116 [tomcat-handler-8] DEBUG org.mybatis.spring.SqlSessionUtils - Creating a new SqlSession
2026-03-27 20:33:57.116 [tomcat-handler-8] DEBUG org.mybatis.spring.SqlSessionUtils - Registering transaction synchronization for SqlSession [org.apache.ibatis.session.defaults.DefaultSqlSession@11c16759]
2026-03-27 20:33:57.116 [tomcat-handler-8] DEBUG o.m.s.t.SpringManagedTransaction - JDBC Connection [HikariProxyConnection@1069202839 wrapping com.mysql.cj.jdbc.ConnectionImpl@56f84c9b] will be managed by Spring
2026-03-27 20:33:57.116 [tomcat-handler-8] DEBUG c.a.r.m.UserBehaviorMapper.insert - ==>  Preparing: INSERT INTO user_behaviors ( user_id, behavior_type, resource_id, query_text, behavior_time, session_id, weight ) VALUES ( ?, ?, ?, ?, ?, ?, ? )
2026-03-27 20:33:57.117 [tomcat-handler-8] DEBUG c.a.r.m.UserBehaviorMapper.insert - ==> Parameters: 2(Long), QUERY(String), null, 什么是机器学习？(String), 2026-03-27 20:33:57.115832(Timestamp), null, null
2026-03-27 20:33:57.119 [tomcat-handler-8] DEBUG c.a.r.m.UserBehaviorMapper.insert - <==    Updates: 1
2026-03-27 20:33:57.120 [tomcat-handler-8] DEBUG org.mybatis.spring.SqlSessionUtils - Releasing transactional SqlSession [org.apache.ibatis.session.defaults.DefaultSqlSession@11c16759]
2026-03-27 20:33:57.121 [tomcat-handler-8] INFO  c.a.r.s.impl.BehaviorServiceImpl - 查询行为已记录: behaviorId=3, userId=2
2026-03-27 20:33:57.121 [tomcat-handler-8] DEBUG org.mybatis.spring.SqlSessionUtils - Transaction synchronization committing SqlSession [org.apache.ibatis.session.defaults.DefaultSqlSession@11c16759]
2026-03-27 20:33:57.121 [tomcat-handler-8] DEBUG org.mybatis.spring.SqlSessionUtils - Transaction synchronization deregistering SqlSession [org.apache.ibatis.session.defaults.DefaultSqlSession@11c16759]
2026-03-27 20:33:57.121 [tomcat-handler-8] DEBUG org.mybatis.spring.SqlSessionUtils - Transaction synchronization closing SqlSession [org.apache.ibatis.session.defaults.DefaultSqlSession@11c16759]
2026-03-27 20:33:57.123 [tomcat-handler-8] DEBUG c.a.rag.service.impl.RagServiceImpl - 查询行为记录成功：userId=2, query='什么是机器学习？'
2026-03-27 20:33:57.123 [tomcat-handler-8] INFO  c.a.rag.service.impl.RagServiceImpl - 问答完成：userId=2, latencyMs=39ms, useRag=true, citationsCount=1
2026-03-27 20:33:57.123 [tomcat-handler-8] INFO  c.a.rag.controller.ChatController - RAG 问答完成：userId=2, latencyMs=39ms, evidenceInsufficient=true
2026-03-27 20:56:06.951 [tomcat-handler-10] INFO  o.a.coyote.http11.Http11Processor - Error parsing HTTP request header
 Note: further occurrences of HTTP request parsing errors will be logged at DEBUG level.
java.lang.IllegalArgumentException: Invalid character found in method name [PING0x0d0x0a...]. HTTP method names must be tokens
	at org.apache.coyote.http11.Http11InputBuffer.parseRequestLine(Http11InputBuffer.java:402)
	at org.apache.coyote.http11.Http11Processor.service(Http11Processor.java:272)
	at org.apache.coyote.AbstractProcessorLight.process(AbstractProcessorLight.java:63)
	at org.apache.coyote.AbstractProtocol$ConnectionHandler.process(AbstractProtocol.java:903)
	at org.apache.tomcat.util.net.NioEndpoint$SocketProcessor.doRun(NioEndpoint.java:1774)
	at org.apache.tomcat.util.net.SocketProcessorBase.run(SocketProcessorBase.java:52)
	at java.base/java.lang.VirtualThread.run(VirtualThread.java:329)
2026-03-27 21:05:15.812 [tomcat-handler-11] INFO  c.a.rag.controller.AuthController - POST /api/auth/login - email: test@example.com
2026-03-27 21:05:15.813 [tomcat-handler-11] INFO  c.a.rag.service.impl.AuthServiceImpl - 用户登录尝试: test@example.com
2026-03-27 21:05:15.814 [tomcat-handler-11] DEBUG org.mybatis.spring.SqlSessionUtils - Creating a new SqlSession
2026-03-27 21:05:15.814 [tomcat-handler-11] DEBUG org.mybatis.spring.SqlSessionUtils - SqlSession [org.apache.ibatis.session.defaults.DefaultSqlSession@552a9bce] was not registered for synchronization because synchronization is not active
2026-03-27 21:05:15.817 [tomcat-handler-11] DEBUG o.m.s.t.SpringManagedTransaction - JDBC Connection [HikariProxyConnection@1684144530 wrapping com.mysql.cj.jdbc.ConnectionImpl@42789ae9] will not be managed by Spring
2026-03-27 21:05:15.817 [tomcat-handler-11] DEBUG c.a.r.mapper.UserMapper.findByEmail - ==>  Preparing: SELECT id, username, email, password_hash, created_at, updated_at, last_active_at FROM users WHERE email = ?
2026-03-27 21:05:15.818 [tomcat-handler-11] DEBUG c.a.r.mapper.UserMapper.findByEmail - ==> Parameters: test@example.com(String)
2026-03-27 21:05:15.828 [tomcat-handler-11] DEBUG c.a.r.mapper.UserMapper.findByEmail - <==      Total: 1
2026-03-27 21:05:15.828 [tomcat-handler-11] DEBUG org.mybatis.spring.SqlSessionUtils - Closing non transactional SqlSession [org.apache.ibatis.session.defaults.DefaultSqlSession@552a9bce]
2026-03-27 21:05:15.934 [tomcat-handler-11] DEBUG org.mybatis.spring.SqlSessionUtils - Creating a new SqlSession
2026-03-27 21:05:15.934 [tomcat-handler-11] DEBUG org.mybatis.spring.SqlSessionUtils - SqlSession [org.apache.ibatis.session.defaults.DefaultSqlSession@35ec3f19] was not registered for synchronization because synchronization is not active
2026-03-27 21:05:15.934 [tomcat-handler-11] DEBUG o.m.s.t.SpringManagedTransaction - JDBC Connection [HikariProxyConnection@1098307239 wrapping com.mysql.cj.jdbc.ConnectionImpl@42789ae9] will not be managed by Spring
2026-03-27 21:05:15.934 [tomcat-handler-11] DEBUG c.a.r.m.UserMapper.updateLastActive - ==>  Preparing: UPDATE users SET last_active_at = ?, updated_at = CURRENT_TIMESTAMP WHERE id = ?
2026-03-27 21:05:15.934 [tomcat-handler-11] DEBUG c.a.r.m.UserMapper.updateLastActive - ==> Parameters: 2026-03-27 21:05:15.934151(Timestamp), 2(Long)
2026-03-27 21:05:15.947 [tomcat-handler-11] DEBUG c.a.r.m.UserMapper.updateLastActive - <==    Updates: 1
2026-03-27 21:05:15.947 [tomcat-handler-11] DEBUG org.mybatis.spring.SqlSessionUtils - Closing non transactional SqlSession [org.apache.ibatis.session.defaults.DefaultSqlSession@35ec3f19]
2026-03-27 21:05:15.947 [tomcat-handler-11] INFO  c.a.rag.service.impl.AuthServiceImpl - User logged in successfully: 2
2026-03-27 21:05:19.904 [tomcat-handler-12] DEBUG c.a.r.c.SecurityConfig$JwtAuthenticationFilter - Authenticated user: 2
2026-03-27 21:05:19.935 [tomcat-handler-12] INFO  c.a.r.controller.ResourceController - GET /api/resources - page=0, size=10
2026-03-27 21:05:19.936 [tomcat-handler-12] DEBUG org.mybatis.spring.SqlSessionUtils - Creating a new SqlSession
2026-03-27 21:05:19.936 [tomcat-handler-12] DEBUG org.mybatis.spring.SqlSessionUtils - SqlSession [org.apache.ibatis.session.defaults.DefaultSqlSession@c49b332] was not registered for synchronization because synchronization is not active
2026-03-27 21:05:19.939 [tomcat-handler-12] DEBUG o.m.s.t.SpringManagedTransaction - JDBC Connection [HikariProxyConnection@263221676 wrapping com.mysql.cj.jdbc.ConnectionImpl@42789ae9] will not be managed by Spring
2026-03-27 21:05:19.939 [tomcat-handler-12] DEBUG c.a.r.m.ResourceMapper.findPaged - ==>  Preparing: SELECT id, title, tags, file_type, file_path, file_size, description, content_hash, uploaded_by, upload_time, chunk_count, vectorized FROM resources ORDER BY upload_time DESC LIMIT ?, ?
2026-03-27 21:05:19.939 [tomcat-handler-12] DEBUG c.a.r.m.ResourceMapper.findPaged - ==> Parameters: 0(Integer), 10(Integer)
2026-03-27 21:05:19.943 [tomcat-handler-12] DEBUG c.a.r.m.ResourceMapper.findPaged - <==      Total: 2
2026-03-27 21:05:19.943 [tomcat-handler-12] DEBUG org.mybatis.spring.SqlSessionUtils - Closing non transactional SqlSession [org.apache.ibatis.session.defaults.DefaultSqlSession@c49b332]
2026-03-27 21:05:19.943 [tomcat-handler-12] DEBUG org.mybatis.spring.SqlSessionUtils - Creating a new SqlSession
2026-03-27 21:05:19.943 [tomcat-handler-12] DEBUG org.mybatis.spring.SqlSessionUtils - SqlSession [org.apache.ibatis.session.defaults.DefaultSqlSession@57e4ef71] was not registered for synchronization because synchronization is not active
2026-03-27 21:05:19.943 [tomcat-handler-12] DEBUG o.m.s.t.SpringManagedTransaction - JDBC Connection [HikariProxyConnection@385156764 wrapping com.mysql.cj.jdbc.ConnectionImpl@42789ae9] will not be managed by Spring
2026-03-27 21:05:19.943 [tomcat-handler-12] DEBUG c.a.rag.mapper.ResourceMapper.count - ==>  Preparing: SELECT COUNT(*) FROM resources
2026-03-27 21:05:19.943 [tomcat-handler-12] DEBUG c.a.rag.mapper.ResourceMapper.count - ==> Parameters: 
2026-03-27 21:05:19.944 [tomcat-handler-12] DEBUG c.a.rag.mapper.ResourceMapper.count - <==      Total: 1
2026-03-27 21:05:19.945 [tomcat-handler-12] DEBUG org.mybatis.spring.SqlSessionUtils - Closing non transactional SqlSession [org.apache.ibatis.session.defaults.DefaultSqlSession@57e4ef71]
2026-03-27 21:05:21.439 [tomcat-handler-14] DEBUG c.a.r.c.SecurityConfig$JwtAuthenticationFilter - Authenticated user: 2
2026-03-27 21:05:21.439 [tomcat-handler-13] DEBUG c.a.r.c.SecurityConfig$JwtAuthenticationFilter - Authenticated user: 2
2026-03-27 21:05:21.441 [tomcat-handler-14] INFO  c.a.r.controller.ResourceController - GET /api/resources/2/chunks
2026-03-27 21:05:21.441 [tomcat-handler-13] INFO  c.a.r.controller.ResourceController - GET /api/resources/2
2026-03-27 21:05:21.441 [tomcat-handler-14] DEBUG org.mybatis.spring.SqlSessionUtils - Creating a new SqlSession
2026-03-27 21:05:21.441 [tomcat-handler-13] DEBUG org.mybatis.spring.SqlSessionUtils - Creating a new SqlSession
2026-03-27 21:05:21.441 [tomcat-handler-14] DEBUG org.mybatis.spring.SqlSessionUtils - SqlSession [org.apache.ibatis.session.defaults.DefaultSqlSession@15929249] was not registered for synchronization because synchronization is not active
2026-03-27 21:05:21.442 [tomcat-handler-13] DEBUG org.mybatis.spring.SqlSessionUtils - SqlSession [org.apache.ibatis.session.defaults.DefaultSqlSession@2b61666a] was not registered for synchronization because synchronization is not active
2026-03-27 21:05:21.444 [tomcat-handler-14] DEBUG o.m.s.t.SpringManagedTransaction - JDBC Connection [HikariProxyConnection@474127872 wrapping com.mysql.cj.jdbc.ConnectionImpl@42789ae9] will not be managed by Spring
2026-03-27 21:05:21.444 [tomcat-handler-13] DEBUG o.m.s.t.SpringManagedTransaction - JDBC Connection [HikariProxyConnection@1288119541 wrapping com.mysql.cj.jdbc.ConnectionImpl@4200d31d] will not be managed by Spring
2026-03-27 21:05:21.444 [tomcat-handler-14] DEBUG c.a.r.m.ChunkMapper.findByResourceId - ==>  Preparing: SELECT id, resource_id, chunk_index, chunk_text, location_info, page_start, page_end, chapter_path, text_hash, vectorized, created_at FROM resource_chunks WHERE resource_id = ? ORDER BY chunk_index ASC
2026-03-27 21:05:21.444 [tomcat-handler-13] DEBUG c.a.r.mapper.ResourceMapper.findById - ==>  Preparing: SELECT id, title, tags, file_type, file_path, file_size, description, content_hash, uploaded_by, upload_time, chunk_count, vectorized FROM resources WHERE id = ?
2026-03-27 21:05:21.444 [tomcat-handler-14] DEBUG c.a.r.m.ChunkMapper.findByResourceId - ==> Parameters: 2(Long)
2026-03-27 21:05:21.444 [tomcat-handler-13] DEBUG c.a.r.mapper.ResourceMapper.findById - ==> Parameters: 2(Long)
2026-03-27 21:05:21.447 [tomcat-handler-13] DEBUG c.a.r.mapper.ResourceMapper.findById - <==      Total: 1
2026-03-27 21:05:21.447 [tomcat-handler-14] DEBUG c.a.r.m.ChunkMapper.findByResourceId - <==      Total: 1
2026-03-27 21:05:21.447 [tomcat-handler-14] DEBUG org.mybatis.spring.SqlSessionUtils - Closing non transactional SqlSession [org.apache.ibatis.session.defaults.DefaultSqlSession@15929249]
2026-03-27 21:05:21.447 [tomcat-handler-13] DEBUG org.mybatis.spring.SqlSessionUtils - Closing non transactional SqlSession [org.apache.ibatis.session.defaults.DefaultSqlSession@2b61666a]
2026-03-27 21:05:32.434 [tomcat-handler-15] DEBUG c.a.r.c.SecurityConfig$JwtAuthenticationFilter - Authenticated user: 2
2026-03-27 21:05:32.439 [tomcat-handler-15] INFO  c.a.r.controller.ResourceController - GET /api/resources - page=0, size=10
2026-03-27 21:05:32.439 [tomcat-handler-15] DEBUG org.mybatis.spring.SqlSessionUtils - Creating a new SqlSession
2026-03-27 21:05:32.439 [tomcat-handler-15] DEBUG org.mybatis.spring.SqlSessionUtils - SqlSession [org.apache.ibatis.session.defaults.DefaultSqlSession@5e68e8d2] was not registered for synchronization because synchronization is not active
2026-03-27 21:05:32.442 [tomcat-handler-15] DEBUG o.m.s.t.SpringManagedTransaction - JDBC Connection [HikariProxyConnection@1592732321 wrapping com.mysql.cj.jdbc.ConnectionImpl@42789ae9] will not be managed by Spring
2026-03-27 21:05:32.443 [tomcat-handler-15] DEBUG c.a.r.m.ResourceMapper.findPaged - ==>  Preparing: SELECT id, title, tags, file_type, file_path, file_size, description, content_hash, uploaded_by, upload_time, chunk_count, vectorized FROM resources ORDER BY upload_time DESC LIMIT ?, ?
2026-03-27 21:05:32.443 [tomcat-handler-15] DEBUG c.a.r.m.ResourceMapper.findPaged - ==> Parameters: 0(Integer), 10(Integer)
2026-03-27 21:05:32.449 [tomcat-handler-15] DEBUG c.a.r.m.ResourceMapper.findPaged - <==      Total: 2
2026-03-27 21:05:32.449 [tomcat-handler-15] DEBUG org.mybatis.spring.SqlSessionUtils - Closing non transactional SqlSession [org.apache.ibatis.session.defaults.DefaultSqlSession@5e68e8d2]
2026-03-27 21:05:32.450 [tomcat-handler-15] DEBUG org.mybatis.spring.SqlSessionUtils - Creating a new SqlSession
2026-03-27 21:05:32.450 [tomcat-handler-15] DEBUG org.mybatis.spring.SqlSessionUtils - SqlSession [org.apache.ibatis.session.defaults.DefaultSqlSession@541741d1] was not registered for synchronization because synchronization is not active
2026-03-27 21:05:32.450 [tomcat-handler-15] DEBUG o.m.s.t.SpringManagedTransaction - JDBC Connection [HikariProxyConnection@286639415 wrapping com.mysql.cj.jdbc.ConnectionImpl@42789ae9] will not be managed by Spring
2026-03-27 21:05:32.450 [tomcat-handler-15] DEBUG c.a.rag.mapper.ResourceMapper.count - ==>  Preparing: SELECT COUNT(*) FROM resources
2026-03-27 21:05:32.451 [tomcat-handler-15] DEBUG c.a.rag.mapper.ResourceMapper.count - ==> Parameters: 
2026-03-27 21:05:32.453 [tomcat-handler-15] DEBUG c.a.rag.mapper.ResourceMapper.count - <==      Total: 1
2026-03-27 21:05:32.454 [tomcat-handler-15] DEBUG org.mybatis.spring.SqlSessionUtils - Closing non transactional SqlSession [org.apache.ibatis.session.defaults.DefaultSqlSession@541741d1]
2026-03-27 21:05:33.570 [tomcat-handler-16] DEBUG c.a.r.c.SecurityConfig$JwtAuthenticationFilter - Authenticated user: 2
2026-03-27 21:05:33.575 [tomcat-handler-17] DEBUG c.a.r.c.SecurityConfig$JwtAuthenticationFilter - Authenticated user: 2
2026-03-27 21:05:33.577 [tomcat-handler-17] INFO  c.a.r.controller.ResourceController - GET /api/resources/1/chunks
2026-03-27 21:05:33.578 [tomcat-handler-17] DEBUG org.mybatis.spring.SqlSessionUtils - Creating a new SqlSession
2026-03-27 21:05:33.585 [tomcat-handler-17] DEBUG org.mybatis.spring.SqlSessionUtils - SqlSession [org.apache.ibatis.session.defaults.DefaultSqlSession@290a477c] was not registered for synchronization because synchronization is not active
2026-03-27 21:05:33.584 [tomcat-handler-16] INFO  c.a.r.controller.ResourceController - GET /api/resources/1
2026-03-27 21:05:33.585 [tomcat-handler-16] DEBUG org.mybatis.spring.SqlSessionUtils - Creating a new SqlSession
2026-03-27 21:05:33.585 [tomcat-handler-16] DEBUG org.mybatis.spring.SqlSessionUtils - SqlSession [org.apache.ibatis.session.defaults.DefaultSqlSession@273b3ad2] was not registered for synchronization because synchronization is not active
2026-03-27 21:05:33.588 [tomcat-handler-16] DEBUG o.m.s.t.SpringManagedTransaction - JDBC Connection [HikariProxyConnection@695668375 wrapping com.mysql.cj.jdbc.ConnectionImpl@4200d31d] will not be managed by Spring
2026-03-27 21:05:33.588 [tomcat-handler-17] DEBUG o.m.s.t.SpringManagedTransaction - JDBC Connection [HikariProxyConnection@1178554245 wrapping com.mysql.cj.jdbc.ConnectionImpl@42789ae9] will not be managed by Spring
2026-03-27 21:05:33.588 [tomcat-handler-16] DEBUG c.a.r.mapper.ResourceMapper.findById - ==>  Preparing: SELECT id, title, tags, file_type, file_path, file_size, description, content_hash, uploaded_by, upload_time, chunk_count, vectorized FROM resources WHERE id = ?
2026-03-27 21:05:33.588 [tomcat-handler-17] DEBUG c.a.r.m.ChunkMapper.findByResourceId - ==>  Preparing: SELECT id, resource_id, chunk_index, chunk_text, location_info, page_start, page_end, chapter_path, text_hash, vectorized, created_at FROM resource_chunks WHERE resource_id = ? ORDER BY chunk_index ASC
2026-03-27 21:05:33.588 [tomcat-handler-16] DEBUG c.a.r.mapper.ResourceMapper.findById - ==> Parameters: 1(Long)
2026-03-27 21:05:33.588 [tomcat-handler-17] DEBUG c.a.r.m.ChunkMapper.findByResourceId - ==> Parameters: 1(Long)
2026-03-27 21:05:33.590 [tomcat-handler-16] DEBUG c.a.r.mapper.ResourceMapper.findById - <==      Total: 1
2026-03-27 21:05:33.590 [tomcat-handler-16] DEBUG org.mybatis.spring.SqlSessionUtils - Closing non transactional SqlSession [org.apache.ibatis.session.defaults.DefaultSqlSession@273b3ad2]
2026-03-27 21:05:33.590 [tomcat-handler-17] DEBUG c.a.r.m.ChunkMapper.findByResourceId - <==      Total: 3
2026-03-27 21:05:33.590 [tomcat-handler-17] DEBUG org.mybatis.spring.SqlSessionUtils - Closing non transactional SqlSession [org.apache.ibatis.session.defaults.DefaultSqlSession@290a477c]
2026-03-27 21:05:35.982 [tomcat-handler-18] DEBUG c.a.r.c.SecurityConfig$JwtAuthenticationFilter - Authenticated user: 2
2026-03-27 21:05:35.987 [tomcat-handler-18] INFO  c.a.r.controller.ResourceController - GET /api/resources - page=0, size=10
2026-03-27 21:05:35.990 [tomcat-handler-18] DEBUG org.mybatis.spring.SqlSessionUtils - Creating a new SqlSession
2026-03-27 21:05:35.990 [tomcat-handler-18] DEBUG org.mybatis.spring.SqlSessionUtils - SqlSession [org.apache.ibatis.session.defaults.DefaultSqlSession@771f5602] was not registered for synchronization because synchronization is not active
2026-03-27 21:05:35.993 [tomcat-handler-18] DEBUG o.m.s.t.SpringManagedTransaction - JDBC Connection [HikariProxyConnection@1461844885 wrapping com.mysql.cj.jdbc.ConnectionImpl@42789ae9] will not be managed by Spring
2026-03-27 21:05:35.993 [tomcat-handler-18] DEBUG c.a.r.m.ResourceMapper.findPaged - ==>  Preparing: SELECT id, title, tags, file_type, file_path, file_size, description, content_hash, uploaded_by, upload_time, chunk_count, vectorized FROM resources ORDER BY upload_time DESC LIMIT ?, ?
2026-03-27 21:05:35.994 [tomcat-handler-18] DEBUG c.a.r.m.ResourceMapper.findPaged - ==> Parameters: 0(Integer), 10(Integer)
2026-03-27 21:05:35.996 [tomcat-handler-18] DEBUG c.a.r.m.ResourceMapper.findPaged - <==      Total: 2
2026-03-27 21:05:35.996 [tomcat-handler-18] DEBUG org.mybatis.spring.SqlSessionUtils - Closing non transactional SqlSession [org.apache.ibatis.session.defaults.DefaultSqlSession@771f5602]
2026-03-27 21:05:35.996 [tomcat-handler-18] DEBUG org.mybatis.spring.SqlSessionUtils - Creating a new SqlSession
2026-03-27 21:05:35.996 [tomcat-handler-18] DEBUG org.mybatis.spring.SqlSessionUtils - SqlSession [org.apache.ibatis.session.defaults.DefaultSqlSession@6a200bd] was not registered for synchronization because synchronization is not active
2026-03-27 21:05:35.996 [tomcat-handler-18] DEBUG o.m.s.t.SpringManagedTransaction - JDBC Connection [HikariProxyConnection@192997677 wrapping com.mysql.cj.jdbc.ConnectionImpl@42789ae9] will not be managed by Spring
2026-03-27 21:05:35.996 [tomcat-handler-18] DEBUG c.a.rag.mapper.ResourceMapper.count - ==>  Preparing: SELECT COUNT(*) FROM resources
2026-03-27 21:05:35.996 [tomcat-handler-18] DEBUG c.a.rag.mapper.ResourceMapper.count - ==> Parameters: 
2026-03-27 21:05:35.997 [tomcat-handler-18] DEBUG c.a.rag.mapper.ResourceMapper.count - <==      Total: 1
2026-03-27 21:05:35.998 [tomcat-handler-18] DEBUG org.mybatis.spring.SqlSessionUtils - Closing non transactional SqlSession [org.apache.ibatis.session.defaults.DefaultSqlSession@6a200bd]
2026-03-27 21:06:14.819 [tomcat-handler-19] DEBUG c.a.r.c.SecurityConfig$JwtAuthenticationFilter - Authenticated user: 2
2026-03-27 21:06:14.839 [tomcat-handler-19] INFO  c.a.r.controller.ResourceController - POST /api/resources - userId=2, title=test2, file=test2.pdf
2026-03-27 21:06:14.844 [tomcat-handler-19] INFO  c.a.r.s.impl.ProcessingServiceImpl - 开始处理资源上传: title=test2, file=test2.pdf
2026-03-27 21:06:14.847 [tomcat-handler-19] DEBUG c.a.r.s.impl.ProcessingServiceImpl - 文件内容哈希: 8752b3ade0fcbe221d39ebe7dd7dec0d6c5f124bbebbd2d8dafcb2d040f1b3b6
2026-03-27 21:06:14.847 [tomcat-handler-19] DEBUG org.mybatis.spring.SqlSessionUtils - Creating a new SqlSession
2026-03-27 21:06:14.847 [tomcat-handler-19] DEBUG org.mybatis.spring.SqlSessionUtils - Registering transaction synchronization for SqlSession [org.apache.ibatis.session.defaults.DefaultSqlSession@202dbfcc]
2026-03-27 21:06:14.847 [tomcat-handler-19] DEBUG o.m.s.t.SpringManagedTransaction - JDBC Connection [HikariProxyConnection@35135060 wrapping com.mysql.cj.jdbc.ConnectionImpl@42789ae9] will be managed by Spring
2026-03-27 21:06:14.847 [tomcat-handler-19] DEBUG c.a.r.m.R.findByContentHash - ==>  Preparing: SELECT id, title, tags, file_type, file_path, file_size, description, content_hash, uploaded_by, upload_time, chunk_count, vectorized FROM resources WHERE content_hash = ?
2026-03-27 21:06:14.847 [tomcat-handler-19] DEBUG c.a.r.m.R.findByContentHash - ==> Parameters: 8752b3ade0fcbe221d39ebe7dd7dec0d6c5f124bbebbd2d8dafcb2d040f1b3b6(String)
2026-03-27 21:06:14.850 [tomcat-handler-19] DEBUG c.a.r.m.R.findByContentHash - <==      Total: 0
2026-03-27 21:06:14.850 [tomcat-handler-19] DEBUG org.mybatis.spring.SqlSessionUtils - Releasing transactional SqlSession [org.apache.ibatis.session.defaults.DefaultSqlSession@202dbfcc]
2026-03-27 21:06:14.868 [tomcat-handler-19] DEBUG com.aetheris.rag.util.FileUtil - 文件已保存: /Users/ice/Projects/Aetheris/uploads/1774616774865_test2.pdf
2026-03-27 21:06:14.869 [tomcat-handler-19] DEBUG org.mybatis.spring.SqlSessionUtils - Fetched SqlSession [org.apache.ibatis.session.defaults.DefaultSqlSession@202dbfcc] from current transaction
2026-03-27 21:06:14.869 [tomcat-handler-19] DEBUG c.a.rag.mapper.ResourceMapper.insert - ==>  Preparing: INSERT INTO resources ( title, tags, file_type, file_path, file_size, description, content_hash, uploaded_by, upload_time, chunk_count, vectorized ) VALUES ( ?, ?, ?, ?, ?, ?, ?, ?, ?, ?, ? )
2026-03-27 21:06:14.869 [tomcat-handler-19] DEBUG c.a.rag.mapper.ResourceMapper.insert - ==> Parameters: test2(String), test2(String), PDF(String), /Users/ice/Projects/Aetheris/uploads/1774616774865_test2.pdf(String), 2095(Long), test2(String), 8752b3ade0fcbe221d39ebe7dd7dec0d6c5f124bbebbd2d8dafcb2d040f1b3b6(String), 2(Long), 2026-03-27 21:06:14.868774(Timestamp), 0(Integer), false(Boolean)
2026-03-27 21:06:14.875 [tomcat-handler-19] DEBUG c.a.rag.mapper.ResourceMapper.insert - <==    Updates: 1
2026-03-27 21:06:14.876 [tomcat-handler-19] DEBUG org.mybatis.spring.SqlSessionUtils - Releasing transactional SqlSession [org.apache.ibatis.session.defaults.DefaultSqlSession@202dbfcc]
2026-03-27 21:06:14.876 [tomcat-handler-19] INFO  c.a.r.s.impl.ProcessingServiceImpl - 资源记录已创建: 3
2026-03-27 21:06:14.876 [tomcat-handler-19] DEBUG c.a.r.s.impl.DocumentServiceImpl - 开始处理文档: filePath=/Users/ice/Projects/Aetheris/uploads/1774616774865_test2.pdf, fileType=PDF, resourceId=3
2026-03-27 21:06:14.876 [tomcat-handler-19] INFO  com.aetheris.rag.util.PdfProcessor - 开始处理 PDF 文件: /Users/ice/Projects/Aetheris/uploads/1774616774865_test2.pdf
2026-03-27 21:06:14.929 [tomcat-handler-19] DEBUG com.aetheris.rag.util.PdfProcessor - PDF 总页数: 1
2026-03-27 21:06:15.057 [tomcat-handler-19] DEBUG com.aetheris.rag.util.PdfProcessor - 创建切片 0: 页 0-0, 长度 893
2026-03-27 21:06:15.057 [tomcat-handler-19] INFO  com.aetheris.rag.util.PdfProcessor - PDF 处理完成，共生成 1 个切片
2026-03-27 21:06:15.058 [tomcat-handler-19] DEBUG c.a.r.s.impl.DocumentServiceImpl - 文档处理完成: 共生成 1 个切片
2026-03-27 21:06:15.058 [tomcat-handler-19] DEBUG org.mybatis.spring.SqlSessionUtils - Fetched SqlSession [org.apache.ibatis.session.defaults.DefaultSqlSession@202dbfcc] from current transaction
2026-03-27 21:06:15.066 [tomcat-handler-19] DEBUG c.a.r.mapper.ChunkMapper.batchInsert - ==>  Preparing: INSERT INTO resource_chunks ( resource_id, chunk_index, chunk_text, location_info, page_start, page_end, chapter_path, text_hash, vectorized, created_at ) VALUES (?, ?, ?, ?, ?, ?, ?, ?, ?, ?)
2026-03-27 21:06:15.067 [tomcat-handler-19] DEBUG c.a.r.mapper.ChunkMapper.batchInsert - ==> Parameters: 3(Long), 0(Integer), Machine Learning Fundamentals
Machine Learning is a subset of Artificial Intelligence.
Types of Learning:
1. Supervised Learning: Classification, Regression
2. Unsupervised Learning: Clustering, Dimensionality Reduction
3. Reinforcement Learning: Learning through interaction
Linear Regression: Models linear relationship between variables.
Loss Function: Mean Squared Error (MSE)
Gradient Descent: Iterative optimization algorithm
Logistic Regression: Used for binary classification.
Sigmoid Function: Maps output to [0,1] range
Neural Networks: Inspired by biological neurons.
Forward Propagation: Input -> Hidden -> Output
Backpropagation: Chain rule for gradient computation
Regularization: L1 (Lasso), L2 (Ridge) for preventing overfitting
Model Evaluation: Accuracy, Precision, Recall, F1-Score
Cross-Validation: K-fold validation technique
References: Bishop, Pattern Recognition and ML(String), 第0-0页(String), 0(Integer), 0(Integer), null, 791c0a66d960db6558e5bfebb161e28d1f1d2fe640030e3c33d11bdabdd170c1(String), false(Boolean), 2026-03-27 21:06:15.058068(Timestamp)
2026-03-27 21:06:15.073 [tomcat-handler-19] DEBUG c.a.r.mapper.ChunkMapper.batchInsert - <==    Updates: 1
2026-03-27 21:06:15.074 [tomcat-handler-19] DEBUG org.mybatis.spring.SqlSessionUtils - Releasing transactional SqlSession [org.apache.ibatis.session.defaults.DefaultSqlSession@202dbfcc]
2026-03-27 21:06:15.074 [tomcat-handler-19] INFO  c.a.r.s.impl.ProcessingServiceImpl - 已插入 1 个切片
2026-03-27 21:06:15.075 [tomcat-handler-19] DEBUG org.mybatis.spring.SqlSessionUtils - Fetched SqlSession [org.apache.ibatis.session.defaults.DefaultSqlSession@202dbfcc] from current transaction
2026-03-27 21:06:15.075 [tomcat-handler-19] DEBUG c.a.r.m.R.updateChunkStatus - ==>  Preparing: UPDATE resources SET chunk_count = ?, vectorized = ? WHERE id = ?
2026-03-27 21:06:15.075 [tomcat-handler-19] DEBUG c.a.r.m.R.updateChunkStatus - ==> Parameters: 1(Integer), false(Boolean), 3(Long)
2026-03-27 21:06:15.083 [tomcat-handler-19] DEBUG c.a.r.m.R.updateChunkStatus - <==    Updates: 1
2026-03-27 21:06:15.083 [tomcat-handler-19] DEBUG org.mybatis.spring.SqlSessionUtils - Releasing transactional SqlSession [org.apache.ibatis.session.defaults.DefaultSqlSession@202dbfcc]
2026-03-27 21:06:15.083 [tomcat-handler-19] DEBUG c.a.r.s.impl.ResourceServiceImpl - 资源切片状态已更新: resourceId=3, chunkCount=1, vectorized=false
2026-03-27 21:06:15.083 [tomcat-handler-19] INFO  c.a.r.service.impl.VectorServiceImpl - 开始向量化资源切片: resourceId=3
2026-03-27 21:06:15.083 [tomcat-handler-19] DEBUG org.mybatis.spring.SqlSessionUtils - Fetched SqlSession [org.apache.ibatis.session.defaults.DefaultSqlSession@202dbfcc] from current transaction
2026-03-27 21:06:15.083 [tomcat-handler-19] DEBUG c.a.r.m.C.findUnvectorizedByResourceId - ==>  Preparing: SELECT id, resource_id, chunk_index, chunk_text, location_info, page_start, page_end, chapter_path, text_hash, vectorized, created_at FROM resource_chunks WHERE resource_id = ? AND vectorized = FALSE ORDER BY chunk_index ASC
2026-03-27 21:06:15.083 [tomcat-handler-19] DEBUG c.a.r.m.C.findUnvectorizedByResourceId - ==> Parameters: 3(Long)
2026-03-27 21:06:15.085 [tomcat-handler-19] DEBUG c.a.r.m.C.findUnvectorizedByResourceId - <==      Total: 1
2026-03-27 21:06:15.085 [tomcat-handler-19] DEBUG org.mybatis.spring.SqlSessionUtils - Releasing transactional SqlSession [org.apache.ibatis.session.defaults.DefaultSqlSession@202dbfcc]
2026-03-27 21:06:15.085 [tomcat-handler-19] DEBUG c.a.r.service.impl.VectorServiceImpl - 批量向量化 1 个切片
2026-03-27 21:06:15.087 [tomcat-handler-19] DEBUG c.a.rag.gateway.cache.EmbeddingCache - Embedding cache miss for textHash: 791c0a66d960db6558e5bfebb161e28d1f1d2fe640030e3c33d11bdabdd170c1
2026-03-27 21:06:15.087 [tomcat-handler-19] INFO  c.a.rag.gateway.EmbeddingGateway - 调用 Embedding API：model=embedding-3, textPreview=Machine Learning Fundamentals Machine Learning is a subset of Artificial Intelligence. Types of Learning: 1. Supervised Learning: Classification, Regression 2. Unsupervised Learning: Clustering, Dimen...[truncated]
2026-03-27 21:06:15.106 [tomcat-handler-19] INFO  d.l.h.client.log.LoggingHttpClient - HTTP request:
- method: POST
- url: https://open.bigmodel.cn/api/paas/v4/embeddings
- headers: [Authorization: Beare...kg], [Content-Type: application/json]
- body: {
  "input" : "Machine Learning Fundamentals Machine Learning is a subset of Artificial Intelligence. Types of Learning: 1. Supervised Learning: Classification, Regression 2. Unsupervised Learning: Clustering, Dimensionality Reduction 3. Reinforcement Learning: Learning through interaction Linear Regression: Models linear relationship between variables. Loss Function: Mean Squared Error (MSE) Gradient Descent: Iterative optimization algorithm Logistic Regression: Used for binary classification. Sigmoid Function: Maps output to [0,1] range Neural Networks: Inspired by biological neurons. Forward Propagation: Input -> Hidden -> Output Backpropagation: Chain rule for gradient computation Regularization: L1 (Lasso), L2 (Ridge) for preventing overfitting Model Evaluation: Accuracy, Precision, Recall, F1-Score Cross-Validation: K-fold validation technique References: Bishop, Pattern Recognition and ML",
  "model" : "embedding-3"
}

2026-03-27 21:06:15.555 [tomcat-handler-19] INFO  d.l.h.client.log.LoggingHttpClient - HTTP response:
- status code: 200
- headers: [:status: 200], [content-type: application/json; charset=UTF-8], [date: Fri, 27 Mar 2026 13:06:15 GMT], [server: ZenZGA/2.4], [set-cookie: acw_tc=276082b917746167753543955e7ce8fca87cb60787bc242dc828764e4740e3;path=/;HttpOnly;Max-Age=1800], [strict-transport-security: max-age=31536000; includeSubDomains], [vary: [Accept-Encoding, Origin, Access-Control-Request-Method, Access-Control-Request-Headers, Origin, Access-Control-Request-Method, Access-Control-Request-Headers]], [x-log-id: 2026032721061516447abda1294f5a]
- body: {"data":[{"embedding":[-0.020898059,-0.007551569,-0.0067792493,0.014800267,0.02040337,0.033295553,-0.028611159,0.012326825,-0.013588786,0.032548472,-0.015648305,-0.0040862267,0.00787463,-0.013740221,0.029499577,-0.032972492,0.0037959758,0.0002699017,-0.016132897,0.015840122,-0.0031750915,0.023805615,-0.007965492,0.041917264,-0.008586376,-0.01825299,-0.026612213,0.023866188,-0.00091744494,0.0074808993,0.03915105,-0.027621781,0.01921208,0.0007489733,0.00077610544,0.014376249,0.029863022,0.01173118,-0.00013297904,0.010590369,0.02075672,-0.02552188,0.0010783449,-0.00075654505,0.015406008,-0.010661039,0.026026664,-0.0027005945,0.016910264,0.0007161623,0.004257853,-0.03283115,0.0043184273,0.041049037,0.011155726,-0.011236493,0.010802378,0.031983115,-0.016031941,0.010862952,0.0031448044,0.0034804859,-0.017889546,0.0013162243,0.046480514,-0.0011193586,-0.008369319,-0.0053456626,-0.016496342,0.01577955,-0.008535897,0.052578304,-0.005052888,0.018192416,-0.008258266,0.018404426,0.028550584,-0.000026580034,0.023119109,0.023119109,0.012932567,0.008222932,-0.026491065,0.01194319,-0.017546292,0.0062441784,-0.026470874,0.026470874,0.0231393,-0.025017096,-0.027036233,-0.0070316414,-0.027359294,-0.022291262,-0.011175918,0.014366154,-0.025743986,-0.01699103,0.00948994,0.034749333,0.0009376363,-0.008031114,-0.014517589,0.0011130488,-0.01715256,-0.009505083,0.033921488,-0.018959688,0.018475095,-0.0047474937,0.0069963066,-0.006102839,0.0029757018,0.0062643695,0.0055122413,-0.009712044,-0.002778836,0.0065874313,0.022957576,0.023038343,0.010650943,-0.003823739,-0.0032937157,0.0084046535,-0.0056333896,0.037010763,0.014729598,-0.009045729,0.047449697,-0.00082405994,-0.01914141,-0.026067046,-0.07256775,0.011095153,0.0123672085,-0.005815112,-0.003566299,0.003374481,-0.0070265937,0.0024885852,-0.008939725,0.008520754,0.011034579,0.005179084,-0.006062456,-0.043734487,-0.005931212,0.046197835,0.0066782925,0.009182021,-0.0439364,0.035880048,-0.035112776,-0.02671317,0.010600464,-0.0012676389,0.005769681,-0.015698783,-0.020282222,0.010580273,-0.022230688,0.025784368,0.0036495884,0.013447447,0.0051841317,-0.028207332,0.003061515,0.0045607234,-0.019615907,0.017253518,0.03353785,-0.027985226,-0.011438406,-0.018889017,0.019343324,0.018505381,0.010358168,0.01364936,0.014568067,-0.016799212,-0.029842831,-0.01867701,0.0063602785,0.012609505,0.00694078,0.038242437,0.015708879,0.013679647,0.008192644,-0.01640548,-0.018273182,-0.0041240854,-0.028671732,-0.008010922,0.017546292,0.02507767,0.00008321049,0.007183077,-0.0045329607,0.003379529,-0.0045077214,0.006915541,0.0028520296,-0.01787945,0.016698256,0.04942845,-0.008445037,-0.023987336,-0.015618018,0.039413538,-0.007506138,-0.0062744655,-0.019747151,0.007819105,0.019030357,-0.004482482,0.03844435,0.00838951,0.009782715,-0.035112776,-0.01343735,-0.016789116,-0.009247643,-0.012377304,-0.014335866,0.01617328,-0.015830027,-0.0013528211,-0.20013677,0.029035177,0.014628641,-0.049226537,0.008429893,0.007834248,0.005658629,-0.013528212,-0.01883854,0.00846018,0.003753069,-0.006385518,-0.007844344,0.0038767413,-0.01645596,0.038202055,0.043572955,0.00466168,0.0016897646,-0.0009325885,0.032003306,0.0150930425,0.00017020685,-0.04454214,-0.006688388,-0.002877269,-0.03975679,0.04454214,0.00719822,-0.018293373,-0.016597299,-0.027137188,0.022170113,-0.0040534157,-0.00018393068,0.011337449,0.030024553,0.027177572,0.025804559,-0.01498199,0.017778493,-0.0018146986,0.007960444,0.029560152,0.021725904,0.01617328,0.019555332,0.027399676,-0.013598882,-0.010287498,0.008737812,-0.04155382,-0.0024557742,-0.01981782,-0.020716336,-0.0005025756,0.0008505611,0.025299774,0.0036521123,-0.008031114,-0.0030867544,0.0020759243,0.03386091,0.009010395,0.012922471,0.0026374965,0.0074001336,0.0048837853,0.009131543,0.017334282,-0.026147813,-0.011216301,0.009550514,-0.026026664,0.00682468,0.008798385,0.004002937,-0.021402843,0.017738111,0.0154766785,-0.016425673,0.009282978,0.006289609,0.040907696,0.025037287,-0.031215845,-0.026188195,0.0038918848,-0.031377375,-0.0264103,-0.002433059,-0.015335338,-0.00874286,-0.0008644426,0.003823739,0.024370972,0.045430563,-0.010741804,0.0030110367,-0.0014979466,0.009005347,-0.012235965,-0.017657345,0.021039398,-0.015365626,0.0005211895,-0.011832138,0.0203327,-0.010009867,0.0135383075,-0.02019136,-0.019595716,0.01677902,-0.01610261,0.019605812,0.010933622,-0.015315147,0.0053204237,-0.008722668,0.012286443,0.008399606,0.0045910105,-0.036162727,-0.04599592,0.026369918,-0.023482552,-0.006350183,-0.01453778,0.0024948951,-0.027823696,0.0010076751,-0.026309343,0.0033038114,-0.019040454,0.028025609,0.012023956,0.019484663,0.015678592,-0.00037038527,0.015981462,0.026773745,0.011539362,0.018616434,0.0027712642,-0.0018146986,-0.016890073,-0.02138265,0.00031549,-0.0025920658,-0.036748275,0.022816237,0.008243123,0.019706769,0.004419384,-0.0035965862,0.014265196,-0.0483785,0.0077837696,-0.013891656,0.019949064,-0.014436823,0.014699311,0.017919833,-0.044622906,-0.038827986,-0.032023497,0.009318313,-0.030307233,0.014325771,-0.00039278506,-0.12954777,0.015406008,-0.021867244,0.018172225,-0.0029555105,0.0044774343,0.04854003,-0.008944773,-0.010560081,-0.009772618,-0.03620311,-0.00044704936,0.008611616,0.02729872,0.014144048,-0.0032659527,0.00804121,0.012670079,0.00046250835,0.008944773,-0.008369319,-0.015880505,-0.01320515,0.0067136274,-0.0072840336,0.01907074,0.006097791,0.0009622445,0.028813072,-0.01105477,0.011842233,0.020201456,-0.016304525,-0.015446391,-0.013255629,0.0018462476,0.019393802,0.037111722,-0.010741804,0.006158365,-0.002940367,0.023522936,-0.010792282,-0.044986352,-0.002338412,-0.0057444423,-0.0074001336,0.047247786,0.00808664,0.023341212,-0.0009224928,-0.020696145,-0.013982518,0.0014638737,0.00245956,0.034163784,0.026935276,0.029055368,-0.012064338,-0.0065319054,0.0088084815,0.0020304937,-0.0031877111,0.023341212,0.15603884,-0.012074434,-0.013467638,0.010741804,-0.021867244,-0.009434413,-0.021927819,-0.01030769,0.02877269,-0.02297777,0.034103207,0.005340615,0.005850447,0.03384072,-0.009984628,0.019949064,0.003907028,0.016304525,-0.014154144,-0.014174336,0.0051336535,0.0050427923,-0.022311453,-0.023866188,-0.017051604,-0.027641973,0.0043764776,-0.0108326655,0.019282749,-0.030246658,-0.014194527,-0.035072394,-0.05039764,-0.022573942,0.012235965,-0.01677902,-0.008864007,0.016587203,-0.0044648144,0.03127642,0.026511258,-0.017657345,-0.008520754,-0.012922471,0.005115986,0.01675883,-0.019535141,-0.010100728,0.014648832,-0.013810891,0.007263842,-0.008480372,0.0013124384,-0.012609505,0.07139665,-0.011458597,0.0026072094,-0.0070568807,0.0017465528,-0.048459265,-0.012286443,0.012821514,-0.028267905,0.0070013544,0.025118053,0.0070922156,-0.029136134,0.019121218,0.006854967,-0.008111879,0.045067117,0.028530393,-0.028752498,-0.002874745,0.008869056,-0.012932567,0.0032407134,-0.019878395,0.022210497,-0.0011319781,0.009010395,0.0038615977,-0.0060876952,0.017263614,0.032447517,-0.004649061,0.012468166,-0.023018152,-0.0011212515,-0.005835303,-0.0073496555,-0.039978895,0.027621781,0.012972949,0.00036218253,0.0037101626,-0.042644154,-0.006854967,-0.03699057,-0.0018702248,0.031417757,-0.0152848605,0.0004741815,-0.0076070954,0.012397495,-0.0042856163,0.00058239454,0.016193472,0.013336394,-0.02138265,-0.003851502,-0.015739165,0.018141938,-0.01715256,0.014032995,-0.0022248356,-0.003697543,0.022048965,-0.008429893,-0.017687632,-0.015597826,0.02026203,0.013942135,-0.003159948,0.015971366,0.020978823,-0.028409244,0.02241241,0.00012753684,0.014356057,0.006446092,-0.02180667,-0.008248171,0.00011192008,-0.051730268,0.024128675,-0.035153158,0.029196708,-0.002179405,-0.019302942,0.00480302,-0.02299796,-0.0015105662,-0.0013679647,-0.013679647,0.0017516005,-0.031538907,-0.029560152,0.011266779,0.015123329,-0.009686805,0.014002709,0.042361476,0.009055825,-0.024310399,-0.02465365,-0.0006319265,0.015547348,0.006764106,0.020625476,-0.0106206555,0.019111123,-0.005050364,0.0070669763,-0.0028999841,0.028752498,0.009944245,-0.016193472,-0.00004787561,0.00018030254,0.0074506123,-0.00062088436,0.039978895,-0.024552695,-0.011741276,-0.026733361,0.0022160017,-0.010792282,-0.009146687,-0.011781659,-0.03771746,0.006698484,-0.008096736,0.02507767,-0.014164239,0.016950648,-0.008884199,-0.0014058235,-0.020211551,0.010105776,0.004260377,0.02909575,0.012861897,0.02210954,0.025319966,0.0013427255,0.0076929084,0.010368263,0.0050983187,0.038565498,0.047530465,-0.00549205,0.005110938,-0.014133953,-0.019413993,-0.012861897,0.007980635,-0.038242437,-0.01864672,0.017122274,-0.042967215,0.0317812,-0.0035562033,-0.013820986,0.009964436,0.0032508092,-0.026531449,0.03252828,0.0031473283,0.016486246,-0.021867244,0.018212607,-0.025865134,-0.0020708765,0.009510131,0.011236493,-0.016395384,0.0028974602,0.0027561206,0.006234083,-0.010761995,0.006622766,0.010671134,0.008076544,0.012791227,0.023765232,-0.019908682,-0.049024623,0.017940024,0.008162358,0.0061129346,-0.028086184,0.016163185,0.02255375,0.016344907,-0.019525046,-0.0084046535,-0.013265724,-0.024734417,0.020221649,0.016577108,0.0058403513,-0.0044471473,0.056778107,0.012427783,-0.0000037809507,0.0072587943,0.024391163,-0.041351907,0.028106375,-0.0017099559,-0.008667141,-0.12025975,0.017687632,-0.0074304207,0.0058908295,0.036283877,0.017223231,0.0054819547,-0.00757176,0.017566483,0.024350781,-0.020665858,-0.0039347913,0.047368933,0.023563318,0.010004819,-0.03234656,0.0012405068,-0.027662164,-0.016859787,-0.03814148,-0.027823696,-0.010438934,0.009893767,0.015547348,-0.025925707,0.0008808481,0.0016153089,-0.032992683,0.0028898886,0.01661749,-0.01743524,-0.019111123,0.022735473,0.006168461,0.027278528,0.023119109,-0.030771634,-0.011246588,0.016950648,-0.041876882,0.018586148,0.011377832,0.0015635685,0.005623294,-0.033618614,-0.03176101,-0.017516006,0.0054213805,0.15248516,-0.011468693,-0.038161673,0.0066480055,-0.032084074,0.0015168759,0.013457542,0.028914029,0.021342268,0.012225869,0.00701145,0.003192759,0.003124613,0.037172295,0.014527684,-0.0003505094,-0.025501689,0.013285915,-0.03961545,0.026733361,0.018555861,0.0013338918,-0.061866328,0.032750387,-0.03632426,0.016001653,0.04644013,0.001389418,-0.018899113,0.014961799,0.004951931,0.012347017,-0.03470895,-0.004838355,-0.026531449,0.008535897,-0.0017743158,0.024451738,0.00025743985,0.013063811,0.01514352,0.029418813,-0.035072394,0.009590897,-0.002814171,-0.0013831082,0.009600992,-0.017182847,0.015840122,-0.001011461,-0.012458069,-0.0030413237,0.018788062,-0.029216899,-0.0053809974,-0.0025643029,-0.044703674,-0.014325771,-0.020696145,0.01068123,0.020322604,-0.009671662,-0.015244477,-0.006072552,0.001041748,0.010883143,0.013084002,-0.007425373,0.027419869,0.008727715,-0.030791825,0.00417204,-0.023421979,0.01825299,0.00023283163,-0.002049423,-0.03069087,-0.051568735,-0.012538835,0.017374666,-0.009368791,-0.038787603,0.011367736,0.0040534157,0.022674898,-0.012962854,0.020857675,-0.0066581015,-0.03802033,-0.013033523,-0.016657872,0.003848978,-0.027460251,-0.0026021616,-0.017606867,-0.0014563019,0.0044471473,-0.014315675,-0.014184431,-0.035799284,0.040281765,0.009924054,-0.0043638577,0.015305052,0.026470874,0.02538054,-0.0037076387,-0.00036439096,0.0390299,0.0027056423,0.011700894,0.02996398,-0.04345181,0.0015004704,-0.023240257,-0.02180667,-0.0027561206,-0.015416104,0.0143055795,-0.008207788,-0.018818349,-0.04078655,0.010560081,-0.021867244,0.03117546,-0.009818049,0.00398527,-0.008990203,-0.012972949,-0.020958632,-0.026814127,-0.029257283,0.007748435,-0.014719502,0.035839666,0.022937385,0.0018677008,0.0035738708,-0.015315147,0.027137188,0.011357641,0.018364042,-0.014255101,0.026026664,0.009020491,-0.013820986,0.0020002066,0.03143795,-0.03503201,-0.008010922,-0.019111123,-0.006001882,0.02685451,-0.013144576,-0.00675401,-0.00804121,-0.019959161,-0.019030357,-0.011085057,0.0021642614,-0.01981782,-0.0063905655,-0.004179612,0.04215956,0.017778493,0.011630224,-0.04938807,0.008465228,-0.0040937983,0.000120201694,-0.007324416,0.0012102197,0.013174863,-0.02210954,-0.0462786,-0.018495286,0.035233926,-0.018878922,-0.029136134,-0.00030066198,0.02054471,-0.00397265,-0.013063811,0.017404953,0.029883213,0.023906572,-0.0018134366,-0.009358696,-0.045430563,-0.0013818463,-0.0147094065,0.026612213,-0.024229633,0.013447447,-0.023321021,0.017828971,0.008803434,0.16048093,0.017758302,0.004840879,0.007006402,-0.019807724,0.005123558,-0.023825806,0.0040912745,-0.012710461,-0.010913431,0.011832138,0.0011193586,0.046117067,-0.037454974,-0.0018512954,0.016213663,0.007884727,-0.00834408,-0.00064044475,0.019252462,0.025017096,-0.015385817,0.0012487095,-0.028853454,-0.0041493247,0.015062755,0.029923597,0.0047979723,-0.003311383,-0.002841934,-0.012942662,-0.01795012,0.025582453,-0.021665331,0.024512311,-0.0008909438,-0.0039751744,-0.004098846,-0.012478261,-0.034749333,0.0024090817,0.012357113,-0.018293373,0.0022185259,-0.02447193,0.008212836,-0.0072840336,-0.011751372,-0.037737653,-0.027864078,0.026026664,0.026147813,0.06812565,-0.0057091075,0.015224286,-0.014174336,0.0027207858,-0.008399606,-0.00593626,0.002089806,-0.022452794,-0.014123857,-0.004649061,0.009267835,-0.021241311,0.011650415,-0.0071527897,0.0116201285,0.04409793,0.004134181,-0.015567539,-0.01572907,0.0053557586,0.01364936,0.011922998,-0.0022690042,-0.0020999014,0.0014197051,0.030650485,-0.009787763,0.010701422,0.00062656315,0.011085057,-0.029035177,-0.028389053,-0.00398527,-0.012922471,0.017041508,0.016375193,-0.024047911,0.0042528054,0.022735473,-0.03174082,-0.017697727,0.03913086,0.03695019,-0.018333755,-0.010161302,0.022876812,0.030509146,0.015506965,-0.0131546715,0.016375193,0.014335866,-0.023825806,0.028227523,0.016516533,0.020251935,0.02054471,0.03414359,0.022856621,-0.013982518,-0.016193472,0.02054471,0.015648305,0.008581328,-0.018293373,-0.01972696,0.006203796,-0.022230688,-0.0064561875,0.027541015,-0.020090405,0.011438406,-0.06606613,0.012336922,-0.003157424,0.05063993,0.008288554,0.020110596,-0.032084074,-0.000394678,0.026511258,0.021907626,0.04999381,0.007894822,-0.02996398,0.031316802,0.00897506,0.020574996,0.0016064751,0.021685522,0.0039019806,-0.011276875,0.047570847,-0.008677238,-0.022957576,-0.003190235,-0.013396968,0.0010922265,-0.016052132,-0.016879978,-0.030670676,0.012427783,-0.033335935,-0.016657872,0.008152262,0.03069087,0.0004921644,0.0044749104,-0.03454742,0.021463417,-0.00032085335,0.039655834,-0.0019459424,0.0110042915,-0.021463417,-0.006511714,0.0032407134,0.002932795,0.0048938813,-0.009151734,0.005719203,-0.037495356,0.012771036,0.024068102,-0.021200929,0.010105776,0.0024393687,-0.021665331,-0.007955397,0.01549687,-0.0117917545,-0.011933094,-0.0149012245,0.0011117868,-0.017303996,-0.022210497,-0.009681758,-0.018777965,-0.008111879,0.026046855,-0.032245602,-0.00056409615,-0.03147833,-0.003157424,-0.029297665,0.0035132968,-0.019989448,-0.006471331,-0.011357641,-0.012498452,-0.022210497,-0.016052132,0.04381525,0.043249894,-0.006001882,-0.023078725,-0.010974005,-0.026329534,-0.003318955,0.009560609,-0.0005969071,0.009570705,0.009454604,0.0044067646,-0.01549687,0.011892712,0.0022942433,0.0032987637,-0.018303469,0.026026664,0.0008373105,0.0027334054,0.021099972,-0.004295712,0.02075672,0.017849162,0.014416631,-0.01848519,0.012649887,-0.016284332,-0.020877868,-0.010332929,-0.0158906,-0.0073547033,-0.048620798,0.027116997,-0.037030954,-0.0022652182,0.021443225,0.022392219,0.00600693,0.011579745,-0.002746025,0.005300232,-0.0005237134,-0.00069281604,-0.007506138,-0.0010259735,0.0050705555,0.0019055597,0.011448502,-0.0055425283,0.011448502,0.0002968761,-0.040625017,-0.0117917545,0.041796118,0.008944773,0.0010518437,0.013932039,0.01787945,0.01956543,-0.043734487,0.01624395,0.015436295,0.040746167,0.041049037,0.02180667,0.020817293,0.052578304,0.01675883,-0.010953813,-0.010267307,0.014245005,0.0077131,-0.018212607,0.031316802,0.00020128263,0.01594108,-0.0045607234,0.013669551,0.012821514,-0.012791227,-0.020443752,0.006910493,-0.00092375476,-0.011771563,0.017374666,0.03176101,0.03127642,-0.014366154,0.022594133,-0.028550584,0.02701604,0.024431547,0.01423491,0.013174863,-0.013477733,0.011519171,-0.0011610033,0.024310399,0.021544183,0.010963909,-0.035254117,-0.0058252076,0.03499163,0.0035536794,0.024613269,0.013366681,0.00245956,-0.013013332,0.027843887,-0.019797629,0.039231814,0.0017667441,0.0046743,-0.033457085,0.019484663,-0.026814127,0.0090861125,0.02418925,0.022452794,-0.020060116,-0.020504327,-0.0139017515,-0.0015673544,0.034830097,0.0076626213,-0.016112706,0.0027965035,0.007803961,0.021180738,-0.011488885,0.016960744,-0.009444509,-0.025118053,0.0084248455,-0.012155199,-0.0014108714,-0.03129661,-0.012235965,0.025602646,0.045026734,-0.0011881354,-0.017546292,0.00034830096,-0.013679647,-0.013003237,-0.00041644683,0.033659,-0.023522936,0.018919306,0.03931258,0.03115527,-0.028348671,0.0031145173,0.016627586,-0.023664275,-0.008071496,-0.018444808,-0.014406536,-0.036122344,-0.0033542898,0.03456761,0.02152399,0.022876812,0.004194755,-0.041291334,0.026147813,-0.037111722,-0.0141137615,-0.0040534157,0.022796046,0.028570775,-0.005335567,0.0014272769,0.0018449856,-0.03561756,-0.0020115643,-0.012548931,0.017717918,-0.0011458597,0.008773146,0.042078797,-0.020474039,0.017394857,0.05698002,-0.035496414,-0.013760412,-0.025239201,-0.00967671,0.0061987475,-0.0052648974,0.0099795805,-0.034446463,0.020645667,0.015103138,0.02105959,0.018586148,-0.0002874114,0.013296011,0.031538907,0.027399676,-0.073415786,-0.015214191,-0.017748207,0.008505611,-0.011327353,0.0005180346,0.011953286,-0.008374367,0.018666914,-0.02982264,0.027803503,-0.003917124,0.020696145,-0.00701145,-0.017637154,-0.009989676,0.03264943,-0.0032356656,-0.03028704,0.020373084,-0.0046692523,-0.00092375476,0.011186014,0.0268747,0.02225088,-0.0042225183,0.0043159034,-0.021887435,-0.005784825,-0.010322833,-0.004066035,-0.01224606,0.008015971,-0.021887435,0.020736527,0.03485029,0.02330083,-0.050559167,-0.019928873,-0.047893908,0.011559554,0.022775855,0.0004937419,0.008879151,-0.01766744,-0.0042502815,0.014931511,0.051730268,-0.040988464,-0.013861369,-0.0095808,0.020504327,0.027096806,0.015274764,0.033659,0.018010695,0.016869882,0.0071780286,-0.010156254,0.006441044,-0.010519699,0.002089806,-0.01734438,0.012205678,0.011175918,0.015930984,-0.0080210185,0.017404953,-0.03176101,-0.020060116,-0.01900007,-0.0057091075,0.017142465,0.0011420739,0.010277403,-0.014941607,0.009126495,0.0076272865,-0.021645138,-0.005396141,0.0051841317,-0.0037076387,-0.008323888,-0.014850746,-0.022149922,0.013447447,-0.012205678,-0.0034325314,-0.044259463,-0.008631807,0.010009867,-0.0044092885,0.019504854,0.0013843701,-0.009187069,0.017334282,0.008162358,0.0038641216,-0.00048900954,-0.015193999,0.017849162,-0.039655834,-0.005900925,-0.010125968,0.016072324,-0.0033315746,-0.0038590739,0.0038287868,-0.043734487,-0.042240325,-0.010105776,0.0004142384,0.0072587943,0.004419384,0.0150728505,-0.032851346,-0.008091688,-0.019969257,0.00071553135,0.0074808993,0.0028217428,-0.00055715535,0.038686648,0.014073378,0.015547348,-0.004240186,-0.0063905655,0.0025655648,0.015668496,0.012205678,0.045794006,0.008959916,-0.035698324,0.0056031025,-0.022149922,-0.020978823,-0.0042124228,-0.030933164,-0.018899113,0.0013553451,0.007793865,-0.012074434,0.016254045,0.039958704,-0.017990502,0.020625476,-0.0034880575,-0.0009622445,-0.011074961,0.015123329,0.0034653423,0.0040281764,-0.010287498,0.05342634,0.024694035,-0.019706769,-0.048459265,0.036142536,0.009368791,-0.025158435,0.02449212,-0.0058857817,-0.010630751,0.006188652,-0.013588786,0.000011653412,-0.0058252076,0.015002181,-0.008758003,-0.01958562,0.0038212151,-0.010327881,0.0008940987,0.037576124,0.015910793,0.033457085,-0.015951175,-0.0016519057,-0.053345576,-0.007324416,-0.027541015,0.000109632776,0.010903335,-0.0020103024,0.015254573,0.018666914,0.018868826,-0.0054516676,0.012740749,0.018030886,-0.013144576,0.021826861,0.02346236,0.005401189,-0.014174336,-0.018889017,-0.032548472,-0.03517335,0.0024545123,0.00058870437,-0.035092585,0.016516533,0.000037602465,-0.009747379,-0.0047525414,0.10370283,-0.010933622,-0.016526628,0.027621781,0.02507767,-0.0139219435,-0.023220064,-0.047409315,0.008874103,0.029741874,0.015850218,-0.04228071,0.02374504,0.011973477,0.022392219,-0.018222703,-0.0006385518,0.00036565293,0.037515547,-0.013891656,-0.018444808,0.012034051,0.0054264283,0.0053608064,0.0040256525,-0.0495496,0.017869355,0.018081363,0.01787945,0.018959688,0.005340615,0.02402772,0.015739165,-0.017627059,-0.0077231955,0.033012874,-0.01795012,0.010852857,-0.031336993,0.023563318,0.03705115,0.0074657556,-0.042805687,-0.034103207,-0.010933622,0.0027535968,-0.0061987475,0.018545765,-0.005110938,-0.010156254,0.0031851872,-0.020736527,0.05714155,-0.0042174705,0.004225042,0.0034830098,-0.03487048,0.013366681,0.013164767,0.005784825,0.026309343,0.011155726,0.0039448873,0.017425144,-0.02776312,0.021483608,-0.020817293,-0.02208935,0.034446463,0.019222176,0.025017096,-0.010297594,-0.01514352,-0.042361476,0.0056434856,-0.011882616,-0.0015635685,-0.0000621121,0.006511714,0.03428493,-0.018222703,-0.001550949,0.0073092724,-0.01905055,0.015113234,-0.0070568807,-0.02225088,0.032285985,0.006032169,0.013851274,-0.0030186085,0.013689742,0.013639264,0.009358696,0.02433059,-0.038969327,0.015739165,-0.009101256,-0.008949821,0.0033946726,0.014002709,0.00574949,0.02893422,0.018586148,0.011741276,-0.0024532503,-0.00082973874,0.0021667853,-0.0308524,0.03161967,0.010368263,-0.006319896,0.0034577705,-0.017788589,-0.024270015,0.013094097,-0.007263842,0.04349219,0.011700894,0.008061401,0.036283877,-0.012447974,-0.008419798,-0.0027939796,-0.02582475,-0.001518138,-0.0037404497,0.0008789552,0.032245602,-0.0013490353,-0.017566483,-0.014345962,0.010216828,0.027621781,-0.0047222544,0.017243423,-0.022573942,-0.03741459,0.0039978893,-0.0016127849,-0.039554875,-0.028328478,-0.013306106,-0.01692036,0.04672281,-0.005239658,-0.027480442,-0.016466055,-0.010782187,-0.0019333228,-0.01727371,0.0090002995,0.010529795,-0.004676824,-0.0315591,-0.011700894,-0.024936331,0.01647615,-0.010953813,0.021402843,-0.0026602119,0.014012804,0.011367736,0.04644013,0.041796118,-0.018889017,0.010862952,0.007854439,0.0098735755,-0.0044118124,-0.014820459,-0.00010734548,-0.0011004292,-0.007324416,-0.013861369,0.01259941,-0.0028823167,0.02863135,-0.013366681,-0.019242367,-0.009681758,-0.0231393,-0.014436823,0.024068102,-0.0111961095,0.0052346103,-0.00853085,0.0038994565,-0.008152262,0.008556089,0.0026299248,-0.017263614,-0.028691923,-0.013689742,-0.022796046,0.02507767,-0.0053608064,-0.011579745,-0.019262558,-0.022876812,-0.011700894,0.011963381,-0.022472985,-0.0070467847,-0.02776312,-0.02315949,-0.005062984,0.010913431,-0.0055071935,0.035799284,-0.0022816237,0.04199803,0.023987336,0.03157929,0.012286443,0.016809307,0.009560609,0.010014915,0.009060873,-0.026753552,0.02507767,-0.035092585,-0.009262787,-0.009974532,-0.020716336,0.016859787,0.022513367,-0.017192943,0.046803575,-0.026228577,0.0551628,-0.009954341,0.024916138,-0.0006757796,0.010085585,0.010247116,-0.0052497536,-0.023522936,-0.016112706,0.021281695,0.0008038686,-0.04656128,-0.019090932,0.022190306,-0.01677902,0.046197835,-0.0073395595,-0.02895441,0.0069003976,-0.010201685,-0.020150978,0.041674968,-0.028833263,0.007233555,-0.020605283,0.02937843,0.010691325,-0.0020065166,0.0017427668,-0.0040231287,-0.047368933,-0.02299796,-0.0004915334,0.034183975,-0.001769268,-0.013750317,-0.028005417,-0.0041543725,-0.011882616,0.056051217,-0.0064259004,-0.008535897,0.019989448,0.014164239,-0.004646537,0.007834248,0.008677238,-0.014800267,0.0009281716,-0.0054163327,0.0013780603,0.034830097,-0.039898127,0.016516533,0.02344217,-0.003937315,0.0052144188,-0.02849001,0.008409702,-0.000554316,0.0026804032,0.010014915,0.00020317557,0.0056031025,-0.025138244,0.0011603723,0.004641489,-0.00011854537,-0.055243563,0.01276094,0.0045556757,0.016869882,0.019111123,-0.018414522,0.011589841,0.045753624,0.01224606,0.011761468,0.03028704,0.055728156,-0.009782715,-0.028146757,-0.07628296,0.004071083,-0.005174036,-0.0049443594,0.015850218,0.0009830669,0.015436295,0.010862952,0.044138316,0.03975679,-0.00054453575,0.003409816,-0.030670676,-0.00085119205,-0.009267835,0.0014247529,-0.013518116,-0.041190375,0.0044395756,-0.02330083,-0.027056424,0.010418742,0.0043335706,0.008677238,-0.015678592,0.029560152,0.012670079,-0.012932567,0.011186014,0.022452794,-0.020938441,-0.0135383075,-0.0087024765,-0.0018765345,0.02122112,-0.007940252,-0.009974532,0.0008410964,0.029560152,-0.004033224,-0.0044900537,-0.02136246,0.021039398,-0.018727487,0.0059564514,0.016425673,-0.019252462,-0.03695019,-0.03707134,0.008328936,-0.0017982931,0.0070265937,0.0022374552,-0.00007461339,0.028106375,-0.025299774,0.013356585,0.03812129,-0.020110596,-0.024391163,0.02344217,0.014265196,0.0059059733,-0.017162656,0.025804559,0.011307162,-0.04050387,0.025239201,-0.009737284,-0.005093271,0.025945898,-0.0067742015,0.0027636925,0.0002257331,0.028227523,-0.01608242,-0.0036495884,0.01905055,0.007556617,0.017526101,0.012932567,-0.02507767,0.015547348,-0.023543127,-0.026349725,0.0016556915,0.012437878,0.0035587274,-0.0062744655,0.013174863,-0.016021844,-0.019060645,-0.019979352,0.015951175,0.009530323,0.02521901,-0.0046869195,0.03149852,0.022876812,0.020635571,-0.007733291,0.045349795,0.05148797,0.0035461078,0.006289609,0.020342795,0.007107359,-0.02806599,0.003220522,-0.014507493,0.003472914,-0.00056062575,-0.0075919516,0.017728014,-0.0011900284,0.01832366,0.0046061543,-0.009631279,-0.017354475,0.019282749,0.0012449236,0.012983045,-0.016284332,0.0053305193,-0.04048368,0.009545466,0.011922998,-0.0070669763,-0.015345435,-0.028550584,-0.0022525988,-0.015204094,0.008752955,0.024976714,-0.015769454,0.009600992,0.025037287,-0.004419384,0.01921208,-0.019757247,-0.021160547,-0.018343851,-0.020474039,0.03905009,0.021423034,0.008858959,-0.012427783,-0.009298122,-0.008838768,-0.015789645,0.0003101267,0.027177572,0.020161074,0.030569721,0.019787533,-0.0144973975,-0.030408189],"index":0,"object":"embedding"}],"model":"embedding-3","object":"list","usage":{"completion_tokens":0,"prompt_tokens":205,"total_tokens":205}}

2026-03-27 21:06:15.589 [tomcat-handler-19] DEBUG c.a.rag.gateway.cache.EmbeddingCache - Cached embedding for textHash: 791c0a66d960db6558e5bfebb161e28d1f1d2fe640030e3c33d11bdabdd170c1, vector dimension: 2048
2026-03-27 21:06:15.589 [tomcat-handler-19] DEBUG c.a.rag.gateway.EmbeddingGateway - Embedding 已缓存：textHash=791c0a66
2026-03-27 21:06:15.619 [tomcat-handler-19] DEBUG c.a.r.service.impl.VectorServiceImpl - 向量已写入 Redis: chunkId=5, vectorSize=8192 bytes
2026-03-27 21:06:15.619 [tomcat-handler-19] DEBUG c.a.r.service.impl.VectorServiceImpl - 切片向量化成功: chunkId=5
2026-03-27 21:06:15.619 [tomcat-handler-19] DEBUG org.mybatis.spring.SqlSessionUtils - Fetched SqlSession [org.apache.ibatis.session.defaults.DefaultSqlSession@202dbfcc] from current transaction
2026-03-27 21:06:15.620 [tomcat-handler-19] DEBUG c.a.r.m.C.batchUpdateVectorized - ==>  Preparing: UPDATE resource_chunks SET vectorized = ? WHERE id IN ( ? )
2026-03-27 21:06:15.620 [tomcat-handler-19] DEBUG c.a.r.m.C.batchUpdateVectorized - ==> Parameters: true(Boolean), 5(Long)
2026-03-27 21:06:15.624 [tomcat-handler-19] DEBUG c.a.r.m.C.batchUpdateVectorized - <==    Updates: 1
2026-03-27 21:06:15.624 [tomcat-handler-19] DEBUG org.mybatis.spring.SqlSessionUtils - Releasing transactional SqlSession [org.apache.ibatis.session.defaults.DefaultSqlSession@202dbfcc]
2026-03-27 21:06:15.624 [tomcat-handler-19] INFO  c.a.r.service.impl.VectorServiceImpl - 批量更新向量化状态: 1 个切片
2026-03-27 21:06:15.624 [tomcat-handler-19] DEBUG org.mybatis.spring.SqlSessionUtils - Fetched SqlSession [org.apache.ibatis.session.defaults.DefaultSqlSession@202dbfcc] from current transaction
2026-03-27 21:06:15.624 [tomcat-handler-19] DEBUG c.a.r.m.ChunkMapper.findByResourceId - ==>  Preparing: SELECT id, resource_id, chunk_index, chunk_text, location_info, page_start, page_end, chapter_path, text_hash, vectorized, created_at FROM resource_chunks WHERE resource_id = ? ORDER BY chunk_index ASC
2026-03-27 21:06:15.624 [tomcat-handler-19] DEBUG c.a.r.m.ChunkMapper.findByResourceId - ==> Parameters: 3(Long)
2026-03-27 21:06:15.627 [tomcat-handler-19] DEBUG c.a.r.m.ChunkMapper.findByResourceId - <==      Total: 1
2026-03-27 21:06:15.627 [tomcat-handler-19] DEBUG org.mybatis.spring.SqlSessionUtils - Releasing transactional SqlSession [org.apache.ibatis.session.defaults.DefaultSqlSession@202dbfcc]
2026-03-27 21:06:15.628 [tomcat-handler-19] DEBUG org.mybatis.spring.SqlSessionUtils - Fetched SqlSession [org.apache.ibatis.session.defaults.DefaultSqlSession@202dbfcc] from current transaction
2026-03-27 21:06:15.628 [tomcat-handler-19] DEBUG c.a.r.m.R.updateChunkStatus - ==>  Preparing: UPDATE resources SET chunk_count = ?, vectorized = ? WHERE id = ?
2026-03-27 21:06:15.628 [tomcat-handler-19] DEBUG c.a.r.m.R.updateChunkStatus - ==> Parameters: 1(Integer), true(Boolean), 3(Long)
2026-03-27 21:06:15.630 [tomcat-handler-19] DEBUG c.a.r.m.R.updateChunkStatus - <==    Updates: 1
2026-03-27 21:06:15.630 [tomcat-handler-19] DEBUG org.mybatis.spring.SqlSessionUtils - Releasing transactional SqlSession [org.apache.ibatis.session.defaults.DefaultSqlSession@202dbfcc]
2026-03-27 21:06:15.630 [tomcat-handler-19] DEBUG c.a.r.s.impl.ResourceServiceImpl - 资源切片状态已更新: resourceId=3, chunkCount=1, vectorized=true
2026-03-27 21:06:15.630 [tomcat-handler-19] INFO  c.a.r.service.impl.VectorServiceImpl - 资源向量化完成: resourceId=3, chunkCount=1
2026-03-27 21:06:15.630 [tomcat-handler-19] INFO  c.a.r.s.impl.ProcessingServiceImpl - 向量化任务已触发: 资源ID=3
2026-03-27 21:06:15.637 [tomcat-handler-19] DEBUG c.a.r.s.impl.ProcessingServiceImpl - 已释放分布式锁: resource:upload:8752b3ade0fcbe221d39ebe7dd7dec0d6c5f124bbebbd2d8dafcb2d040f1b3b6
2026-03-27 21:06:15.637 [tomcat-handler-19] DEBUG org.mybatis.spring.SqlSessionUtils - Transaction synchronization committing SqlSession [org.apache.ibatis.session.defaults.DefaultSqlSession@202dbfcc]
2026-03-27 21:06:15.637 [tomcat-handler-19] DEBUG org.mybatis.spring.SqlSessionUtils - Transaction synchronization deregistering SqlSession [org.apache.ibatis.session.defaults.DefaultSqlSession@202dbfcc]
2026-03-27 21:06:15.637 [tomcat-handler-19] DEBUG org.mybatis.spring.SqlSessionUtils - Transaction synchronization closing SqlSession [org.apache.ibatis.session.defaults.DefaultSqlSession@202dbfcc]
2026-03-27 21:06:25.602 [tomcat-handler-20] DEBUG c.a.r.c.SecurityConfig$JwtAuthenticationFilter - Authenticated user: 2
2026-03-27 21:06:25.616 [tomcat-handler-20] INFO  c.a.r.controller.ResourceController - POST /api/resources - userId=2, title=test3, file=test3.pdf
2026-03-27 21:06:25.623 [tomcat-handler-20] INFO  c.a.r.s.impl.ProcessingServiceImpl - 开始处理资源上传: title=test3, file=test3.pdf
2026-03-27 21:06:25.624 [tomcat-handler-20] DEBUG c.a.r.s.impl.ProcessingServiceImpl - 文件内容哈希: e06f19ca1d30f1e32946357ec87c3e3a33b2630332e30a6def689643d78fbc11
2026-03-27 21:06:25.624 [tomcat-handler-20] DEBUG org.mybatis.spring.SqlSessionUtils - Creating a new SqlSession
2026-03-27 21:06:25.624 [tomcat-handler-20] DEBUG org.mybatis.spring.SqlSessionUtils - Registering transaction synchronization for SqlSession [org.apache.ibatis.session.defaults.DefaultSqlSession@1df7518f]
2026-03-27 21:06:25.624 [tomcat-handler-20] DEBUG o.m.s.t.SpringManagedTransaction - JDBC Connection [HikariProxyConnection@1544340210 wrapping com.mysql.cj.jdbc.ConnectionImpl@42789ae9] will be managed by Spring
2026-03-27 21:06:25.625 [tomcat-handler-20] DEBUG c.a.r.m.R.findByContentHash - ==>  Preparing: SELECT id, title, tags, file_type, file_path, file_size, description, content_hash, uploaded_by, upload_time, chunk_count, vectorized FROM resources WHERE content_hash = ?
2026-03-27 21:06:25.625 [tomcat-handler-20] DEBUG c.a.r.m.R.findByContentHash - ==> Parameters: e06f19ca1d30f1e32946357ec87c3e3a33b2630332e30a6def689643d78fbc11(String)
2026-03-27 21:06:25.628 [tomcat-handler-20] DEBUG c.a.r.m.R.findByContentHash - <==      Total: 0
2026-03-27 21:06:25.628 [tomcat-handler-20] DEBUG org.mybatis.spring.SqlSessionUtils - Releasing transactional SqlSession [org.apache.ibatis.session.defaults.DefaultSqlSession@1df7518f]
2026-03-27 21:06:25.635 [tomcat-handler-20] DEBUG com.aetheris.rag.util.FileUtil - 文件已保存: /Users/ice/Projects/Aetheris/uploads/1774616785634_test3.pdf
2026-03-27 21:06:25.635 [tomcat-handler-20] DEBUG org.mybatis.spring.SqlSessionUtils - Fetched SqlSession [org.apache.ibatis.session.defaults.DefaultSqlSession@1df7518f] from current transaction
2026-03-27 21:06:25.635 [tomcat-handler-20] DEBUG c.a.rag.mapper.ResourceMapper.insert - ==>  Preparing: INSERT INTO resources ( title, tags, file_type, file_path, file_size, description, content_hash, uploaded_by, upload_time, chunk_count, vectorized ) VALUES ( ?, ?, ?, ?, ?, ?, ?, ?, ?, ?, ? )
2026-03-27 21:06:25.637 [tomcat-handler-20] DEBUG c.a.rag.mapper.ResourceMapper.insert - ==> Parameters: test3(String), test3(String), PDF(String), /Users/ice/Projects/Aetheris/uploads/1774616785634_test3.pdf(String), 2068(Long), test3(String), e06f19ca1d30f1e32946357ec87c3e3a33b2630332e30a6def689643d78fbc11(String), 2(Long), 2026-03-27 21:06:25.635382(Timestamp), 0(Integer), false(Boolean)
2026-03-27 21:06:25.646 [tomcat-handler-20] DEBUG c.a.rag.mapper.ResourceMapper.insert - <==    Updates: 1
2026-03-27 21:06:25.646 [tomcat-handler-20] DEBUG org.mybatis.spring.SqlSessionUtils - Releasing transactional SqlSession [org.apache.ibatis.session.defaults.DefaultSqlSession@1df7518f]
2026-03-27 21:06:25.647 [tomcat-handler-20] INFO  c.a.r.s.impl.ProcessingServiceImpl - 资源记录已创建: 4
2026-03-27 21:06:25.647 [tomcat-handler-20] DEBUG c.a.r.s.impl.DocumentServiceImpl - 开始处理文档: filePath=/Users/ice/Projects/Aetheris/uploads/1774616785634_test3.pdf, fileType=PDF, resourceId=4
2026-03-27 21:06:25.647 [tomcat-handler-20] INFO  com.aetheris.rag.util.PdfProcessor - 开始处理 PDF 文件: /Users/ice/Projects/Aetheris/uploads/1774616785634_test3.pdf
2026-03-27 21:06:25.648 [tomcat-handler-20] DEBUG com.aetheris.rag.util.PdfProcessor - PDF 总页数: 1
2026-03-27 21:06:25.655 [tomcat-handler-20] DEBUG com.aetheris.rag.util.PdfProcessor - 创建切片 0: 页 0-0, 长度 927
2026-03-27 21:06:25.655 [tomcat-handler-20] INFO  com.aetheris.rag.util.PdfProcessor - PDF 处理完成，共生成 1 个切片
2026-03-27 21:06:25.655 [tomcat-handler-20] DEBUG c.a.r.s.impl.DocumentServiceImpl - 文档处理完成: 共生成 1 个切片
2026-03-27 21:06:25.655 [tomcat-handler-20] DEBUG org.mybatis.spring.SqlSessionUtils - Fetched SqlSession [org.apache.ibatis.session.defaults.DefaultSqlSession@1df7518f] from current transaction
2026-03-27 21:06:25.656 [tomcat-handler-20] DEBUG c.a.r.mapper.ChunkMapper.batchInsert - ==>  Preparing: INSERT INTO resource_chunks ( resource_id, chunk_index, chunk_text, location_info, page_start, page_end, chapter_path, text_hash, vectorized, created_at ) VALUES (?, ?, ?, ?, ?, ?, ?, ?, ?, ?)
2026-03-27 21:06:25.657 [tomcat-handler-20] DEBUG c.a.r.mapper.ChunkMapper.batchInsert - ==> Parameters: 4(Long), 0(Integer), Data Structures and Algorithms
Data structures organize data for efficient access.
Time Complexity: O(1) < O(log n) < O(n) < O(n log n) < O(n²)
Linear Structures: Arrays, Linked Lists, Stacks, Queues
Arrays: O(1) access, O(n) insertion/deletion
Linked Lists: O(n) access, O(1) insertion/deletion
Stacks: LIFO (Last In First Out)
Queues: FIFO (First In First Out)
Trees: Binary Search Tree, AVL Tree, Red-Black Tree
BST: Left < Root < Right, O(log n) average operations
Heaps: Complete binary tree with heap property
Graphs: Vertices and Edges, Adjacency Matrix/List
Sorting Algorithms:
- Merge Sort: O(n log n), stable
- Quick Sort: O(n log n) average, fastest in practice
- Heap Sort: O(n log n), in-place
Search Algorithms:
- Binary Search: O(log n), requires sorted data
- Hash Table: O(1) average case
Dynamic Programming: Overlapping subproblems + Optimal substructure
References: Cormen et al., Introduction to Algorithms(String), 第0-0页(String), 0(Integer), 0(Integer), null, 1542366048588075bf0a01b46e52178f808604220049888ef5df1ad682e3ef2b(String), false(Boolean), 2026-03-27 21:06:25.655476(Timestamp)
2026-03-27 21:06:25.663 [tomcat-handler-20] DEBUG c.a.r.mapper.ChunkMapper.batchInsert - <==    Updates: 1
2026-03-27 21:06:25.663 [tomcat-handler-20] DEBUG org.mybatis.spring.SqlSessionUtils - Releasing transactional SqlSession [org.apache.ibatis.session.defaults.DefaultSqlSession@1df7518f]
2026-03-27 21:06:25.663 [tomcat-handler-20] INFO  c.a.r.s.impl.ProcessingServiceImpl - 已插入 1 个切片
2026-03-27 21:06:25.663 [tomcat-handler-20] DEBUG org.mybatis.spring.SqlSessionUtils - Fetched SqlSession [org.apache.ibatis.session.defaults.DefaultSqlSession@1df7518f] from current transaction
2026-03-27 21:06:25.663 [tomcat-handler-20] DEBUG c.a.r.m.R.updateChunkStatus - ==>  Preparing: UPDATE resources SET chunk_count = ?, vectorized = ? WHERE id = ?
2026-03-27 21:06:25.664 [tomcat-handler-20] DEBUG c.a.r.m.R.updateChunkStatus - ==> Parameters: 1(Integer), false(Boolean), 4(Long)
2026-03-27 21:06:25.669 [tomcat-handler-20] DEBUG c.a.r.m.R.updateChunkStatus - <==    Updates: 1
2026-03-27 21:06:25.669 [tomcat-handler-20] DEBUG org.mybatis.spring.SqlSessionUtils - Releasing transactional SqlSession [org.apache.ibatis.session.defaults.DefaultSqlSession@1df7518f]
2026-03-27 21:06:25.669 [tomcat-handler-20] DEBUG c.a.r.s.impl.ResourceServiceImpl - 资源切片状态已更新: resourceId=4, chunkCount=1, vectorized=false
2026-03-27 21:06:25.670 [tomcat-handler-20] INFO  c.a.r.service.impl.VectorServiceImpl - 开始向量化资源切片: resourceId=4
2026-03-27 21:06:25.670 [tomcat-handler-20] DEBUG org.mybatis.spring.SqlSessionUtils - Fetched SqlSession [org.apache.ibatis.session.defaults.DefaultSqlSession@1df7518f] from current transaction
2026-03-27 21:06:25.670 [tomcat-handler-20] DEBUG c.a.r.m.C.findUnvectorizedByResourceId - ==>  Preparing: SELECT id, resource_id, chunk_index, chunk_text, location_info, page_start, page_end, chapter_path, text_hash, vectorized, created_at FROM resource_chunks WHERE resource_id = ? AND vectorized = FALSE ORDER BY chunk_index ASC
2026-03-27 21:06:25.671 [tomcat-handler-20] DEBUG c.a.r.m.C.findUnvectorizedByResourceId - ==> Parameters: 4(Long)
2026-03-27 21:06:25.674 [tomcat-handler-20] DEBUG c.a.r.m.C.findUnvectorizedByResourceId - <==      Total: 1
2026-03-27 21:06:25.674 [tomcat-handler-20] DEBUG org.mybatis.spring.SqlSessionUtils - Releasing transactional SqlSession [org.apache.ibatis.session.defaults.DefaultSqlSession@1df7518f]
2026-03-27 21:06:25.674 [tomcat-handler-20] DEBUG c.a.r.service.impl.VectorServiceImpl - 批量向量化 1 个切片
2026-03-27 21:06:25.677 [tomcat-handler-20] DEBUG c.a.rag.gateway.cache.EmbeddingCache - Embedding cache miss for textHash: 1542366048588075bf0a01b46e52178f808604220049888ef5df1ad682e3ef2b
2026-03-27 21:06:25.677 [tomcat-handler-20] INFO  c.a.rag.gateway.EmbeddingGateway - 调用 Embedding API：model=embedding-3, textPreview=Data Structures and Algorithms Data structures organize data for efficient access. Time Complexity: O(1) < O(log n) < O(n) < O(n log n) < O(n²) Linear Structures: Arrays, Linked Lists, Stacks, Queues ...[truncated]
2026-03-27 21:06:25.681 [tomcat-handler-20] INFO  d.l.h.client.log.LoggingHttpClient - HTTP request:
- method: POST
- url: https://open.bigmodel.cn/api/paas/v4/embeddings
- headers: [Authorization: Beare...kg], [Content-Type: application/json]
- body: {
  "input" : "Data Structures and Algorithms Data structures organize data for efficient access. Time Complexity: O(1) < O(log n) < O(n) < O(n log n) < O(n²) Linear Structures: Arrays, Linked Lists, Stacks, Queues Arrays: O(1) access, O(n) insertion/deletion Linked Lists: O(n) access, O(1) insertion/deletion Stacks: LIFO (Last In First Out) Queues: FIFO (First In First Out) Trees: Binary Search Tree, AVL Tree, Red-Black Tree BST: Left < Root < Right, O(log n) average operations Heaps: Complete binary tree with heap property Graphs: Vertices and Edges, Adjacency Matrix/List Sorting Algorithms: - Merge Sort: O(n log n), stable - Quick Sort: O(n log n) average, fastest in practice - Heap Sort: O(n log n), in-place Search Algorithms: - Binary Search: O(log n), requires sorted data - Hash Table: O(1) average case Dynamic Programming: Overlapping subproblems + Optimal substructure References: Cormen et al., Introduction to Algorithms",
  "model" : "embedding-3"
}

2026-03-27 21:06:25.924 [tomcat-handler-20] INFO  d.l.h.client.log.LoggingHttpClient - HTTP response:
- status code: 200
- headers: [:status: 200], [content-type: application/json; charset=UTF-8], [date: Fri, 27 Mar 2026 13:06:25 GMT], [server: ZenZGA/2.4], [set-cookie: acw_tc=276077eb17746167857571429e285fd9f68a9dfa5c4189bcbb50f576913152;path=/;HttpOnly;Max-Age=1800], [strict-transport-security: max-age=31536000; includeSubDomains], [vary: [Accept-Encoding, Origin, Access-Control-Request-Method, Access-Control-Request-Headers, Origin, Access-Control-Request-Method, Access-Control-Request-Headers]], [x-log-id: 20260327210625ce4450a1afbc4710]
- body: {"data":[{"embedding":[-0.0019608804,0.0063526044,-0.027923536,0.02393446,-0.009484029,0.012246465,-0.036819175,-0.021361504,-0.008277333,-0.014530211,0.008516679,-0.024632547,0.018688824,-0.01797079,-0.03887355,-0.015756853,-0.010710671,0.00049364823,-0.005290513,-0.0020593607,-0.0030840547,0.010720643,-0.004647274,0.0066916756,-0.019995246,-0.00522569,-0.018928168,-0.02064347,0.0073947506,0.0015495069,0.040967815,0.012106847,0.011867503,0.012505755,-0.03442573,0.05477002,0.009867978,0.032471083,0.0065271263,0.0000040538407,-0.007898372,0.008028016,0.0023996788,-0.016923657,0.0014659857,-0.020035136,-0.0011836338,0.000905645,-0.0013026828,0.016554667,-0.009613674,-0.008362101,-0.009778224,0.015178436,0.008511692,0.019716011,0.02708583,0.013124062,-0.0041611055,0.018050572,0.041925196,-0.00626285,-0.0054949527,0.02582927,0.03839486,0.01574688,-0.02293719,-0.0065570446,0.012236492,0.0038619246,-0.020882815,0.05895855,0.039591584,0.028442115,0.01637516,-0.0074496004,0.02397435,-0.00082773337,0.016235542,0.037397593,0.006661758,0.0077886716,-0.018908223,0.0226779,0.023774896,-0.0054600486,-0.015986225,0.035004146,-0.020354263,-0.013313543,0.008411965,0.002293719,-0.031214524,0.01837967,0.05058149,0.0021191968,-0.045036674,-0.021740466,0.04164596,0.039252512,0.008676241,0.004791878,0.0030566298,0.01945672,-0.033009607,0.013552887,0.009154931,0.0053154444,0.014619965,-0.008756023,-0.018918196,-0.029020531,-0.014031577,0.010511217,0.0034779762,-0.016105896,0.00012107471,0.0072651054,0.014988955,-0.0017078234,0.030376818,-0.007010802,0.012206574,-0.0040813237,-0.02582927,0.037517264,0.0048267827,0.00408631,0.025988834,-0.019895518,0.0055148983,0.006751512,-0.061152544,0.012495782,0.010790452,0.009464084,-0.005883888,-0.036061253,-0.008257388,-0.012615454,-0.0032710428,0.004091297,0.03286999,-0.027006049,-0.039751146,-0.053533405,0.023356043,0.013512997,-0.01574688,-0.008033003,-0.0137722865,0.024433093,-0.013074198,-0.009234712,0.028142935,-0.0053752805,-0.012306301,-0.02916015,-0.02090276,0.007329928,0.0008794667,-0.02375495,-0.031214524,-0.015427753,-0.007499464,0.006477263,0.021999758,-0.027424902,0.0028073126,0.036061253,0.0063675633,0.02164074,0.004866673,0.030935287,0.013782259,0.015058764,0.008870709,-0.03123447,-0.014500293,0.0028048195,0.002393446,0.008436897,0.0109101245,0.016066005,0.01293458,-0.011687994,-0.020743199,0.01915754,0.018848386,0.0020219632,0.00953888,0.030097581,0.01767161,-0.015667098,-0.015587317,0.008785941,0.0063276724,0.015198382,-0.008382047,0.0055747344,-0.02034429,0.0022949656,0.014739637,-0.03193256,0.02842217,-0.022538282,0.0032236725,-0.0087659955,0.032770265,0.030895397,0.0100425,-0.013094144,0.011069687,0.02993802,0.01356286,0.009120027,0.015886497,0.016145786,0.023056863,-0.013832123,0.020124892,-0.013632669,-0.03231152,0.015467644,-0.028541842,0.030516434,-0.0016729189,-0.028641568,-0.18557183,0.023575442,-0.0029195054,-0.060673855,-0.003969131,0.009828087,-0.04022984,-0.022458501,-0.0054450897,0.003562744,-0.018459452,-0.018978031,-0.0081975525,0.010047486,-0.029618893,0.031593487,-0.0039766105,0.038813714,-0.0072950236,0.014440457,0.0127849905,-0.009409234,0.0012802442,-0.010331708,0.030456599,0.011678021,-0.009528906,0.01730262,-0.00035995184,0.0045001768,-0.020523798,-0.06103287,-0.012066957,-0.033986934,-0.029180095,0.014929119,0.013443188,0.0011530925,0.011977202,0.0047594667,0.021541012,-0.049783673,-0.049823567,0.0063127135,0.014649884,0.020394154,-0.0030491503,0.018020652,0.0052356627,-0.010610944,0.02323637,0.014689774,0.006482249,-0.035841852,-0.036180925,-0.010750561,0.0030865478,-0.0003764691,0.025171073,0.020523798,-0.013263679,0.007200283,0.000750445,-0.0028023263,-0.006332659,-0.0001925976,-0.02319648,0.033009607,-0.0104912715,-0.010900152,-0.023874624,-0.002308678,-0.002652736,0.008880681,0.018978031,0.017881036,0.0018798523,0.006217973,0.005150895,0.022079539,-0.009030272,0.0034754828,0.0014460402,0.022498392,0.003911788,-0.016594559,0.008431911,-0.0046198494,-0.0055049257,-0.018359724,-0.033009607,-0.0042807776,0.00065695104,0.00014795423,-0.005120977,0.009309507,0.0068512387,-0.020583635,0.020384181,-0.023435824,0.032391302,-0.028701406,0.018609041,-0.014300839,0.011917366,-0.020842925,0.017103165,0.0035278394,-0.0002976225,-0.024552766,0.0020743199,0.034106605,-0.024313422,-0.032251682,-0.017362455,-0.0068312935,-0.0046796855,0.037118357,-0.0038270203,0.016554667,0.0059237788,0.0071105286,-0.034026824,-0.017143056,0.0198656,-0.0033084403,-0.010007596,0.0093693435,-0.018110408,0.014440457,0.007843521,-0.028063154,-0.011149469,0.020763144,0.025151128,0.0010159679,0.014749611,0.021201942,0.0054351166,0.0073498734,-0.004789385,-0.040329564,0.0030915344,-0.029100314,0.010750561,-0.053333953,-0.0010122282,-0.00978321,-0.018938141,-0.024393203,0.0032386314,-0.0061930413,0.07367824,-0.0056345705,0.009858006,-0.0091000805,-0.01967612,0.029319713,-0.035103872,0.0020219632,-0.03342846,0.030117529,0.0034231262,-0.008626378,0.036659613,-0.0060185194,-0.0071304743,0.004343107,0.02004511,-0.0399506,-0.15796743,0.017093193,-0.034784745,0.008182594,0.009698442,-0.008656296,0.030436654,0.014829392,0.019995246,-0.010212036,-0.017182946,0.022139374,0.0026577222,0.00470711,0.0040439265,0.018060545,0.013682532,0.008616406,0.005644543,-0.024991564,-0.0051558814,-0.03183283,-0.0034754828,-0.003996556,-0.0033981944,0.049065642,0.012605482,0.018718742,0.012056984,0.011568322,0.027185556,0.014959037,0.003303454,-0.044677656,0.004766946,0.018240053,0.02078309,-0.009070163,-0.025210964,0.02574949,-0.007424669,-0.008536624,-0.010182118,0.0150288455,0.003954172,0.032411247,-0.0044827247,0.0005382137,-0.015098655,0.021082269,0.005395226,0.0018474411,-0.0031638362,0.0011487294,-0.015108627,0.026108505,0.019406857,0.007140447,-0.005250622,-0.006537099,0.0024482957,0.008960463,-0.009763265,0.0030990138,0.14408544,-0.016624477,0.014669829,0.0036724436,0.007943248,0.0037696774,-0.01159824,-0.021660686,0.019426802,0.0118974205,0.024472984,0.0053004855,0.011309032,-0.007155406,-0.014250976,0.025649762,0.027724082,-0.03428611,0.01408144,-0.013293598,0.038075734,0.0043805046,0.0069559524,0.035323273,0.0026053656,-0.04806837,0.027803862,-0.0065321126,0.012106847,-0.0250514,-0.00289956,-0.00050798396,-0.020543745,-0.018648932,0.03179294,0.0024121448,-0.008421938,0.0071753515,0.030037746,0.045196235,-0.005285526,-0.012216547,-0.025490198,-0.0034106604,0.012585537,0.013782259,-0.013353433,0.012176656,0.015776798,-0.014909173,-0.008372074,-0.02586916,0.012565591,0.021002488,0.004931496,-0.00046373013,0.022338828,-0.015098655,-0.0073797917,-0.03530333,0.0023049382,0.012096874,-0.017681582,0.00083209644,-0.010620916,-0.006247891,-0.01356286,-0.006507181,-0.015567371,0.011707939,0.0054999394,-0.020224618,-0.0016629463,0.003580196,-0.028821077,-0.00704072,0.019287186,-0.026627086,0.03127436,-0.009035259,0.013782259,0.013423243,-0.036180925,0.0024482957,0.03534322,-0.0055946796,0.017621746,-0.028322443,-0.018090462,0.01952653,-0.0039616516,0.015088682,0.0021777865,0.012874745,0.036998685,-0.002164074,-0.0276443,0.006581976,-0.001464739,0.011987175,0.05624598,0.0104912715,-0.012545645,0.011408758,0.0022812532,0.0321719,-0.013393325,0.0029344645,0.0075642862,-0.022239102,0.013642642,0.00023108596,0.016694285,-0.005789147,0.0035876757,-0.042124648,0.015647152,0.0021017448,0.0114287045,-0.002495666,0.0072651054,0.00931948,0.005789147,-0.029858237,-0.021521067,0.051020287,-0.005624598,0.0302372,0.010261899,0.009748306,0.03153365,-0.016056033,-0.018230079,0.020922706,-0.0013139021,-0.026946211,-0.0122664105,0.058838878,0.0059536966,-0.013941823,-0.02708583,0.008721119,0.008696186,-0.0010246941,0.027424902,0.0021354025,-0.05018258,0.016644422,0.010511217,0.02782381,0.0018299888,0.004343107,0.010241954,0.029598948,-0.008003085,0.0063526044,-0.0051857997,-0.007474532,-0.03753721,-0.0027948467,-0.008047962,0.026228178,0.0020094973,-0.037437484,-0.0026003793,0.015537453,0.031154687,-0.02820277,-0.024433093,0.007359846,0.000049902414,0.016963547,0.027105775,-0.014629938,-0.011717912,0.017172974,-0.00026661367,-0.022039648,-0.013941823,0.0056744614,-0.036220815,0.015108627,0.00440045,0.035821907,0.0064273993,0.018110408,-0.01563718,-0.0048168097,0.018768605,0.0038170477,0.017462183,0.0068512387,0.024333367,0.027624356,-0.011139496,0.026467523,-0.033109333,-0.022378718,0.02920004,0.0013612724,0.025450308,0.04224432,0.01304428,-0.0173824,-0.026706867,-0.029120259,0.0049813595,-0.014520238,-0.0018225093,-0.018988004,-0.015228299,-0.012854799,-0.0047370284,-0.013732396,-0.024074078,-0.0151186,-0.009778224,0.033667807,0.012027065,-0.029219985,-0.0019097704,0.0151186,-0.01148854,0.013732396,-0.004804344,0.024931729,0.012555618,-0.01730262,0.0016043567,-0.006806362,-0.004727056,0.010830343,-0.0018948113,0.0003864418,-0.00067253335,-0.011767776,-0.00926463,-0.039152786,0.0072302013,-0.0097034285,0.028801132,-0.01397174,0.0042334073,0.00362258,-0.0006980884,0.00013315101,-0.0054351166,-0.01200712,0.004011515,-0.012166684,-0.050980397,0.008332184,-0.010187104,0.020882815,0.02923993,-0.0008370828,0.0051857997,0.02082298,-0.024532821,-0.0057642157,0.002595393,0.008272347,-0.14504282,0.0063276724,0.009643593,0.039551694,0.03977109,-0.030835561,0.00038768837,-0.013752341,0.010730616,0.004325655,-0.0065271263,0.00023498153,-0.015986225,0.025171073,0.009708415,-0.043002244,-0.0053453627,0.0029170122,-0.004445327,-0.027025994,-0.007319955,-0.005033716,-0.010421462,0.018140325,-0.026966156,-0.008686214,0.0005135936,-0.035702236,-0.033109333,0.01133895,-0.03594158,-0.014320784,0.008925559,0.0013724916,-0.034525458,0.030875452,-0.012356165,0.00016096547,-0.017272701,-0.01030179,0.0453558,0.04695143,0.0010284338,0.026666977,0.026467523,-0.01745221,-0.005639557,-0.026208233,0.06398479,0.03977109,0.02190003,-0.009105067,-0.028581733,-0.017651664,-0.0043780115,0.005051168,0.034485567,0.028521897,-0.010760534,-0.016664367,-0.01082037,-0.021840194,-0.0155474255,-0.034226276,0.001974593,0.009115039,-0.057721935,0.0110597145,0.04120716,0.017721472,-0.07643071,-0.012176656,-0.04739023,-0.005285526,0.02612845,-0.008656296,-0.030177364,0.0038569383,-0.005051168,0.010331708,-0.024373258,0.027763972,0.021919975,0.0034555376,-0.014101385,-0.012306301,-0.019536503,0.012076929,-0.010182118,-0.0053453627,-0.009543866,0.0037896226,-0.05796128,0.0022625544,-0.0008788434,-0.0106408615,-0.0026726814,0.011368868,-0.017332537,0.00064822496,0.020224618,-0.015387863,-0.0032161928,0.013193871,-0.022478446,0.0059985737,0.010461353,0.024911784,0.014330758,0.0056595025,0.023994295,-0.0014996434,-0.051060177,0.031693213,0.016993467,-0.0063675633,-0.043999515,-0.039272457,-0.04950444,0.0032062202,-0.03442573,0.008890654,-0.0155474255,-0.01300439,-0.011877475,-0.037936118,0.0074894913,0.028741296,0.012146738,-0.030995125,0.007958207,0.0034131536,0.0013612724,-0.032969717,0.0068013757,-0.010760534,-0.025849216,0.015138545,0.007903358,-0.0049140435,-0.016175706,0.012535673,0.004166092,0.014320784,-0.035662346,-0.008317225,-0.02015481,-0.0250514,0.022458501,0.002083046,0.0136725595,0.011358895,-0.015567371,0.039990492,0.0040613785,0.023954405,0.018658906,-0.011039769,0.010461353,0.015308081,-0.018259998,0.0070457063,-0.038614262,0.0017389881,-0.013014362,-0.023914514,-0.0071952967,-0.00016205624,0.015826661,-0.026746757,-0.012824881,0.010431435,0.013363406,0.02193992,-0.00025196627,-0.0007535615,-0.006866198,-0.018060545,0.0065969354,0.01449032,-0.040050328,-0.008671255,0.0007579245,0.012655345,0.026188288,0.012555618,-0.017531991,-0.01608595,0.01775139,0.010740588,-0.01330357,0.0113289775,-0.052775484,-0.002625311,0.0067166076,0.013243734,0.009907869,-0.005624598,-0.018599069,-0.011867503,-0.014919146,0.033927094,-0.011239223,0.02816288,-0.005644543,0.0026452565,0.018768605,-0.009853019,-0.020803034,0.023156589,-0.024213694,0.029878182,0.0024395697,-0.015467644,-0.025569981,-0.007688945,0.008352129,0.014211085,-0.02971862,0.008536624,-0.002308678,-0.011608212,-0.028242663,0.0073797917,-0.001045886,-0.013134034,-0.015088682,0.04639296,-0.010551107,0.004602397,-0.012605482,0.013552887,0.0076839584,-0.0028048195,-0.0073797917,0.011069687,-0.04531591,0.03105496,-0.009040245,0.00052730605,-0.006073369,-0.014669829,-0.011997147,-0.008965449,0.011199332,0.14416522,0.027105775,-0.0050162636,0.014998928,0.003794609,-0.01812038,-0.023794841,-0.014719692,-0.02678665,0.00010463535,0.013074198,-0.02345577,0.014839364,-0.043002244,0.00776374,-0.015577343,0.0047420147,-0.030576272,0.019775847,0.023036918,0.01779128,-0.028402224,-0.021820249,-0.024433093,0.0023485688,0.02704594,0.023555497,0.02497162,-0.0118475575,0.0066717304,0.003463017,-0.030915342,0.036380377,-0.0071055423,0.023116698,-0.0030242186,-0.00822747,0.0045525334,-0.0015856579,-0.03412655,0.014629938,0.0047569736,-0.016434995,-0.00031351647,-0.030097581,0.039192677,-0.013632669,-0.017990734,-0.028501952,-0.015507535,0.01548759,0.005450076,0.024353312,-0.013134034,-0.0057392837,0.018289916,-0.02190003,-0.004771933,-0.031035015,0.008696186,-0.012775018,-0.005509912,0.0007996852,0.027325174,-0.048267826,-0.0009093848,-0.033189118,0.0024183777,0.014390593,-0.01393185,0.007758754,-0.0070905834,0.00076353416,-0.02241861,0.030835561,0.0226779,-0.019107677,0.034445677,0.0008040482,-0.015687043,-0.01678404,0.0071205017,0.037038576,-0.04324159,-0.010800425,0.0017676596,-0.007903358,-0.0024719809,0.024472984,-0.011279114,0.032850046,0.0052605947,-0.021082269,0.024532821,0.028222715,0.0046971375,-0.024193749,0.011039769,0.0051409225,0.017950844,-0.009120027,0.01779128,0.016614504,0.011697967,-0.02471233,0.008152675,0.014510266,0.007664013,0.021880085,0.049225204,0.021880085,0.06725583,-0.007429655,0.011269141,-0.024472984,0.011109578,0.000797192,-0.015278163,0.00085578155,-0.02471233,0.040748417,-0.009508961,0.02604867,0.012575564,0.030715888,0.026467523,-0.028621623,0.022278992,0.02794348,0.015537453,-0.028302498,-0.0065570446,-0.0146099925,0.009214766,0.02427353,0.009045231,0.00007101647,0.007225215,0.000999139,0.019347021,-0.019506585,0.023635278,0.009194821,0.020583635,0.022598118,0.023336098,-0.02090276,-0.0106408615,0.020842925,-0.007718863,-0.030137474,-0.01641505,-0.009249671,0.0017427278,-0.02812299,-0.022019703,0.017950844,0.0018486877,0.011687994,-0.0023647745,0.014151249,-0.014470375,0.0068911295,0.028801132,0.047230665,0.023854677,0.027704136,0.021261778,0.02094265,-0.025430363,-0.014131304,-0.010441408,0.019347021,-0.016185679,-0.015288136,0.033966985,-0.04124705,0.0049813595,0.010127268,-0.0033084403,-0.057482593,-0.015986225,0.010172145,0.019067785,-0.019805765,0.030616162,-0.024293477,0.012037039,-0.029738566,0.008287307,-0.003969131,-0.010251926,-0.03275032,-0.02060358,0.012595509,0.0008620145,-0.02078309,0.017053302,-0.000100583944,-0.000326294,-0.0051159905,0.013891959,-0.02531069,0.008481774,0.0017078234,-0.012974472,0.008780954,-0.0014809447,-0.01882844,-0.020683361,0.007065652,0.004647274,-0.012396055,0.011239223,0.0252708,0.011628158,-0.012406028,-0.002417131,0.03075578,-0.027983371,-0.02271779,0.05413177,0.0029269848,-0.011279114,0.030177364,-0.012465864,0.029698675,-0.01133895,0.00750445,0.0041611055,0.025889106,0.023495661,-0.000039968676,0.011269141,-0.020583635,-0.0033533175,0.00073984906,0.019646201,-0.0535733,0.00243583,0.020134864,-0.00017015905,0.0055348435,-0.016105896,0.002266294,-0.0005182683,0.03490442,-0.028282553,0.0013600257,-0.012555618,0.0059237788,0.0010066185,-0.025230909,-0.015208354,0.037178192,-0.005858956,-0.0074795187,-0.0004500177,-0.0058938605,-0.012595509,0.010660807,0.008656296,-0.007803631,0.038694043,-0.021560958,0.012505755,0.017113138,0.020523798,0.007544341,0.040249784,-0.005858956,0.019406857,0.011727885,-0.008835805,0.0048791394,0.015697015,0.041446503,0.005295499,-0.013832123,0.007718863,0.01496901,-0.03428611,0.018609041,-0.019107677,-0.0078086173,-0.009823101,0.012545645,0.005868929,-0.010092364,0.012545645,0.01993541,0.01093007,-0.011279114,-0.017891008,0.0057791746,0.01919743,0.009389289,-0.001651727,0.012445918,0.01663445,-0.0057791746,-0.0072950236,0.013572833,0.002453282,0.036819175,0.016873794,0.005380267,0.021620795,0.0137722865,-0.0035178668,0.015557398,0.004313189,-0.030436654,0.007868454,0.0043755183,0.031473815,0.01993541,0.0044802316,-0.013911905,0.004156119,-0.028302498,0.011558349,-0.004014008,0.015168464,-0.02812299,0.0005918169,0.011628158,0.0064273993,0.011877475,0.036639668,-0.03953175,-0.024373258,-0.0071354606,0.007085597,-0.004876646,0.00036151006,0.012964498,-0.028581733,0.008367088,-0.008107798,0.00425086,-0.019127622,-0.008546596,0.018060545,0.04431864,-0.022518337,-0.022338828,0.0057342974,0.008152675,-0.027843755,-0.028761242,0.00070182816,-0.015557398,0.018240053,0.004412916,0.01537789,-0.048706625,-0.0051309494,-0.008980408,-0.033488296,-0.007000829,0.0052157175,0.019297158,-0.021580905,-0.00031117914,0.0015445206,0.016494831,0.027963426,-0.012017093,0.012655345,-0.0054600486,-0.023595387,-0.0022388692,0.024293477,-0.007678972,0.013552887,0.007893385,-0.02064347,0.008815859,-0.044398423,-0.041007705,-0.00007440562,0.009324466,-0.0099328,-0.002812299,0.020842925,0.007953221,-0.0016442474,0.03572218,-0.024652492,-0.0026926266,-0.025430363,0.027564518,0.00403894,-0.019446747,-0.016434995,-0.0022500884,0.0145601295,0.0020568676,0.017093193,0.026846485,-0.029838292,0.02423364,0.0053304033,0.007424669,-0.07140447,0.0001304241,0.03883366,0.016026115,-0.02190003,-0.037218083,-0.0122664105,0.029957965,0.002652736,-0.032251682,-0.010750561,-0.037357703,0.0064373724,-0.018170243,-0.008122757,0.013792232,-0.009778224,-0.0016255487,-0.0013537928,0.015706988,0.00080903457,-0.0067714574,-0.0012247711,0.04806837,0.03628065,0.03650005,-0.0050411955,0.0021752934,0.008252402,-0.023375988,0.021142105,0.0349842,0.011299059,-0.03049649,0.010581026,-0.013493051,0.0049389754,-0.03482464,0.010222008,-0.078943826,0.004014008,0.0012553125,0.002685147,0.0050112773,-0.0015295615,0.008042975,-0.012645372,-0.009882937,-0.00034374621,0.041007705,-0.00018511809,0.023595387,0.00007393816,-0.038075734,0.033528186,0.004123708,0.007399737,0.008042975,-0.0062528774,0.023735005,0.002043155,-0.016066005,-0.020683361,0.00848676,0.017023385,-0.020962598,0.008018044,0.019915465,-0.021102214,-0.0060135326,-0.030675998,-0.036699504,0.0030890412,0.018718742,0.017372428,-0.012725154,0.016036088,0.016993467,0.0013388338,0.005888874,0.0036549913,-0.01667434,-0.00414116,-0.0024906797,0.029219985,-0.02682654,0.002112964,0.0011163182,0.006651785,0.024732275,-0.025729543,0.016056033,0.02094265,0.009753292,-0.0058190655,-0.00030603696,0.011518459,-0.00850172,0.0016130828,0.0060983007,0.020763144,-0.0017115631,0.009010326,-0.007010802,-0.002725038,-0.009404248,-0.001356286,-0.032291573,0.004515136,0.002112964,-0.008466815,-0.000033287753,0.013792232,0.022757681,-0.0082972795,0.002423364,-0.015647152,-0.028701406,0.0010377832,0.022099484,0.006567017,-0.01196723,0.026746757,0.013542915,0.009364357,-0.010630889,-0.027584463,0.0077936584,0.015687043,0.055129036,0.019277211,0.022019703,-0.0068761706,0.0032810154,0.020085,0.008975422,0.011817639,-0.0173824,0.018988004,-0.010590998,-0.01445043,-0.015866552,-0.010202063,0.012984444,0.022119429,-0.0016056033,-0.017182946,-0.014310812,-0.014759583,0.028501952,-0.007260119,0.010700698,0.018140325,-0.008785941,-0.0010066185,-0.017571881,0.0019446748,0.0014634924,-0.007080611,-0.006751512,0.019257266,-0.005729311,-0.0054999394,0.005180813,-0.006492222,-0.002112964,-0.004569986,-0.009543866,0.02660714,0.0110597145,-0.009633619,-0.029120259,-0.010581026,0.035263438,0.038494587,0.025171073,-0.008646323,-0.008018044,-0.040329564,0.008097826,-0.029878182,-0.031952504,-0.03977109,0.0022014717,0.008970436,0.0014697254,-0.014300839,-0.0068113483,0.0019297157,-0.020075027,0.017531991,0.023036918,-0.0017838652,-0.0017726459,-0.012216547,-0.006906089,0.004183544,-0.00837706,0.01907776,0.036400322,0.0005678201,0.010197077,0.021221887,-0.0068312935,-0.017920926,0.11392803,-0.031094851,-0.04591427,-0.011638131,0.0063276724,-0.036220815,-0.00058994704,0.016335268,0.03382737,0.02660714,0.033927094,-0.019366967,0.000033287753,0.020503853,0.0015694522,-0.01496901,0.03765688,-0.010241954,0.034106605,-0.040927924,-0.023635278,0.007240174,-0.012844826,0.0023984322,0.009454112,-0.019965328,0.027544573,-0.014031577,-0.017512046,-0.037597045,0.02927982,0.0074695456,-0.0037447456,0.027205503,-0.061152544,0.023635278,0.003273536,-0.019586366,-0.026168343,-0.0016056033,0.046273287,-0.02997791,-0.03839486,-0.00419601,-0.0021117174,-0.023914514,-0.02916015,-0.011877475,-0.043480933,-0.01937694,-0.017113138,-0.018259998,0.016803985,-0.011458622,0.0055198846,-0.03697874,0.0018399615,0.060673855,0.034485567,-0.008940518,0.0022563215,0.043999515,-0.0028472033,0.026487468,-0.05381264,-0.006965925,-0.04998313,0.014879256,-0.003505401,-0.0073748054,-0.0012353671,-0.0010122282,-0.0064174267,-0.022498392,0.01434073,-0.021022433,0.037337758,0.038175464,-0.0013089157,0.008137716,-0.013652614,-0.014270921,-0.03205223,-0.0013014362,0.00522569,0.018948114,0.02612845,0.013183898,0.0038045817,0.025769435,0.02193992,0.0026352836,-0.0180406,-0.03279021,0.021181997,0.007414696,0.0046647266,-0.033966985,-0.021999758,-0.024832001,0.0019633735,0.009548852,0.008830818,0.012276383,0.01708322,0.020982543,-0.0040464196,-0.018688824,-0.059317566,-0.0007766233,0.013911905,0.01663445,0.027265338,-0.012356165,0.015926387,0.036400322,0.006302741,0.034784745,0.027983371,-0.0021304162,-0.007803631,-0.04691154,-0.029738566,-0.011638131,-0.012406028,0.018978031,0.002971862,-0.048427388,-0.009972692,0.019317104,0.0040189945,0.019925438,-0.030476544,0.00839202,-0.007085597,0.001600617,-0.011019824,-0.02197981,0.0043954635,0.0042633256,0.0054450897,-0.000015884238,-0.011099606,-0.005564762,0.043600608,-0.007718863,0.0005818442,-0.028482007,-0.040489126,0.017561909,-0.016066005,-0.01393185,0.0011319005,0.013602751,-0.0067564985,-0.028362334,-0.02186014,-0.028222715,-0.044238858,-0.012595509,-0.028841022,-0.011189359,-0.043640498,0.05780172,0.017691555,-0.0016916178,-0.024472984,0.005898847,0.009623647,0.0068911295,0.004627329,-0.024153858,-0.029339658,0.02190003,-0.031413976,0.001371245,-0.017262729,0.014729665,-0.0019895518,0.0047993576,0.03620087,0.001456013,-0.034146495,0.04790881,0.01870877,-0.012435946,-0.024692383,-0.01289469,0.0035477849,0.008471801,-0.0073099826,-0.015178436,-0.018738687,-0.0052007586,0.01341327,-0.010271872,0.0037572114,-0.034266166,0.021261778,0.007240174,-0.009349398,-0.004310696,-0.044996783,-0.038035844,-0.026467523,-0.012186629,-0.009259644,-0.0019135101,0.020703306,0.0007005816,0.03049649,0.034186386,-0.00937433,0.03502409,-0.0073548597,0.016534721,-0.027365064,-0.02112216,0.008237443,-0.0038020886,0.0017140564,-0.03753721,0.01945672,0.021800304,0.006502195,0.020683361,-0.007619136,-0.017631719,0.02868146,-0.023555497,0.041446503,-0.06542085,-0.00013283937,-0.014330758,0.0072750784,0.0349842,0.0004992579,-0.020663416,0.015726933,-0.029339658,-0.004587438,-0.025410417,0.012755072,0.008037989,-0.021541012,0.021740466,0.030576272,0.0064273993,-0.011628158,-0.026068615,0.0056345705,-0.033767533,-0.023296207,0.012445918,-0.0026726814,0.013213816,0.026188288,0.0106408615,0.005078593,-0.029738566,0.0012285109,-0.00019820724,0.03428611,0.024891837,-0.0069609387,-0.029758511,-0.017811226,-0.013792232,-0.025689652,-0.007903358,-0.012994417,0.020583635,-0.0076241223,0.043520823,0.0068462524,0.009085122,0.008935532,-0.043999515,-0.03705852,0.002682654,0.004569986,-0.01708322,0.014988955,0.005410185,0.022657955,-0.009055204,0.016494831,-0.025709597,0.009563811,0.008656296,0.032191847,0.0014211085,0.010241954,0.0070357337,-0.008157661,0.004011515,0.027424902,-0.015806716,-0.0013126555,0.01982571,-0.023874624,0.011927338,0.028382279,-0.0044752453,-0.02197981,0.0360812,0.027604409,-0.0040439265,-0.002287486,-0.010481299,-0.003116466,0.014231031,-0.044637766,0.01289469,0.012206574,-0.022817517,0.011498513,-0.021201942,0.0198656,-0.012605482,0.02060358,0.008456842,0.030536382,0.0022401158,-0.009568797,-0.022119429,-0.003273536,-0.012665318,-0.0151186,-0.01945672,-0.03149376,0.033169173,-0.05792139,-0.00018807873,0.019706039,0.030935287,0.007908344,-0.0021004982,-0.02401424,-0.023136644,0.0252708,0.0018187696,-0.0062129865,-0.022458501,0.021321613,0.014011631,-0.027524628,-0.027325174,0.025629817,-0.012455892,0.00916989,-0.0014597527,0.00502873,-0.018309861,-0.028382279,0.003201234,-0.0014485334,-0.011947284,-0.030875452,-0.011568322,-0.014819419,-0.0030641095,0.041326832,0.020124892,-0.012854799,0.0013338474,0.0022837464,-0.030436654,-0.011977202,-0.01941683,-0.016405078,0.010950015,0.024193749,0.00022407391,-0.027724082,-0.0036450187,0.007833549,0.010192091,-0.0012952032,-0.021241833,0.031653322,-0.0300178,-0.013762314,-0.00034218797,-0.027744027,-0.00034343454,-0.002553009,-0.011807666,-0.035323273,0.017621746,0.021580905,-0.021082269,0.032550864,0.010501244,-0.03775661,0.012056984,-0.021082269,-0.0037023616,0.04543558,0.017202893,-0.028821077,0.017262729,-0.014719692,0.0049738795,-0.016803985,0.00399157,-0.011259168,0.001962127,0.008167634,0.0035552643,0.0001223992,-0.002872135,-0.0045525334,0.027624356,0.02920004,-0.010690725,0.041965086,0.010880206,0.016534721,-0.04790881,-0.0035128805,-0.0064273993,-0.030775726,-0.001107592,-0.025151128,0.0019209896,0.017571881,0.0016317816,0.0058190655,0.018519288,-0.018349752,0.00487166,-0.04124705,-0.023814786,-0.02816288,0.024871891,-0.046991322,0.044438314,0.016843876,-0.006547072,-0.0011749077,0.003909295,-0.028960695,-0.00574427,-0.010421462,0.004445327,0.010760534,-0.032510974,0.026686922,-0.02375495,-0.01159824,-0.009279589,-0.045674928,-0.011528431,-0.031513706,0.039990492,0.0015869045,-0.002531817,-0.029359603,0.0034306059,0.01082037,0.0024545286,0.009833073,0.024951674,0.032670535,-0.051020287,-0.009992637,0.011408758,0.0045375745],"index":0,"object":"embedding"}],"model":"embedding-3","object":"list","usage":{"completion_tokens":0,"prompt_tokens":285,"total_tokens":285}}

2026-03-27 21:06:25.933 [tomcat-handler-20] DEBUG c.a.rag.gateway.cache.EmbeddingCache - Cached embedding for textHash: 1542366048588075bf0a01b46e52178f808604220049888ef5df1ad682e3ef2b, vector dimension: 2048
2026-03-27 21:06:25.933 [tomcat-handler-20] DEBUG c.a.rag.gateway.EmbeddingGateway - Embedding 已缓存：textHash=15423660
2026-03-27 21:06:25.948 [tomcat-handler-20] DEBUG c.a.r.service.impl.VectorServiceImpl - 向量已写入 Redis: chunkId=6, vectorSize=8192 bytes
2026-03-27 21:06:25.949 [tomcat-handler-20] DEBUG c.a.r.service.impl.VectorServiceImpl - 切片向量化成功: chunkId=6
2026-03-27 21:06:25.949 [tomcat-handler-20] DEBUG org.mybatis.spring.SqlSessionUtils - Fetched SqlSession [org.apache.ibatis.session.defaults.DefaultSqlSession@1df7518f] from current transaction
2026-03-27 21:06:25.950 [tomcat-handler-20] DEBUG c.a.r.m.C.batchUpdateVectorized - ==>  Preparing: UPDATE resource_chunks SET vectorized = ? WHERE id IN ( ? )
2026-03-27 21:06:25.950 [tomcat-handler-20] DEBUG c.a.r.m.C.batchUpdateVectorized - ==> Parameters: true(Boolean), 6(Long)
2026-03-27 21:06:25.955 [tomcat-handler-20] DEBUG c.a.r.m.C.batchUpdateVectorized - <==    Updates: 1
2026-03-27 21:06:25.956 [tomcat-handler-20] DEBUG org.mybatis.spring.SqlSessionUtils - Releasing transactional SqlSession [org.apache.ibatis.session.defaults.DefaultSqlSession@1df7518f]
2026-03-27 21:06:25.956 [tomcat-handler-20] INFO  c.a.r.service.impl.VectorServiceImpl - 批量更新向量化状态: 1 个切片
2026-03-27 21:06:25.956 [tomcat-handler-20] DEBUG org.mybatis.spring.SqlSessionUtils - Fetched SqlSession [org.apache.ibatis.session.defaults.DefaultSqlSession@1df7518f] from current transaction
2026-03-27 21:06:25.956 [tomcat-handler-20] DEBUG c.a.r.m.ChunkMapper.findByResourceId - ==>  Preparing: SELECT id, resource_id, chunk_index, chunk_text, location_info, page_start, page_end, chapter_path, text_hash, vectorized, created_at FROM resource_chunks WHERE resource_id = ? ORDER BY chunk_index ASC
2026-03-27 21:06:25.956 [tomcat-handler-20] DEBUG c.a.r.m.ChunkMapper.findByResourceId - ==> Parameters: 4(Long)
2026-03-27 21:06:25.958 [tomcat-handler-20] DEBUG c.a.r.m.ChunkMapper.findByResourceId - <==      Total: 1
2026-03-27 21:06:25.958 [tomcat-handler-20] DEBUG org.mybatis.spring.SqlSessionUtils - Releasing transactional SqlSession [org.apache.ibatis.session.defaults.DefaultSqlSession@1df7518f]
2026-03-27 21:06:25.958 [tomcat-handler-20] DEBUG org.mybatis.spring.SqlSessionUtils - Fetched SqlSession [org.apache.ibatis.session.defaults.DefaultSqlSession@1df7518f] from current transaction
2026-03-27 21:06:25.958 [tomcat-handler-20] DEBUG c.a.r.m.R.updateChunkStatus - ==>  Preparing: UPDATE resources SET chunk_count = ?, vectorized = ? WHERE id = ?
2026-03-27 21:06:25.958 [tomcat-handler-20] DEBUG c.a.r.m.R.updateChunkStatus - ==> Parameters: 1(Integer), true(Boolean), 4(Long)
2026-03-27 21:06:25.960 [tomcat-handler-20] DEBUG c.a.r.m.R.updateChunkStatus - <==    Updates: 1
2026-03-27 21:06:25.960 [tomcat-handler-20] DEBUG org.mybatis.spring.SqlSessionUtils - Releasing transactional SqlSession [org.apache.ibatis.session.defaults.DefaultSqlSession@1df7518f]
2026-03-27 21:06:25.960 [tomcat-handler-20] DEBUG c.a.r.s.impl.ResourceServiceImpl - 资源切片状态已更新: resourceId=4, chunkCount=1, vectorized=true
2026-03-27 21:06:25.960 [tomcat-handler-20] INFO  c.a.r.service.impl.VectorServiceImpl - 资源向量化完成: resourceId=4, chunkCount=1
2026-03-27 21:06:25.960 [tomcat-handler-20] INFO  c.a.r.s.impl.ProcessingServiceImpl - 向量化任务已触发: 资源ID=4
2026-03-27 21:06:25.963 [tomcat-handler-20] DEBUG c.a.r.s.impl.ProcessingServiceImpl - 已释放分布式锁: resource:upload:e06f19ca1d30f1e32946357ec87c3e3a33b2630332e30a6def689643d78fbc11
2026-03-27 21:06:25.963 [tomcat-handler-20] DEBUG org.mybatis.spring.SqlSessionUtils - Transaction synchronization committing SqlSession [org.apache.ibatis.session.defaults.DefaultSqlSession@1df7518f]
2026-03-27 21:06:25.963 [tomcat-handler-20] DEBUG org.mybatis.spring.SqlSessionUtils - Transaction synchronization deregistering SqlSession [org.apache.ibatis.session.defaults.DefaultSqlSession@1df7518f]
2026-03-27 21:06:25.963 [tomcat-handler-20] DEBUG org.mybatis.spring.SqlSessionUtils - Transaction synchronization closing SqlSession [org.apache.ibatis.session.defaults.DefaultSqlSession@1df7518f]
2026-03-27 21:06:35.003 [tomcat-handler-21] DEBUG c.a.r.c.SecurityConfig$JwtAuthenticationFilter - Authenticated user: 2
2026-03-27 21:06:35.015 [tomcat-handler-21] INFO  c.a.r.controller.ResourceController - POST /api/resources - userId=2, title=database_systems, file=database_systems.md
2026-03-27 21:06:35.027 [tomcat-handler-21] INFO  c.a.r.s.impl.ProcessingServiceImpl - 开始处理资源上传: title=database_systems, file=database_systems.md
2026-03-27 21:06:35.028 [tomcat-handler-21] DEBUG c.a.r.s.impl.ProcessingServiceImpl - 文件内容哈希: 45fe6e00d3e518cded3765d5c615681fc9a63e22a1ea4aa3bc9b6fdc945f9f6d
2026-03-27 21:06:35.028 [tomcat-handler-21] DEBUG org.mybatis.spring.SqlSessionUtils - Creating a new SqlSession
2026-03-27 21:06:35.028 [tomcat-handler-21] DEBUG org.mybatis.spring.SqlSessionUtils - Registering transaction synchronization for SqlSession [org.apache.ibatis.session.defaults.DefaultSqlSession@1862e2c3]
2026-03-27 21:06:35.028 [tomcat-handler-21] DEBUG o.m.s.t.SpringManagedTransaction - JDBC Connection [HikariProxyConnection@1795951461 wrapping com.mysql.cj.jdbc.ConnectionImpl@42789ae9] will be managed by Spring
2026-03-27 21:06:35.028 [tomcat-handler-21] DEBUG c.a.r.m.R.findByContentHash - ==>  Preparing: SELECT id, title, tags, file_type, file_path, file_size, description, content_hash, uploaded_by, upload_time, chunk_count, vectorized FROM resources WHERE content_hash = ?
2026-03-27 21:06:35.029 [tomcat-handler-21] DEBUG c.a.r.m.R.findByContentHash - ==> Parameters: 45fe6e00d3e518cded3765d5c615681fc9a63e22a1ea4aa3bc9b6fdc945f9f6d(String)
2026-03-27 21:06:35.032 [tomcat-handler-21] DEBUG c.a.r.m.R.findByContentHash - <==      Total: 0
2026-03-27 21:06:35.032 [tomcat-handler-21] DEBUG org.mybatis.spring.SqlSessionUtils - Releasing transactional SqlSession [org.apache.ibatis.session.defaults.DefaultSqlSession@1862e2c3]
2026-03-27 21:06:35.034 [tomcat-handler-21] DEBUG com.aetheris.rag.util.FileUtil - 文件已保存: /Users/ice/Projects/Aetheris/uploads/1774616795034_database_systems.md
2026-03-27 21:06:35.035 [tomcat-handler-21] DEBUG org.mybatis.spring.SqlSessionUtils - Fetched SqlSession [org.apache.ibatis.session.defaults.DefaultSqlSession@1862e2c3] from current transaction
2026-03-27 21:06:35.035 [tomcat-handler-21] DEBUG c.a.rag.mapper.ResourceMapper.insert - ==>  Preparing: INSERT INTO resources ( title, tags, file_type, file_path, file_size, description, content_hash, uploaded_by, upload_time, chunk_count, vectorized ) VALUES ( ?, ?, ?, ?, ?, ?, ?, ?, ?, ?, ? )
2026-03-27 21:06:35.035 [tomcat-handler-21] DEBUG c.a.rag.mapper.ResourceMapper.insert - ==> Parameters: database_systems(String), database_systems(String), MARKDOWN(String), /Users/ice/Projects/Aetheris/uploads/1774616795034_database_systems.md(String), 4309(Long), database_systems(String), 45fe6e00d3e518cded3765d5c615681fc9a63e22a1ea4aa3bc9b6fdc945f9f6d(String), 2(Long), 2026-03-27 21:06:35.035109(Timestamp), 0(Integer), false(Boolean)
2026-03-27 21:06:35.037 [tomcat-handler-21] DEBUG c.a.rag.mapper.ResourceMapper.insert - <==    Updates: 1
2026-03-27 21:06:35.038 [tomcat-handler-21] DEBUG org.mybatis.spring.SqlSessionUtils - Releasing transactional SqlSession [org.apache.ibatis.session.defaults.DefaultSqlSession@1862e2c3]
2026-03-27 21:06:35.038 [tomcat-handler-21] INFO  c.a.r.s.impl.ProcessingServiceImpl - 资源记录已创建: 5
2026-03-27 21:06:35.038 [tomcat-handler-21] DEBUG c.a.r.s.impl.DocumentServiceImpl - 开始处理文档: filePath=/Users/ice/Projects/Aetheris/uploads/1774616795034_database_systems.md, fileType=MARKDOWN, resourceId=5
2026-03-27 21:06:35.038 [tomcat-handler-21] INFO  c.a.rag.util.MarkdownProcessor - 开始处理 Markdown 文件: /Users/ice/Projects/Aetheris/uploads/1774616795034_database_systems.md
2026-03-27 21:06:35.038 [tomcat-handler-21] DEBUG c.a.rag.util.MarkdownProcessor - Markdown 文件长度: 2728 字符
2026-03-27 21:06:35.063 [tomcat-handler-21] DEBUG c.a.rag.util.MarkdownProcessor - 提取到 75 个文本块
2026-03-27 21:06:35.063 [tomcat-handler-21] DEBUG c.a.rag.util.MarkdownProcessor - 创建切片 0: 章节 数据库系统原理>第二章：关系数据库>2.1 关系代数, 长度 983
2026-03-27 21:06:35.063 [tomcat-handler-21] DEBUG c.a.rag.util.MarkdownProcessor - 创建切片 1: 章节 数据库系统原理>第三章：数据库设计>3.2 ER模型设计, 长度 980
2026-03-27 21:06:35.063 [tomcat-handler-21] DEBUG c.a.rag.util.MarkdownProcessor - 创建切片 2: 章节 数据库系统原理>参考文献, 长度 917
2026-03-27 21:06:35.063 [tomcat-handler-21] DEBUG c.a.rag.util.MarkdownProcessor - 创建切片 3: 章节 数据库系统原理>参考文献, 长度 608
2026-03-27 21:06:35.063 [tomcat-handler-21] INFO  c.a.rag.util.MarkdownProcessor - Markdown 处理完成，共生成 4 个切片
2026-03-27 21:06:35.064 [tomcat-handler-21] DEBUG c.a.r.s.impl.DocumentServiceImpl - 文档处理完成: 共生成 4 个切片
2026-03-27 21:06:35.064 [tomcat-handler-21] DEBUG org.mybatis.spring.SqlSessionUtils - Fetched SqlSession [org.apache.ibatis.session.defaults.DefaultSqlSession@1862e2c3] from current transaction
2026-03-27 21:06:35.065 [tomcat-handler-21] DEBUG c.a.r.mapper.ChunkMapper.batchInsert - ==>  Preparing: INSERT INTO resource_chunks ( resource_id, chunk_index, chunk_text, location_info, page_start, page_end, chapter_path, text_hash, vectorized, created_at ) VALUES (?, ?, ?, ?, ?, ?, ?, ?, ?, ?) , (?, ?, ?, ?, ?, ?, ?, ?, ?, ?) , (?, ?, ?, ?, ?, ?, ?, ?, ?, ?) , (?, ?, ?, ?, ?, ?, ?, ?, ?, ?)
2026-03-27 21:06:35.066 [tomcat-handler-21] DEBUG c.a.r.mapper.ChunkMapper.batchInsert - ==> Parameters: 5(Long), 0(Integer), 数据库系统原理第一章：数据库系统概述数据库系统（DBS）是由数据库、数据库管理系统（DBMS）、应用系统和数据库管理员（DBA）组成的整体。1.1 数据管理技术的发展数据管理技术经历了三个阶段：人工管理阶段：数据不保存，没有专门软件管理文件系统阶段：数据可长期保存，但冗余度高数据库系统阶段：数据结构化，共享性高，冗余度低人工管理阶段：数据不保存，没有专门软件管理文件系统阶段：数据可长期保存，但冗余度高数据库系统阶段：数据结构化，共享性高，冗余度低1.2 数据模型层次模型用树形结构表示实体之间联系的模型。优点是查询效率高，缺点是修改复杂。网状模型用图结构表示实体之间联系的模型。比层次模型更灵活，但结构复杂。关系模型用二维表表示实体之间联系的模型。是最重要的数据模型。-- 学生表
CREATE TABLE students (
    id INT PRIMARY KEY,
    name VARCHAR(50) NOT NULL,
    age INT,
    department VARCHAR(50)
);

-- 课程表
CREATE TABLE courses (
    id INT PRIMARY KEY,
    name VARCHAR(100) NOT NULL,
    credit INT
);

-- 选课表
CREATE TABLE enrollments (
    student_id INT,
    course_id INT,
    grade DECIMAL(3,1),
    PRIMARY KEY (student_id, course_id),
    FOREIGN KEY (student_id) REFERENCES students(id),
    FOREIGN KEY (course_id) REFERENCES courses(id)
);
第二章：关系数据库2.1 关系代数关系代数是一种抽象的查询语言，包括：选择 (σ)：从关系中选择满足条件的元组投影 (π)：从关系中选择指定的属性连接 (⋈)：将两个关系按一定条件连接除 (÷)：表示"对于所有的"关系选择 (σ)：从关系中选择满足条件的元组投影 (π)：从关系中选择指定的属性连接 (⋈)：将两个关系按一定条件连接(String), 数据库系统原理>第二章：关系数据库>2.1 关系代数(String), null, null, 数据库系统原理>第二章：关系数据库>2.1 关系代数(String), e02e37c62ebbc6e07f84550629e2712e43428047b8e46c157ff1b6c10d092fc1(String), false(Boolean), 2026-03-27 21:06:35.063556(Timestamp), 5(Long), 1(Integer), rse_id) REFERENCES courses(id)
);
第二章：关系数据库2.1 关系代数关系代数是一种抽象的查询语言，包括：选择 (σ)：从关系中选择满足条件的元组投影 (π)：从关系中选择指定的属性连接 (⋈)：将两个关系按一定条件连接除 (÷)：表示"对于所有的"关系选择 (σ)：从关系中选择满足条件的元组投影 (π)：从关系中选择指定的属性连接 (⋈)：将两个关系按一定条件连接除 (÷)：表示"对于所有的"关系2.2 SQL语言SQL（Structured Query Language）是关系数据库的标准语言。数据定义语言 (DDL)CREATE DATABASE university;

CREATE TABLE departments (
    dept_id INT PRIMARY KEY,
    dept_name VARCHAR(100) UNIQUE,
    dean VARCHAR(50)
);

DROP TABLE departments;
数据操作语言 (DML)-- 插入数据
INSERT INTO students (id, name, age, department)
VALUES (1001, '张三', 20, '计算机');

-- 查询数据
SELECT s.name, c.name, e.grade
FROM students s
JOIN enrollments e ON s.id = e.student_id
JOIN courses c ON e.course_id = c.id
WHERE e.grade >= 85;

-- 更新数据
UPDATE students
SET age = 21
WHERE id = 1001;

-- 删除数据
DELETE FROM enrollments WHERE grade < 60;
第三章：数据库设计3.1 范式理论规范化是减少数据冗余、避免更新异常的过程。第一范式 (1NF)每个属性都是不可分的原子值。第二范式 (2NF)在1NF基础上，非主属性完全函数依赖于候选键。第三范式 (3NF)在2NF基础上，非主属性不传递依赖于候选键。BCNF (Boyce-Codd范式)每个决定因素都是候选键。3.2 ER模型设计(String), 数据库系统原理>第三章：数据库设计>3.2 ER模型设计(String), null, null, 数据库系统原理>第三章：数据库设计>3.2 ER模型设计(String), 3b571b4c14236cca637c1b33823f73fc14f6a907f52d91f1049a389a8f2e8aeb(String), false(Boolean), 2026-03-27 21:06:35.063556(Timestamp), 5(Long), 2(Integer), M enrollments WHERE grade < 60;
第三章：数据库设计3.1 范式理论规范化是减少数据冗余、避免更新异常的过程。第一范式 (1NF)每个属性都是不可分的原子值。第二范式 (2NF)在1NF基础上，非主属性完全函数依赖于候选键。第三范式 (3NF)在2NF基础上，非主属性不传递依赖于候选键。BCNF (Boyce-Codd范式)每个决定因素都是候选键。3.2 ER模型设计ER图（实体-联系图）是数据库设计的工具。实体：用矩形表示属性：用椭圆表示联系：用菱形表示实体：用矩形表示属性：用椭圆表示联系：用菱形表示第四章：事务管理4.1 事务的ACID特性原子性 (Atomicity)：事务是不可分割的工作单位一致性 (Consistency)：事务执行前后数据库状态一致隔离性 (Isolation)：并发事务之间互不干扰持久性 (Durability)：事务提交后，结果永久保存原子性 (Atomicity)：事务是不可分割的工作单位一致性 (Consistency)：事务执行前后数据库状态一致隔离性 (Isolation)：并发事务之间互不干扰持久性 (Durability)：事务提交后，结果永久保存4.2 并发控制并发控制的主要技术包括：锁机制：共享锁(S锁)、排他锁(X锁)时间戳排序多版本并发控制(MVCC)锁机制：共享锁(S锁)、排他锁(X锁)时间戳排序多版本并发控制(MVCC)第五章：索引技术5.1 索引类型B+树索引：最常用的索引结构哈希索引：适合等值查询位图索引：适合低基数列B+树索引：最常用的索引结构哈希索引：适合等值查询位图索引：适合低基数列5.2 查询优化查询优化器的任务是为查询选择最高效的执行计划。-- 创建索引
CREATE INDEX idx_student_name ON students(name);
CREATE INDEX idx_enrollment_grade ON enrollments(grade);

-- 查看执行计划
EXPLAIN SELECT * FROM students WHERE department = '计算机';
参考文献(String), 数据库系统原理>参考文献(String), null, null, 数据库系统原理>参考文献(String), 1d1aabb847dda88648219d968764a652c0c3aa3da8754c24b09f5dc066da6697(String), false(Boolean), 2026-03-27 21:06:35.063556(Timestamp), 5(Long), 3(Integer), 为查询选择最高效的执行计划。-- 创建索引
CREATE INDEX idx_student_name ON students(name);
CREATE INDEX idx_enrollment_grade ON enrollments(grade);

-- 查看执行计划
EXPLAIN SELECT * FROM students WHERE department = '计算机';
参考文献Silberschatz, A., et al. Database System Concepts. 7th ed., McGraw-Hill, 2019.Ramakrishnan, R., & Gehrke, J. Database Management Systems. 3rd ed., McGraw-Hill, 2002.王珊, 萨师煊. 《数据库系统概论》. 第5版, 高等教育出版社, 2014.Silberschatz, A., et al. Database System Concepts. 7th ed., McGraw-Hill, 2019.Ramakrishnan, R., & Gehrke, J. Database Management Systems. 3rd ed., McGraw-Hill, 2002.王珊, 萨师煊. 《数据库系统概论》. 第5版, 高等教育出版社, 2014.(String), 数据库系统原理>参考文献(String), null, null, 数据库系统原理>参考文献(String), 3c07d6ffb79dbf7d8580dda14e716fede86a1886501b7d10bb5790e0b9428842(String), false(Boolean), 2026-03-27 21:06:35.063556(Timestamp)
2026-03-27 21:06:35.072 [tomcat-handler-21] DEBUG c.a.r.mapper.ChunkMapper.batchInsert - <==    Updates: 4
2026-03-27 21:06:35.073 [tomcat-handler-21] DEBUG org.mybatis.spring.SqlSessionUtils - Releasing transactional SqlSession [org.apache.ibatis.session.defaults.DefaultSqlSession@1862e2c3]
2026-03-27 21:06:35.073 [tomcat-handler-21] INFO  c.a.r.s.impl.ProcessingServiceImpl - 已插入 4 个切片
2026-03-27 21:06:35.073 [tomcat-handler-21] DEBUG org.mybatis.spring.SqlSessionUtils - Fetched SqlSession [org.apache.ibatis.session.defaults.DefaultSqlSession@1862e2c3] from current transaction
2026-03-27 21:06:35.073 [tomcat-handler-21] DEBUG c.a.r.m.R.updateChunkStatus - ==>  Preparing: UPDATE resources SET chunk_count = ?, vectorized = ? WHERE id = ?
2026-03-27 21:06:35.073 [tomcat-handler-21] DEBUG c.a.r.m.R.updateChunkStatus - ==> Parameters: 4(Integer), false(Boolean), 5(Long)
2026-03-27 21:06:35.076 [tomcat-handler-21] DEBUG c.a.r.m.R.updateChunkStatus - <==    Updates: 1
2026-03-27 21:06:35.076 [tomcat-handler-21] DEBUG org.mybatis.spring.SqlSessionUtils - Releasing transactional SqlSession [org.apache.ibatis.session.defaults.DefaultSqlSession@1862e2c3]
2026-03-27 21:06:35.076 [tomcat-handler-21] DEBUG c.a.r.s.impl.ResourceServiceImpl - 资源切片状态已更新: resourceId=5, chunkCount=4, vectorized=false
2026-03-27 21:06:35.076 [tomcat-handler-21] INFO  c.a.r.service.impl.VectorServiceImpl - 开始向量化资源切片: resourceId=5
2026-03-27 21:06:35.076 [tomcat-handler-21] DEBUG org.mybatis.spring.SqlSessionUtils - Fetched SqlSession [org.apache.ibatis.session.defaults.DefaultSqlSession@1862e2c3] from current transaction
2026-03-27 21:06:35.076 [tomcat-handler-21] DEBUG c.a.r.m.C.findUnvectorizedByResourceId - ==>  Preparing: SELECT id, resource_id, chunk_index, chunk_text, location_info, page_start, page_end, chapter_path, text_hash, vectorized, created_at FROM resource_chunks WHERE resource_id = ? AND vectorized = FALSE ORDER BY chunk_index ASC
2026-03-27 21:06:35.076 [tomcat-handler-21] DEBUG c.a.r.m.C.findUnvectorizedByResourceId - ==> Parameters: 5(Long)
2026-03-27 21:06:35.080 [tomcat-handler-21] DEBUG c.a.r.m.C.findUnvectorizedByResourceId - <==      Total: 4
2026-03-27 21:06:35.080 [tomcat-handler-21] DEBUG org.mybatis.spring.SqlSessionUtils - Releasing transactional SqlSession [org.apache.ibatis.session.defaults.DefaultSqlSession@1862e2c3]
2026-03-27 21:06:35.080 [tomcat-handler-21] DEBUG c.a.r.service.impl.VectorServiceImpl - 批量向量化 4 个切片
2026-03-27 21:06:35.082 [tomcat-handler-21] DEBUG c.a.rag.gateway.cache.EmbeddingCache - Embedding cache miss for textHash: e02e37c62ebbc6e07f84550629e2712e43428047b8e46c157ff1b6c10d092fc1
2026-03-27 21:06:35.082 [tomcat-handler-21] INFO  c.a.rag.gateway.EmbeddingGateway - 调用 Embedding API：model=embedding-3, textPreview=数据库系统原理第一章：数据库系统概述数据库系统（DBS）是由数据库、数据库管理系统（DBMS）、应用系统和数据库管理员（DBA）组成的整体。1.1 数据管理技术的发展数据管理技术经历了三个阶段：人工管理阶段：数据不保存，没有专门软件管理文件系统阶段：数据可长期保存，但冗余度高数据库系统阶段：数据结构化，共享性高，冗余度低人工管理阶段：数据不保存，没有专门软件管理文件系统阶段：数据可长期保存，但冗余...[truncated]
2026-03-27 21:06:35.083 [tomcat-handler-21] INFO  d.l.h.client.log.LoggingHttpClient - HTTP request:
- method: POST
- url: https://open.bigmodel.cn/api/paas/v4/embeddings
- headers: [Authorization: Beare...ow], [Content-Type: application/json]
- body: {
  "input" : "数据库系统原理第一章：数据库系统概述数据库系统（DBS）是由数据库、数据库管理系统（DBMS）、应用系统和数据库管理员（DBA）组成的整体。1.1 数据管理技术的发展数据管理技术经历了三个阶段：人工管理阶段：数据不保存，没有专门软件管理文件系统阶段：数据可长期保存，但冗余度高数据库系统阶段：数据结构化，共享性高，冗余度低人工管理阶段：数据不保存，没有专门软件管理文件系统阶段：数据可长期保存，但冗余度高数据库系统阶段：数据结构化，共享性高，冗余度低1.2 数据模型层次模型用树形结构表示实体之间联系的模型。优点是查询效率高，缺点是修改复杂。网状模型用图结构表示实体之间联系的模型。比层次模型更灵活，但结构复杂。关系模型用二维表表示实体之间联系的模型。是最重要的数据模型。-- 学生表 CREATE TABLE students ( id INT PRIMARY KEY, name VARCHAR(50) NOT NULL, age INT, department VARCHAR(50) ); -- 课程表 CREATE TABLE courses ( id INT PRIMARY KEY, name VARCHAR(100) NOT NULL, credit INT ); -- 选课表 CREATE TABLE enrollments ( student_id INT, course_id INT, grade DECIMAL(3,1), PRIMARY KEY (student_id, course_id), FOREIGN KEY (student_id) REFERENCES students(id), FOREIGN KEY (course_id) REFERENCES courses(id) ); 第二章：关系数据库2.1 关系代数关系代数是一种抽象的查询语言，包括：选择 (σ)：从关系中选择满足条件的元组投影 (π)：从关系中选择指定的属性连接 (⋈)：将两个关系按一定条件连接除 (÷)：表示\"对于所有的\"关系选择 (σ)：从关系中选择满足条件的元组投影 (π)：从关系中选择指定的属性连接 (⋈)：将两个关系按一定条件连接",
  "model" : "embedding-3"
}

2026-03-27 21:06:35.374 [tomcat-handler-21] INFO  d.l.h.client.log.LoggingHttpClient - HTTP response:
- status code: 200
- headers: [:status: 200], [content-type: application/json; charset=UTF-8], [date: Fri, 27 Mar 2026 13:06:35 GMT], [server: ZenZGA/2.4], [set-cookie: acw_tc=276077fa17746167951561789eeaf612eaf850744edc1dd121d1b5f3c8b890;path=/;HttpOnly;Max-Age=1800], [strict-transport-security: max-age=31536000; includeSubDomains], [vary: [Accept-Encoding, Origin, Access-Control-Request-Method, Access-Control-Request-Headers, Origin, Access-Control-Request-Method, Access-Control-Request-Headers]], [x-log-id: 20260327210635d777e16ddab949ee]
- body: {"data":[{"embedding":[-0.0055577112,-0.016370878,-0.004713571,0.00027536676,-0.017906668,0.00017376358,-0.013353757,-0.009650431,-0.018113619,-0.0077933217,0.024180537,0.00972123,0.0066768783,-0.0018162633,-0.005908983,0.008822628,-0.00068246026,0.0053344225,-0.0035889582,-0.03666292,-0.014203343,0.019300861,-0.03036727,0.034440927,0.017340278,-0.0045284047,-0.010554478,-0.037577864,0.0043514078,-0.034811262,0.015085606,0.03997413,0.030410837,-0.009029579,-0.003153273,0.073630825,0.028058138,0.013288404,0.033504203,0.0036270807,-0.0013751319,0.0025079139,-0.004787093,-0.02016134,0.016327308,0.020488104,-0.032632835,0.008141871,0.02000885,0.005127472,0.013615168,-0.025705436,0.00092855445,0.005195548,0.016621396,0.009084039,0.015946085,0.039059192,-0.006350114,0.019671194,-0.0030307362,0.04587767,-0.02888594,0.03975629,0.028755235,-0.014334048,-0.02500834,-0.02272099,-0.010031655,0.018549304,-0.017743286,0.043328907,0.012438817,-0.015368802,0.00039279758,0.011126315,0.0067803534,-0.0006116614,0.013408217,0.026925355,0.019050343,0.019224616,0.004454883,0.03844923,0.00047176555,-0.041346543,0.03123864,0.00862657,-0.011088192,0.013342864,-0.010396542,-0.014464754,0.01174172,-0.023592362,0.049842406,0.01525988,-0.040453386,0.009601416,-0.0020395522,0.023897342,0.019017667,0.009481602,0.014181558,0.0065407264,-0.024006264,-0.0024466456,0.0136805205,0.01607679,0.011632799,0.013843902,-0.033460636,0.0005830696,-0.019257292,0.025444025,0.0400177,0.018157188,0.013920147,-0.009492495,0.0012873141,-0.013941932,0.004046428,0.015445046,0.013833011,-0.0020763131,0.018963205,0.0143122645,-0.039211683,-0.0013982777,-0.0024561763,0.012438817,0.050800912,-0.009993533,0.12730727,-0.005614895,0.020226693,0.0019197386,0.01877804,-0.0006967562,-0.012438817,0.0132012665,0.018963205,-0.0035998502,0.05293577,-0.020651486,-0.023309167,-0.08081964,0.043503184,0.028733449,-0.0035290513,-0.008539433,-0.020052418,-0.004051874,0.019616734,0.02092379,-0.007308622,-0.020716839,-0.02046632,-0.003332993,-0.020128664,0.022546718,-0.10604582,0.016708534,-0.011208006,-0.0024507302,0.012362572,0.003343885,0.0041771336,-0.0059852274,-0.0020041526,-0.000653528,-0.0022247185,-0.013484462,0.0098410435,0.01377855,0.030541543,0.03834031,0.017732395,0.004806154,0.039778072,-0.00054256443,-0.01934443,-0.0052445624,0.0520644,0.017819531,-0.0015902516,0.0031968413,-0.007090779,0.021141632,0.017525444,-0.026315397,-0.022219954,0.007847782,-0.0015616597,0.0029708296,-0.032175362,-0.0056639095,0.0030988122,-0.013734981,0.0069328435,0.016196603,-0.007711631,-0.014824195,-0.007232377,-0.038492803,0.031195072,0.025945064,0.0034773138,-0.016577829,0.01862555,0.013146806,0.006889275,-0.007815106,-0.03404881,0.019834576,0.0059743356,0.0094434805,-0.0029980598,0.015935192,-0.0017931176,-0.014998469,-0.00847408,-0.050931618,-0.010685183,-0.015020253,-0.019224616,-0.017416522,-0.021784268,0.0035535586,-0.034114163,0.042130776,0.033809185,-0.025901495,-0.01168726,-0.0396038,-0.04605194,-0.009476157,-0.013212158,-0.0062139626,-0.035355866,-0.014693488,-0.0329596,-0.0039429525,0.008572109,0.008212669,0.0064426973,0.02168624,0.0003056605,0.031608973,0.025487594,0.041063346,-0.020477211,-0.04461418,-0.0018026482,-0.015543075,-0.0031287654,0.010189591,0.026315397,-0.031042581,-0.0016202049,0.02276456,0.012754689,-0.018538412,-0.015423262,0.017470984,-0.013342864,-0.004310562,-0.013331972,0.0008618401,0.031608973,-0.019714763,-0.04470132,-0.003172334,-0.010576262,0.017089758,0.0012246843,0.016316418,-0.009078594,-0.011414956,-0.0070254263,0.05236938,-0.01761258,-0.028188843,-0.066790566,0.0021471118,-0.00051465334,0.008169101,-0.026772866,-0.017111542,0.018897852,-0.04400422,0.00003167654,0.012177406,0.0046563875,0.035965826,-0.0128853945,0.027622452,0.04936315,-0.0019619456,0.016621396,-0.0026331735,0.016752101,0.04465775,0.011120869,0.0012192383,-0.0017332109,0.00082780217,-0.025857925,-0.023766637,0.0018884237,0.02929984,-0.0009932264,0.09079683,-0.0136260595,-0.021806052,0.01189421,-0.019791007,-0.03537765,-0.005604003,-0.034266654,0.016055005,-0.0059198746,-0.0049341368,-0.019540489,0.018767146,-0.0029299841,0.011327819,0.009988087,-0.027448177,0.044788454,-0.012798257,0.037534293,-0.021511964,0.011698152,-0.023919126,0.017982913,0.013767658,-0.025596514,-0.012591307,-0.011153545,0.0056203413,0.013419109,-0.0022301644,-0.011039178,0.009819259,0.016240172,0.012591307,-0.011414956,0.0060778107,0.016762994,-0.0024983832,-0.056595527,-0.015946085,-0.00014159775,-0.02235066,0.023984479,0.010826781,-0.023156676,-0.019300861,-0.0017781409,-0.027949216,0.016904593,0.015172742,0.014061745,-0.0067041083,0.0120467,0.025531162,-0.0029054768,0.010755982,-0.022546718,-0.038100686,0.008659246,0.019987065,-0.008000272,-0.054547805,0.028559176,-0.0128853945,0.008190885,-0.030149426,0.0045066206,0.023418088,0.0036325266,0.0009026856,0.00972123,-0.010358419,-0.044026006,0.02010688,-0.0072759455,0.010303958,-0.017046189,0.045093436,-0.0051628714,-0.05350216,0.010946595,0.0059797815,0.0036161884,-0.045485552,0.023614146,-0.003893938,-0.14734879,0.013125022,-0.010990163,0.029561251,-0.0006249362,-0.0045964806,0.01225365,-0.0058055073,0.0256183,-0.015281664,0.010630723,0.0008203139,-0.021315906,-0.0043241773,0.030715818,0.012340788,0.005214609,0.02500834,0.01715511,-0.015946085,0.008027502,-0.013898363,0.018908745,-0.022590285,0.019867253,0.05572416,0.0049014604,-0.019050343,-0.0041798563,0.0028265088,0.039930563,-0.007330406,0.016305525,-0.055593453,-0.010358419,0.011523878,0.01653426,0.030628681,0.010118793,0.019823683,-0.00793492,-0.0028755234,0.025749005,0.0011845196,-0.029060213,-0.0007086695,0.013560707,0.0036815412,-0.01352803,0.019366214,0.0007556418,0.036575787,-0.008141871,-0.005211886,-0.0088389665,0.009051363,0.023200246,0.02046632,0.009481602,-0.025247967,0.0038830459,0.009024133,0.003893938,-0.008376051,0.20616631,-0.048056096,-0.020411858,-0.002597774,-0.008555771,-0.021533748,0.01725314,-0.018364137,0.013822118,0.0012682528,0.021294123,-0.0136260595,-0.02088022,-0.009323667,-0.012558631,0.00974846,-0.03823139,-0.023875557,-0.0034882058,-0.0030089521,0.040562306,0.0015248988,0.002276456,0.012918071,0.007128902,0.006350114,0.0077551994,-0.015782703,0.00037714015,-0.017775962,-0.005105688,-0.009688553,-0.026293611,-0.04788182,-0.013430001,-0.0000033027418,0.0075809252,-0.026315397,0.028820587,0.016752101,-0.00938902,0.019965282,-0.0125695225,0.003262194,-0.022394227,-0.015946085,-0.03322101,0.016643181,-0.012308111,0.011393172,0.004958644,-0.012329896,0.0031968413,-0.021914974,-0.02052078,0.02720855,-0.014410294,0.004329623,-0.02853739,-0.017122434,-0.022394227,-0.01074509,-0.0357262,0.0025787128,-0.0018203479,0.009241976,-0.023352735,-0.04465775,-0.04940672,-0.0458341,-0.00074338814,-0.019072127,0.0033466083,0.007853229,-0.0038530924,-0.0004298989,-0.0072105927,-0.0027911093,0.0029789987,-0.00926376,0.0023772083,-0.020945573,-0.0027774943,0.0132012665,0.016904593,-0.023897342,-0.008947888,-0.01235168,-0.022895265,0.0061540557,-0.00057013513,-0.020760408,0.008849859,0.027469963,0.009329113,-0.0006164267,-0.02164267,0.0027911093,-0.0025106368,0.00065148575,0.029626604,-0.006333776,-0.04078015,-0.030868309,-0.0056421254,0.025661867,0.0058980905,0.011148099,0.0299098,-0.009764798,0.036357943,0.021958543,0.004111781,0.0005636679,0.009819259,-0.024834065,0.005399775,0.036161885,0.009225638,0.015129174,-0.00044181218,-0.0022165494,-0.010303958,-0.014225127,-0.018919637,0.00614861,-0.022241738,0.014639028,0.012950747,-0.0020272986,-0.0120467,0.020673271,-0.025247967,-0.02858096,-0.017362062,0.014780626,-0.007221485,0.02827598,0.027796727,-0.028907724,-0.010097008,-0.023287382,-0.013963716,-0.0024616222,-0.01102284,0.034114163,-0.010331189,-0.01919194,-0.0013792164,0.03594404,-0.007314068,-0.013092345,-0.024834065,0.024354812,-0.039124545,-0.021272337,-0.06012458,-0.010113346,0.00954151,-0.011066408,-0.0043514078,0.022938835,0.005168318,-0.0091548385,-0.002141666,0.019431567,-0.0069382894,0.01377855,0.011872426,-0.003093366,0.00054528745,-0.00010211376,0.00696552,0.00017818851,-0.021806052,-0.012112053,0.007880459,-0.00538616,-0.0074502197,-0.019475136,0.0065951874,-0.016599612,0.009835597,0.0054624053,0.033090305,-0.0054324516,0.013146806,0.024202323,-0.003989244,-0.04021376,0.018788932,0.017067974,0.007842337,-0.00762994,0.0026998876,0.01577181,0.008642908,-0.006306546,-0.012220974,0.0010967017,0.02638075,0.0035998502,0.011360495,-0.014116205,-0.026162906,-0.043917086,0.0029926137,-0.06012458,-0.06726982,-0.006747677,-0.02929984,-0.026271828,-0.02618469,-0.019202832,-0.00013121618,-0.008000272,-0.014029069,0.017383846,0.013146806,-0.042784303,-0.014704381,0.030192995,0.00077470305,0.058773953,0.0030198442,-0.018059159,0.01265666,-0.030105859,0.009966303,0.016861023,-0.009067701,0.006524388,0.00059906737,0.02272099,0.003643419,-0.006012458,0.021936757,-0.045703392,0.012362572,0.0015793594,0.0060505806,-0.026838219,-0.025596514,0.0065352805,0.025749005,-0.026598591,-0.02337452,-0.051977262,-0.012667552,-0.0039511216,-0.042021852,0.008076517,-0.021065388,0.0768549,0.011077301,-0.0044902824,-0.0020463597,-0.0067367847,0.040191974,-0.012024916,-0.009176623,-0.0125695225,-0.101601824,0.012319003,-0.014007284,0.0029054768,0.029386977,0.020379182,0.01919194,0.022154601,0.011164437,-0.014203343,0.011137207,0.02348344,-0.00043738727,-0.002358147,0.0063010994,-0.019377107,0.019311754,0.0056584636,-0.0048878454,-0.016403554,-0.0063773445,0.007308622,0.02149018,-0.071234554,-0.018385923,0.020128664,-0.036357943,-0.0055822185,-0.022034787,0.030497976,0.0071942545,-0.013114129,-0.010374757,-0.0008992818,0.01102284,0.017677933,-0.020597026,0.01174172,0.028014569,0.0021852343,-0.008506756,-0.006486266,-0.015641104,-0.0015848055,-0.013408217,-0.0049695363,0.03424487,0.00893155,0.064394295,0.025509378,0.03404881,-0.020542564,-0.028842371,-0.011796181,0.0080166105,0.031979304,0.03709861,0.048143234,0.009427142,0.0074284356,-0.026838219,-0.0003645461,0.00071071176,-0.019289969,0.00069573504,0.027687805,-0.02496477,0.011458525,0.025335103,-0.01715511,-0.080514655,0.011763505,-0.023548793,-0.016817454,-0.00025868817,0.0027162258,0.0051029646,-0.02705606,0.00959597,0.0033547773,-0.015455938,0.008800845,0.0015943361,0.0041853026,-0.013364648,-0.01974744,0.0031287654,0.021729806,0.0071997005,-0.0144211855,-0.019148372,0.02122877,0.007842337,0.021762485,0.002650873,-0.019387998,-0.02455087,-0.0044222064,-0.00019435651,0.030933661,0.033460636,-0.002318663,-0.0014105313,0.0026495117,0.004958644,0.014159774,0.0022042957,0.010004425,0.03520338,0.01556486,-0.008877089,-0.014007284,-0.0434814,0.0062030703,0.025487594,-0.0032676402,-0.01189421,0.0071343477,-0.012613092,-0.000660676,-0.031979304,0.027992785,-0.036924336,0.023309167,-0.026511455,-0.012417032,0.028820587,0.011153545,0.026250044,-0.018146295,0.0035154363,0.01023316,-0.016501583,-0.0007256884,-0.011992239,0.008463188,-0.02272099,-0.017699718,0.014726165,0.006491712,0.0020123217,-0.007128902,0.020411858,0.017035298,-0.014824195,-0.022655638,-0.0029708296,-0.013538922,-0.00931822,0.042871438,-0.020019742,0.043721028,0.030323701,0.06848974,-0.011425848,0.011915995,0.03720753,0.005440621,0.012155621,0.020455427,0.005062119,-0.006589741,0.0032785323,-0.027491746,-0.0083052525,0.004806154,-0.02204568,0.0025705437,-0.004795262,-0.022263521,-0.015085606,0.010020764,-0.0022533103,-0.015303448,0.0022968787,0.0040409816,-0.048056096,-0.007221485,0.019213725,-0.006524388,0.013419109,-0.011730828,-0.0018993159,0.01674121,0.046531197,0.012122945,-0.00011011267,0.021000035,-0.03154362,-0.035639063,-0.0054896357,-0.005203717,0.008310698,-0.008261683,-0.006306546,0.01964941,0.015325232,0.017133327,0.0011647776,0.01352803,-0.011698152,0.031717893,-0.019409783,-0.0035426666,0.020052418,0.030977229,0.041346543,-0.010162361,-0.01908302,-0.0007290922,-0.0059961197,-0.0003546751,0.0026672112,0.0064753736,-0.031783246,0.02853739,0.00987372,-0.024333028,0.014922224,-0.022546718,0.010924811,-0.003910276,-0.03690255,-0.0039592907,-0.008272576,-0.029256271,0.0011041901,0.008343374,-0.03773035,0.012939855,-0.013364648,0.013005208,0.01715511,0.010401988,-0.0026862726,0.016817454,-0.030192995,0.0035562818,-0.0053943293,-0.007929473,-0.011905102,-0.000608598,-0.0036325266,0.0076898467,-0.008092856,0.060647402,0.0025705437,-0.006181286,0.023287382,0.014116205,-0.0091548385,-0.017525444,-0.0047380785,-0.018788932,-0.01429048,0.011981348,-0.0024316688,-0.019605841,-0.0044004223,0.034636986,-0.027731374,-0.022873482,-0.022263521,-0.0011021479,0.021087172,-0.0076353857,0.012024916,-0.0054133907,-0.03971272,-0.01168726,0.012471493,0.0032485789,0.037861057,-0.002761156,-0.0011654584,-0.013048776,0.00037986317,0.020095987,0.028079921,0.030171212,-0.033852752,-0.007570033,0.007090779,0.008316144,-0.028559176,0.027077844,0.013833011,-0.027774941,0.00031655264,-0.019017667,-0.0031478268,0.008860751,-0.005258178,-0.027230335,-0.02531332,0.006529834,0.00465911,0.04470132,0.014159774,0.005930767,0.0108975805,-0.0095524015,-0.00047653087,-0.016055005,-0.01791756,0.004149903,0.0010408795,0.022132816,-0.00293543,-0.043241773,0.003322101,-0.0117743965,0.008218115,0.026424317,-0.0028755234,-0.019594949,-0.017579904,0.014791518,0.009939073,0.0011144015,0.005604003,-0.026010416,0.0062248544,0.01755812,0.013647844,-0.0027121413,0.01250417,0.010058885,-0.022372443,-0.022089249,0.035813335,0.0024534531,-0.012634875,0.020095987,-0.021152524,-0.004822492,0.011807073,0.0022519487,0.013745873,0.01725314,-0.01286361,-0.012449709,-0.014911331,0.04343783,0.008218115,-0.042849656,0.013506246,0.012918071,0.030759387,-0.021958543,-0.0006698662,-0.01858198,0.014399401,0.032306068,0.0016011437,0.02618469,0.0136805205,-0.02230709,0.0008420981,-0.0031886722,0.036314376,-0.018876068,-0.0010681099,0.0020558904,-0.004868784,0.017438307,0.0207713,0.0017754178,0.014540999,-0.010875796,0.0020477213,-0.021925867,0.0067367847,0.032371424,-0.016109467,-0.0027856634,0.019584058,0.028341332,0.003953845,0.012014024,-0.0063718986,-0.0045801424,0.006845706,0.018462168,-0.0245073,0.021838728,0.045137003,-0.024485517,0.008201777,0.022230845,-0.019279078,-0.019279078,0.0025814357,-0.013440893,-0.006529834,-0.0011817965,-0.001417339,-0.020716839,0.018821608,-0.025226183,0.0065407264,0.03367848,0.0044140373,0.014944008,0.0031587188,0.0038585386,-0.029822662,-0.038296744,0.006823922,0.04047517,-0.028820587,-0.014192451,0.010614385,-0.0055686035,-0.0035562818,-0.02929984,-0.009546955,0.017122434,0.016283741,0.013440893,-0.019551381,-0.029256271,-0.019464243,-0.006306546,-0.0095796315,-0.038471017,0.0006218728,-0.010456448,-0.0020586133,-0.0077388613,0.0076735085,0.002848293,-0.018059159,-0.0043786378,0.00438953,0.01582627,-0.0016338201,-0.0031233195,-0.008370605,0.013822118,-0.021010926,-0.0033493312,0.009644984,-0.010254944,-0.005108411,0.031064367,0.0019592226,-0.001828517,0.021806052,0.03404881,0.021511964,0.013822118,0.019072127,-0.004797985,-0.022742776,-0.0021484734,-0.01858198,0.008337929,0.0049150754,0.025051909,-0.004000136,0.006110487,0.0055767726,0.014388509,-0.0058926446,0.010342081,0.014344941,-0.017372955,-0.039560232,0.0035481127,0.03640151,0.007940366,0.0030171212,0.0049069063,-0.016784778,0.03773035,0.03332993,-0.005100242,-0.00260322,0.013430001,-0.009530617,-0.012210082,0.015532183,-0.04853535,-0.006606079,0.0046618334,0.004384084,-0.0073358524,-0.003744171,0.01138228,-0.018091835,0.022437796,0.022655638,-0.015303448,0.027252119,-0.0025201675,0.0050839037,0.030672248,-0.00898601,0.027644236,0.020019742,0.0053453147,-0.02123966,-0.03051976,0.00381497,-0.009857382,-0.017013513,-0.012634875,0.001791756,-0.010968379,-0.0026113892,-0.005285408,0.009459819,0.009737568,-0.01837503,0.017089758,0.05119303,0.005783723,-0.023962695,0.0017781409,0.014987577,0.037316453,-0.007128902,-0.012014024,0.01225365,0.024725145,0.009160285,0.02394091,0.0015984207,0.013331972,0.010467341,-0.0033520542,0.010696076,-0.0007781068,0.0038830459,0.027295688,-0.019104803,-0.029561251,-0.0019592226,0.03500732,0.026881786,-0.013386433,-0.0034800367,-0.013244835,0.01755812,-0.031608973,-0.015532183,0.039080977,0.056639098,-0.03439736,0.0052418397,-0.014519215,-0.018168079,-0.038253173,0.0094434805,-0.0130161,0.0007447497,-0.0048578917,0.00650805,0.025030123,-0.011611015,0.025901495,-0.01393104,-0.022503149,-0.003403792,-0.00926376,0.011120869,0.008261683,0.012787365,-0.02679465,0.0054624053,0.0018489398,-0.024921203,0.01229722,0.056072704,0.042152558,-0.02194765,-0.0064590354,0.03404881,-0.03189217,0.02200211,0.0136805205,-0.013114129,-0.013549815,-0.016861023,0.010919364,-0.010167807,0.0075155725,-0.011730828,0.037033256,-0.009476157,-0.007945811,-0.015325232,-0.012776474,-0.008506756,-0.012634875,-0.0030661358,0.0050839037,-0.0015657443,-0.008544879,0.024071617,-0.02235066,0.0034174072,-0.004890568,-0.020509887,-0.015782703,-0.01586984,0.027426394,-0.035704415,-0.024986556,0.0029626605,0.0050512273,0.00057660235,-0.029278057,0.014639028,-0.016926376,-0.0061540557,-0.0037087717,0.011600123,-0.005437898,0.0028183397,0.026620375,0.026097553,0.0054651285,-0.013909255,-0.018505735,0.010875796,0.007232377,-0.01265666,-0.015946085,0.026315397,0.023505226,0.021860514,0.03500732,0.0032485789,-0.027840294,-0.05476565,0.016359985,0.015543075,-0.034680557,0.025770789,-0.039778072,0.010075224,0.009737568,0.020095987,0.0072813914,0.0077606454,-0.014148882,-0.0063936827,0.021827837,-0.009247422,-0.010538139,-0.015205419,0.010282175,-0.009432588,0.017013513,0.0083869435,-0.028777018,0.006644202,-0.038558155,-0.010968379,0.0036379728,0.017645257,-0.0015793594,0.009094932,0.010696076,0.030715818,-0.007973042,-0.005783723,0.035900474,0.010244052,0.021261446,0.010728752,0.08278022,-0.037882842,0.008610232,-0.004313285,-0.003733279,0.011665476,-0.020651486,-0.007880459,0.017307602,0.031761464,-0.0070363185,-0.0014268695,-0.011905102,0.033286363,-0.020444535,-0.00042581436,-0.0013424555,0.0062357467,-0.019976174,0.022023896,0.0054732976,-0.027949216,0.00097552675,-0.010908472,0.0013594745,-0.0091385,0.05803329,0.011763505,0.01903945,0.021392152,-0.03352599,0.008795398,-0.020477211,0.0002816638,0.018810716,0.013037885,0.011676367,-0.043808162,-0.018767146,0.005100242,0.006491712,0.009862827,0.015314341,0.008588447,0.007248715,-0.030977229,-0.029365193,0.0034691447,-0.015837163,0.049624562,0.015510399,0.023330951,0.016806563,0.016871916,0.02413697,0.014889548,0.009650431,0.01413799,0.015902516,-0.010587154,-0.0020395522,0.005614895,-0.0019251847,-0.019213725,0.030999014,0.008795398,0.019976174,0.0031913952,-0.0054569594,-0.0019333538,-0.006567957,-0.0055468194,0.0076353857,-0.001259403,0.0053943293,-0.0015221757,-0.00063855137,0.04465775,-0.0077933217,0.053197183,-0.002250587,-0.04640049,0.01235168,-0.009307329,0.0029844446,0.013560707,0.013636951,-0.032894246,-0.0017441029,0.010189591,0.042893223,0.0061976244,-0.010195037,-0.029103782,-0.004689064,0.00091698155,0.02516083,-0.01099561,0.003657034,0.02352701,0.035508357,0.03659757,-0.008299806,0.016621396,-0.0034473604,0.022568502,0.04788182,-0.006649648,-0.0058980905,-0.05027809,-0.007542803,-0.004403145,0.038732428,0.013026992,0.0154777225,0.024441948,-0.034332007,-0.0018788931,0.019148372,-0.0021253277,0.030737603,-0.027774941,0.0155866435,-0.023505226,-0.024768712,-0.030410837,0.03592226,-0.019845469,-0.0154777225,-0.001746826,0.009067701,0.036161885,0.011883318,-0.025749005,0.0016011437,-0.03511624,0.017841315,-0.0002158004,-0.012950747,-0.016784778,0.0110337315,-0.011393172,-0.046356924,-0.0130161,0.02470336,-0.006649648,0.02903843,-0.018080942,-0.017645257,0.00054903165,0.03818782,0.043263555,-0.023592362,0.025247967,0.03322101,-0.018429492,-0.014867763,0.023744851,0.00584363,-0.009399911,-0.019181048,0.004305116,0.011545662,-0.0038176929,-0.014540999,0.006366452,-0.0026699344,-0.0071888086,0.0012110692,0.019104803,0.02648967,-0.014127098,-0.047489703,0.0045638043,0.011393172,0.0010510909,-0.009792029,-0.022274414,0.0076081557,0.005930767,-0.021196093,0.0031805031,0.15632391,0.01117533,-0.026838219,0.0140508525,0.017906668,-0.086657815,-0.01153477,0.004149903,-0.025836142,0.0050893496,-0.017329386,-0.0074502197,0.023156676,0.010102455,0.005849076,-0.022960618,0.029713742,0.026467886,0.02781851,-0.026402533,-0.03313387,-0.037490726,-0.007167024,0.008610232,0.015423262,-0.020738624,0.022982404,-0.007553695,0.0109792715,-0.0066115255,-0.0020518058,-0.009383573,-0.010156915,0.010205929,-0.055549882,0.014127098,0.018407706,0.004620988,-0.015695564,0.027143197,0.006099595,-0.034005243,-0.01985636,0.004062766,-0.015706457,0.002853739,0.0033874537,0.016207496,-0.035246946,0.01771061,-0.013658736,-0.010783212,0.04461418,0.008920657,0.033656694,-0.039799858,-0.023439873,0.036466863,0.026925355,0.017775962,-0.0023799313,0.044788454,-0.032916028,-0.0130161,-0.00004446203,-0.00972123,-0.018429492,0.030628681,-0.00020848225,0.016207496,-0.008915212,0.020400967,0.012722013,-0.005429729,-0.029234488,-0.03546479,0.008229007,0.008909766,0.0106633995,-0.030084074,0.007401205,0.005525035,-0.0021566425,-0.02046632,-0.02975731,0.0062793153,0.01974744,-0.009209299,-0.0139963925,-0.007265053,-0.004313285,0.009732122,-0.00699275,-0.0178631,-0.004966813,-0.007717077,0.0054270057,-0.004247932,0.012482385,0.02675108,-0.009018687,-0.035246946,0.004539297,-0.0074175433,-0.007444774,-0.0001457674,0.00015751047,-0.008996903,-0.000021422615,-0.0033683924,0.008425065,0.0052309474,0.01643623,-0.014148882,-0.015390585,0.03511624,0.0061159334,0.011665476,0.024725145,-0.023396304,0.025596514,-0.021522857,-0.0020123217,0.0052990234,-0.024202323,0.011883318,0.0028210627,-0.0132557275,-0.018178971,0.007706185,0.0080438405,-0.0040355357,0.012177406,0.012602199,0.03112972,0.016414447,-0.019627625,-0.020749515,-0.02061881,-0.00038530925,0.026838219,0.004163518,-0.054068554,0.00039279758,0.022034787,-0.010625277,-0.0045992034,0.006491712,-0.0088389665,-0.038013548,-0.033613127,-0.020749515,-0.027469963,-0.0073794206,-0.0045883115,-0.011545662,0.008615678,0.006529834,0.00025460363,0.031521834,-0.031870384,-0.0034773138,0.005609449,0.04012662,-0.006126825,-0.0438953,-0.0058817524,-0.005220055,0.008871643,-0.0111154225,0.0027066953,0.028254196,-0.026206475,-0.015630212,-0.02664216,-0.024420165,0.011284251,-0.004719017,0.011578338,-0.013822118,0.029996937,-0.0048388303,0.011039178,-0.017786855,-0.0035072672,-0.004473944,-0.025400456,-0.006491712,0.025204398,0.052892204,0.0030198442,0.0059579974,0.015205419,0.00972123,0.005952551,-0.0025542055,0.007559141,-0.011926887,-0.007401205,-0.011360495,0.009497941,0.00011606931,-0.036771845,-0.028559176,0.003422853,-0.00264815,-0.0011246129,0.019899929,-0.029169135,0.010668845,-0.005865414,-0.011807073,0.017078865,0.025531162,-0.022546718,-0.0068021375,0.007390313,-0.030977229,-0.0068348143,-0.03287246,0.01077232,-0.0144211855,-0.07040676,0.023744851,0.011295143,0.012874503,0.009503387,-0.0121447295,0.007150686,-0.05350216,0.056944076,-0.05114946,-0.009917288,0.03367848,0.05036523,0.0077551994,-0.0256183,0.01174172,0.032785323,-0.015488614,0.011126315,-0.008321591,0.0028700773,0.035050888,0.003893938,-0.0060778107,0.008463188,-0.0045855884,0.020488104,-0.015750026,-0.002629089,0.00463188,-0.0144211855,-0.021609994,-0.0037686783,0.003003506,0.007902243,0.0052091633,0.0012532761,-0.01561932,-0.019769223,0.01679567,0.01837503,-0.0064753736,-0.049276013,-0.036096532,-0.02352701,0.020226693,-0.014911331,0.024485517,-0.007951258,-0.025226183,-0.025422242,0.030432623,-0.0035998502,-0.03139113,0.018603764,-0.023178462,-0.026838219,0.022089249,0.014639028,0.024289459,-0.0013798972,0.017144218,0.0139963925,-0.010587154,0.022023896,-0.0040164744,0.004953198,-0.011153545,-0.02439838,0.035334084,0.010069778,-0.021664454,0.0077497535,0.0021144354,0.014617244,-0.0008400558,-0.017460091,0.019115696,-0.008425065,-0.023810204,0.027731374,-0.01945335,-0.0029844446,0.03180503,0.03899384,-0.018080942,0.016512476,0.022677423,-0.013005208,-0.007237823,-0.011915995,0.0057564927,-0.0067585693,-0.028079921,-0.014039961,-0.0006538684,0.038514584,-0.008169101,0.032284286,-0.002524252,0.0012662106,0.011425848,-0.004645495,-0.026707513,0.012395249,0.032240715,-0.00004680214,0.056595527,-0.011578338,-0.00020269581,-0.03322101,-0.01582627,0.012014024,0.023875557,-0.026860002,0.014584567,-0.010396542,-0.006094149,-0.007085333,0.0010279452,0.0033656694,-0.029953368,-0.0031968413,0.01102284,-0.005952551,0.004629157,-0.005113857,-0.007003642,0.010037102,0.0051492564,0.021446612,-0.021664454,-0.024485517,-0.0007964873,-0.0013792164,0.006344668,-0.048056096,0.0016787502,-0.050190955,-0.020030634,0.017307602,-0.007717077,0.0058817524,0.03051976,-0.031717893,-0.035138026,0.02337452,-0.0067912457,-0.012743797,0.022219954,0.012362572,0.002242418,-0.006911059,-0.008969672,-0.0041961945,-0.00007547908,0.011567446,0.013854794,0.023047756,0.009372681,-0.0054106675,-0.0066115255,-0.0037006026,-0.014116205,0.005214609,0.010069778,-0.008032949,0.03298138,-0.03200109,-0.032937814,0.0028591852,-0.016403554,-0.013549815,-0.0019374384,-0.062433712,-0.019638518,0.019954389,0.02945233,-0.004607373,0.006747677,-0.006333776,-0.026772866,0.005767385,0.024681576,-0.0005303108,0.013223051,0.0056530177,0.0059852274,0.029103782,0.020281153,-0.020422751,0.0314347,0.019289969,0.012896286,0.011469417,0.0028265088,0.0002651554,-0.0015494061,-0.009040471,-0.015739134,-0.047358997,0.031260423,-0.015651997,-0.014486538,-0.009982641,-0.016370878,0.023505226,-0.0095524015,0.00880629,0.005625787,-0.034789477,-0.0129943155,-0.01286361,-0.0059797815,-0.0068947207,0.017754178,0.015880732,0.0084141735,-0.008196331,0.012700228,-0.019791007,-0.03470234,-0.046182647,-0.004958644,-0.004868784,-0.020302938,-0.033351716,0.0016746656,-0.042697165,-0.014127098,-0.00045712924,-0.003991967,-0.009220191,-0.011785289,0.027339257,0.005250009,-0.011523878,-0.0037278328,-0.0035154363,-0.013092345,0.011371388,-0.0066224174,0.0061540557,-0.022829913,-0.0071343477,0.017372955,0.0038503695],"index":0,"object":"embedding"}],"model":"embedding-3","object":"list","usage":{"completion_tokens":0,"prompt_tokens":457,"total_tokens":457}}

2026-03-27 21:06:35.380 [tomcat-handler-21] DEBUG c.a.rag.gateway.cache.EmbeddingCache - Cached embedding for textHash: e02e37c62ebbc6e07f84550629e2712e43428047b8e46c157ff1b6c10d092fc1, vector dimension: 2048
2026-03-27 21:06:35.380 [tomcat-handler-21] DEBUG c.a.rag.gateway.EmbeddingGateway - Embedding 已缓存：textHash=e02e37c6
2026-03-27 21:06:35.385 [tomcat-handler-21] DEBUG c.a.r.service.impl.VectorServiceImpl - 向量已写入 Redis: chunkId=7, vectorSize=8192 bytes
2026-03-27 21:06:35.385 [tomcat-handler-21] DEBUG c.a.r.service.impl.VectorServiceImpl - 切片向量化成功: chunkId=7
2026-03-27 21:06:35.386 [tomcat-handler-21] DEBUG c.a.rag.gateway.cache.EmbeddingCache - Embedding cache miss for textHash: 3b571b4c14236cca637c1b33823f73fc14f6a907f52d91f1049a389a8f2e8aeb
2026-03-27 21:06:35.386 [tomcat-handler-21] INFO  c.a.rag.gateway.EmbeddingGateway - 调用 Embedding API：model=embedding-3, textPreview=rse_id) REFERENCES courses(id) ); 第二章：关系数据库2.1 关系代数关系代数是一种抽象的查询语言，包括：选择 (σ)：从关系中选择满足条件的元组投影 (π)：从关系中选择指定的属性连接 (⋈)：将两个关系按一定条件连接除 (÷)：表示"对于所有的"关系选择 (σ)：从关系中选择满足条件的元组投影 (π)：从关系中选择指定的属性连接 (⋈)：将两个关系按一定条件连接...[truncated]
2026-03-27 21:06:35.388 [tomcat-handler-21] INFO  d.l.h.client.log.LoggingHttpClient - HTTP request:
- method: POST
- url: https://open.bigmodel.cn/api/paas/v4/embeddings
- headers: [Authorization: Beare...LU], [Content-Type: application/json]
- body: {
  "input" : "rse_id) REFERENCES courses(id) ); 第二章：关系数据库2.1 关系代数关系代数是一种抽象的查询语言，包括：选择 (σ)：从关系中选择满足条件的元组投影 (π)：从关系中选择指定的属性连接 (⋈)：将两个关系按一定条件连接除 (÷)：表示\"对于所有的\"关系选择 (σ)：从关系中选择满足条件的元组投影 (π)：从关系中选择指定的属性连接 (⋈)：将两个关系按一定条件连接除 (÷)：表示\"对于所有的\"关系2.2 SQL语言SQL（Structured Query Language）是关系数据库的标准语言。数据定义语言 (DDL)CREATE DATABASE university; CREATE TABLE departments ( dept_id INT PRIMARY KEY, dept_name VARCHAR(100) UNIQUE, dean VARCHAR(50) ); DROP TABLE departments; 数据操作语言 (DML)-- 插入数据 INSERT INTO students (id, name, age, department) VALUES (1001, '张三', 20, '计算机'); -- 查询数据 SELECT s.name, c.name, e.grade FROM students s JOIN enrollments e ON s.id = e.student_id JOIN courses c ON e.course_id = c.id WHERE e.grade >= 85; -- 更新数据 UPDATE students SET age = 21 WHERE id = 1001; -- 删除数据 DELETE FROM enrollments WHERE grade < 60; 第三章：数据库设计3.1 范式理论规范化是减少数据冗余、避免更新异常的过程。第一范式 (1NF)每个属性都是不可分的原子值。第二范式 (2NF)在1NF基础上，非主属性完全函数依赖于候选键。第三范式 (3NF)在2NF基础上，非主属性不传递依赖于候选键。BCNF (Boyce-Codd范式)每个决定因素都是候选键。3.2 ER模型设计",
  "model" : "embedding-3"
}

2026-03-27 21:06:35.673 [tomcat-handler-21] INFO  d.l.h.client.log.LoggingHttpClient - HTTP response:
- status code: 200
- headers: [:status: 200], [content-type: application/json; charset=UTF-8], [date: Fri, 27 Mar 2026 13:06:35 GMT], [server: ZenZGA/2.4], [set-cookie: acw_tc=276082b517746167954613840ebc457a636863cff9baaeaa755bfcd065266a;path=/;HttpOnly;Max-Age=1800], [strict-transport-security: max-age=31536000; includeSubDomains], [vary: [Accept-Encoding, Origin, Access-Control-Request-Method, Access-Control-Request-Headers, Origin, Access-Control-Request-Method, Access-Control-Request-Headers]], [x-log-id: 202603272106359a8b0c5ce4d14e57]
- body: {"data":[{"embedding":[0.0094826035,0.021344395,-0.0028686868,0.021765592,-0.023791887,0.007518919,-0.018612312,0.036040723,-0.019420555,0.04057143,0.021025652,0.015026455,0.0048181415,-0.007974266,-0.011617043,-0.009425685,0.0056975307,-0.0010344917,-0.003565937,-0.027958313,-0.011804874,0.020240178,-0.02470258,0.017917909,-0.0021486692,-0.0011056397,0.003460638,-0.008509299,0.006630992,-0.04649094,0.03264839,0.051363155,0.012920475,-0.005791446,-0.015493185,0.047583774,0.0058142133,-0.0078376625,0.026865479,-0.0016705547,-0.015618406,0.0024119166,0.004180656,-0.010973865,0.0225966,0.024406604,-0.03676928,-0.01584608,0.036473304,0.00029117314,0.012066699,-0.02293811,0.013113997,0.008344236,0.0037651514,-0.004527858,0.005660534,0.030553792,-0.007314013,0.0021415544,0.025954785,0.034651916,-0.004903519,0.035949655,-0.0029227592,-0.0075359945,-0.020467853,-0.048357863,-0.015823312,0.02194773,0.00036676787,0.051590826,0.003457792,0.010734808,-0.018145582,0.017439794,-0.006147186,-0.023655282,-0.0024104938,0.01377425,0.005336099,0.029142216,0.0027363515,0.024087861,0.00912971,-0.04193747,0.016813692,0.00873128,0.013637646,0.012237454,-0.025180696,0.023120249,0.004815296,-0.009175244,0.030690394,0.020376783,-0.03909155,0.012362674,0.01247651,0.0198759,0.028094916,0.0008950417,-0.013762866,0.008304393,-0.004211961,-0.0029768317,0.011725188,0.027571267,0.012100849,0.003073593,-0.036359467,-0.015902998,0.00742785,0.027320826,0.015686708,0.02634183,0.028960075,-0.003711079,0.00677898,0.0045847762,-0.0065797656,-0.01591438,0.010860029,-0.008469456,0.01807728,0.011429212,-0.0067903637,0.009380151,0.012795254,-0.012977392,0.03383229,-0.01866923,0.10910117,-0.01627866,0.029369889,-0.012977392,0.0009861111,0.0013326018,-0.01399054,-0.00092776975,0.014684944,0.008184864,0.0463088,-0.03374122,-0.005193803,-0.05122655,0.050589062,0.026865479,-0.00070507656,-0.004277417,-0.029939072,0.015117524,0.009636283,0.019887285,-0.0102737695,-0.011104777,-0.030758698,-0.0075018434,-0.025522206,0.03239795,-0.08783646,-0.012089466,-0.018156966,-0.012681417,0.0043855617,-0.003500481,-0.01532243,-0.015219977,0.017360108,0.004906365,-0.012795254,-0.02104842,0.03160109,-0.0071432577,0.02401956,0.015766393,0.009943643,-0.01498092,0.058512103,-0.01975068,-0.0275485,-0.013785633,0.04216514,0.021708673,0.000883658,-0.0075132274,0.020843513,0.0074563087,0.018236652,-0.033627383,0.0027093154,0.00453355,0.0045847762,-0.0013141033,-0.012897707,-0.013318903,-0.015766393,-0.029460957,0.008799583,0.01043314,-0.0063691675,-0.013398589,0.005688993,-0.020627225,0.02857303,0.024679814,0.011469055,-0.013250601,0.009681818,-0.0035773206,-0.018304953,-0.012635882,-0.00028085668,-0.010655122,-0.0023606902,-0.0062439474,0.016916145,0.015174442,0.040844634,-0.018680615,-0.00004053212,-0.03701972,-0.0044254046,-0.031623855,0.0005976431,0.015766393,-0.026023088,0.008862193,-0.056417506,0.039478593,0.024156164,-0.018657848,0.027502965,-0.029893538,-0.033376943,-0.00537025,-0.015231361,-0.0065854574,-0.04216514,-0.030371653,-0.021537919,0.0150606055,-0.014684944,0.017314574,0.00036463342,0.014286515,-0.0075018434,0.013512425,0.005791446,0.046286035,-0.011508898,-0.044806156,0.0003221225,-0.007240019,-0.007205868,0.0015823313,0.012931858,-0.035357703,-0.017940676,0.017553631,0.017223503,-0.009778579,-0.011469055,-0.007997033,-0.021742824,0.008025493,-0.023006413,0.008953262,0.036040723,-0.0056320745,-0.054914862,-0.01600545,-0.006824515,0.036222864,-0.00075416866,0.00857191,0.005128347,-0.026478434,0.011770722,0.06361199,-0.028800705,-0.014810164,-0.05363989,0.023199935,-0.0040554353,0.009141093,-0.0055950778,-0.015698092,-0.0022710436,-0.027480198,-0.015026455,0.0019466089,-0.03160109,0.031805996,-0.008355619,0.036905885,0.03711079,-0.015686708,0.011987013,-0.0030109826,0.0035232482,0.03642777,-0.0092947725,0.0066765267,-0.013671797,0.030121211,-0.019477472,-0.004624619,-0.0008395462,0.019841751,0.006061808,0.06516017,0.0040725106,-0.021754209,0.008947571,-0.005555235,-0.043940995,-0.025203463,-0.0014983766,0.020388167,-0.0030821308,0.000051671224,-0.004448172,0.017701618,0.0070863394,0.005079966,0.01553872,-0.030439954,0.011548741,-0.0066992943,0.03030335,-0.0155614875,0.01024531,-0.013022928,0.024998557,0.0068074395,-0.034059964,-0.009198012,-0.018839987,0.012590348,0.030826999,-0.0020376784,-0.019545775,0.010609588,0.02324547,-0.00081677886,0.0019665302,-0.0016050986,0.03039442,-0.007871813,-0.07331088,-0.018020362,-0.015857464,-0.025431136,0.041391052,0.00010191949,-0.010694965,-0.0026993547,0.016073752,-0.03770274,0.011247073,0.044919994,0.011873175,0.009556597,0.008771123,0.031259578,-0.029916305,0.010928331,-0.01751948,-0.01832772,0.020649992,0.018008979,-0.027502965,-0.050224785,0.015299663,-0.040867403,-0.008310085,-0.025863716,0.0275485,-0.015242744,-0.0022055875,0.0069895783,0.021560686,-0.0019636843,-0.020786595,-0.0060219653,-0.018396024,-0.002438953,-0.03289883,0.0397518,-0.0040440513,-0.050589062,0.007940115,0.005484087,-0.0061984127,-0.0170869,0.011440597,-0.0050742743,-0.16146609,0.009579365,-0.0049006734,0.030166745,-0.020080807,0.00208179,0.0231544,-0.0142068295,-0.0009804192,-0.03135065,0.028550263,-0.0049888967,0.016813692,-0.00008093083,0.021788359,0.0064090104,0.0019366482,0.027912777,0.020775212,0.012191919,0.010467292,-0.03182876,-0.0077807438,-0.027958313,0.0026438592,0.047447167,-0.017325958,0.004946208,-0.003460638,0.011759339,0.03649607,-0.024770882,0.037998717,-0.026387366,0.0069042007,0.03239795,0.021788359,0.024338303,0.008867885,0.014013307,-0.0039387527,0.012772487,0.019135961,-0.026728876,-0.035426006,-0.004593314,0.031555556,0.00500028,-0.016825076,0.00008182018,-0.008367003,0.030713163,-0.017314574,-0.0075018434,-0.014753247,0.014821548,0.0120211635,0.024247233,-0.019170113,-0.016346961,0.027206989,0.03374122,0.007166025,0.026205227,0.23404841,-0.042962,-0.0016122133,-0.017917909,-0.01244236,-0.0012109387,0.013091229,-0.013318903,0.016563252,-0.00006705698,0.037953183,-0.016085137,0.014514189,0.016198974,-0.01730319,-0.004305876,-0.044874456,-0.009545214,-0.004098124,-0.01454834,0.020410934,-0.007069264,0.010934022,-0.00089433015,-0.0110023245,-0.0014955307,-0.0077124415,-0.011258457,0.0181342,-0.013364438,0.02086628,0.0019209957,-0.013705948,-0.048767675,-0.013466891,0.009135402,-0.0055580805,-0.03884111,0.035585377,0.0060333493,-0.00061792025,0.008059644,-0.00004368931,0.050907806,-0.010860029,-0.005612153,-0.00873128,-0.013626263,-0.008856501,0.015493185,0.0021102494,-0.023860188,0.022516914,-0.009977793,-0.01946609,0.036564372,-0.00089433015,-0.010103014,-0.004448172,-0.014366201,-0.016938912,0.0047099967,-0.011070627,0.006648068,0.012248837,0.023291005,-0.010353455,-0.024861952,-0.01200978,-0.03959243,0.021458233,-0.013922238,0.0025342912,-0.0022681977,0.01733734,-0.00875974,-0.012886323,0.0006659451,0.0014101531,-0.018635081,0.018862754,-0.030553792,0.012806637,-0.0064773127,0.0014137105,-0.021241942,-0.027138688,-0.035403237,-0.028527496,0.030030143,-0.014468654,-0.012966009,0.0074164663,0.028481962,0.017599165,-0.003423641,-0.021754209,-0.006073192,0.01751948,0.01847571,0.009693202,-0.014309282,-0.03909155,-0.01854401,-0.0059195124,0.05459612,0.008179173,0.027320826,0.021594837,0.009437068,0.036746513,0.00036214324,-0.01915873,-0.0021685907,0.001696168,-0.04822126,-0.003489097,0.030098444,0.001079315,0.0065000798,0.0020945966,0.011326759,-0.01798621,0.013091229,-0.012601731,0.017041365,-0.027798941,0.024543209,0.0133530535,0.010478675,-0.017234888,0.018407406,-0.03333141,0.009772887,-0.02711592,0.002539983,0.00014540869,0.029164983,0.0085036075,-0.0032728072,-0.001181768,-0.012499278,-0.02411063,-0.011827641,0.00067128125,0.0506346,-0.008361312,0.0014756093,-0.023302387,0.033445247,-0.008645903,-0.013136764,0.0021657448,0.013273369,-0.028140452,-0.029142216,-0.045466408,0.0025357143,-0.03212474,-0.0075416863,0.0041521965,0.014001924,0.0058796695,-0.0023478835,-0.007968575,0.01000056,-0.009607824,-0.0048181415,0.036883116,0.0058739777,0.0071603335,-0.003952982,-0.03135065,0.011497514,0.0018128507,-0.029301586,0.014514189,-0.0073993905,0.0039757495,0.016677087,-0.010871412,0.003079285,0.0002806788,-0.005219416,0.024520442,-0.008014109,0.0024133397,0.025340067,-0.01532243,-0.026114156,0.011736572,0.026956549,0.0090671,0.000020666266,-0.004977513,0.005484087,0.009641975,-0.009915183,0.0042916466,0.005364558,0.03615456,0.007940115,0.023473144,0.0026552428,-0.005717452,-0.04389546,0.031805996,-0.029119447,-0.06415841,0.025340067,-0.005156806,-0.0225966,-0.014218213,-0.01968238,0.0038049943,-0.014958153,-0.034378707,0.025613274,0.041459356,-0.037748273,-0.033946127,0.004388408,0.021515151,0.054277375,-0.0059536635,-0.0017701619,0.010450216,-0.00046103896,-0.0090443315,0.031282347,-0.016665705,-0.013797018,-0.02513516,0.030189514,0.016153438,0.029415423,0.0033496472,-0.006568382,0.032147504,0.010712041,-0.0012393979,-0.027867243,-0.028550263,0.008196248,0.0352211,-0.010512826,-0.02677441,-0.019170113,-0.014753247,0.031145742,-0.029734166,0.013865319,-0.022437228,0.033900592,-0.00628379,0.0037395381,-0.018236652,-0.0012529161,0.017109668,-0.010655122,-0.010945406,-0.021458233,-0.07531441,0.0198076,0.0022738897,-0.010768959,0.019261183,0.004260341,0.004061127,0.016085137,0.010529902,-0.011156004,0.012863556,-0.00057416427,0.0046758456,0.00947122,0.010376222,-0.021105338,0.014593875,0.0015851771,-0.0028758016,-0.011133237,-0.019170113,0.0027278138,0.002934143,-0.062974505,-0.0076327557,0.017382875,-0.017565014,-0.03642777,-0.0037936105,-0.010040403,0.008771123,-0.020479236,-0.01751948,0.0040497435,0.027798941,0.0003617875,-0.0028160373,-0.01807728,0.018441558,-0.017075516,0.019511623,0.005304794,-0.022175403,-0.0074733845,-0.029392656,-0.0111673875,-0.0028103455,-0.008497915,0.088974826,0.026319062,0.025636042,0.0011305414,-0.03039442,-0.010387606,0.019352252,0.0253173,0.030576559,0.0352894,0.019762065,-0.0109397145,-0.0063862433,0.027616803,-0.0038249157,-0.0070066536,-0.0065456145,0.022892576,-0.059286192,-0.0068074395,0.0014969537,-0.03658714,-0.090431936,0.028732402,-0.028368125,0.020991502,0.010905563,-0.00487506,0.021913579,-0.0033809522,-0.007997033,0.006710678,0.0012735489,0.008293009,-0.0067732884,0.017314574,-0.026114156,-0.01712105,0.0028729558,0.023006413,0.014491422,-0.0071831006,-0.035767514,0.0079002725,0.015504569,0.008998797,0.016813692,-0.016734006,-0.009630592,-0.015994066,-0.0023791885,0.026706107,0.061244186,0.006426086,-0.017895142,0.0014158449,-0.0010842953,-0.020126343,0.000864448,0.0035573994,0.034037195,0.0032728072,0.0018100047,0.006847282,-0.023450376,0.0012806638,0.006397627,-0.018316338,0.0050287396,0.025044091,-0.00176447,0.0020519078,-0.03064486,0.03358185,-0.013398589,0.0030821308,-0.040343754,-0.017075516,0.013967773,-0.0073538558,0.012670034,-0.0073197046,-0.008657287,0.0029512185,0.004448172,-0.010660814,-0.008088103,-0.01919288,-0.037543368,-0.0100233285,-0.0075075356,0.0055836937,-0.013239217,-0.0074790763,-0.009135402,0.020342631,-0.024748115,-0.038727272,0.017200736,-0.0062439474,-0.017576398,0.04639987,-0.0070806476,0.03909155,0.022767356,0.06757351,-0.012339907,0.036564372,0.025681578,-0.0037509217,-0.0091695525,-0.006215488,0.017508097,0.016699854,-0.01566394,-0.037998717,-0.0013482543,0.00038811227,-0.025248997,0.008116562,0.0063748597,-0.01411576,0.019272566,-0.019420555,-0.0142295975,-0.00062645803,0.00015528048,-0.015208594,-0.037497833,-0.0043770242,0.021219175,-0.015550104,0.00112983,-0.013922238,0.0049888967,0.01677954,0.032989897,0.007803511,-0.013455507,0.030166745,-0.019329485,-0.020547539,0.0054243226,-0.001448573,-0.02461151,0.004083894,-0.023632515,0.015584255,0.023177167,0.021765592,-0.00071147986,0.022175403,-0.0008907728,0.023017796,-0.009448453,-0.010934022,-0.00479822,0.0096704345,0.030690394,0.0027150072,-0.0018598083,0.005885361,-0.0153110465,0.00012744383,0.017280422,-0.0013425625,-0.0024617203,0.0072627864,-0.0020248718,-0.011827641,0.020593073,-0.01950024,-0.018020362,0.009920876,-0.036632676,-0.013444124,-0.024156164,-0.008412538,-0.012920475,0.041527655,-0.012704184,0.025613274,-0.025795413,0.0021330167,0.02850473,-0.0030650552,-0.009021564,0.011309684,-0.025203463,0.0069668107,0.0032784992,-0.0139791565,0.007069264,0.0049262866,-0.003107744,-0.001627866,-0.009180936,0.06361199,-0.0041778097,0.005449936,0.0198076,0.013660413,0.003568783,-0.017109668,-0.017325958,0.003813532,-0.028436426,0.030462721,0.026592271,0.002473104,0.006670835,0.016517716,-0.026956549,-0.011025092,-0.03401443,0.009203703,0.030940836,-0.015504569,0.005395863,-0.0017189353,-0.006898509,-0.01498092,0.007154641,-0.002689394,0.030189514,0.005828443,-0.009567981,-0.000041332532,0.009351691,0.018088663,0.012078082,0.027184222,-0.030462721,0.004311568,0.015288279,-0.013614879,0.0048494465,0.029893538,0.015265511,0.0077067497,0.002335077,-0.023905722,0.0042973384,-0.00014985545,0.0018612313,-0.021128105,-0.021219175,0.022642136,0.024338303,0.047856983,0.0014983766,-0.009602132,0.004166426,-0.034879588,-0.0055751563,-0.015174442,0.011457671,0.008902036,0.009106942,0.03442424,-0.006238255,-0.037930414,0.017849607,0.013637646,-0.0043144138,0.0297797,-0.0017417027,-0.015094757,-0.01915873,-0.0018498476,0.02584095,-0.006323633,0.014275132,-0.038727272,0.006898509,0.03772551,0.017701618,0.020410934,0.025613274,-0.00020526194,-0.013933621,-0.007035113,0.01959131,-0.019955587,-0.0112983,0.006249639,-0.0110194,-0.02027433,-0.005054353,-0.015402116,0.023860188,0.034720216,0.0040895864,-0.018623697,-0.0037736893,0.03426487,0.0165291,-0.049997114,-0.0077465926,0.012670034,0.036359467,-0.015242744,-0.013159531,-0.03371845,0.021219175,0.012100849,-0.011229998,0.032420713,-0.0007456309,-0.01364903,0.007592913,0.011446288,0.013387205,-0.01677954,-0.003460638,0.027457431,-0.002685125,0.025408369,0.0153110465,-0.0019195727,0.0027036234,-0.00981273,0.002046216,-0.028459195,0.0029113756,0.029552028,-0.015015071,-0.014013307,0.0041038156,0.024247233,0.019921437,0.00020117093,-0.0020262946,-0.017018598,-0.014867083,0.028641334,-0.00500028,0.008560525,0.039797336,-0.025089625,-0.015128908,0.018487092,-0.025544973,-0.007245711,-0.0009967833,0.011594276,-0.0010259539,0.026615039,-0.00622118,-0.010723424,-0.010046096,-0.018874137,-0.020354016,0.03141895,0.011634119,0.013421356,0.0045136283,-0.009607824,-0.0069269678,-0.0090443315,-0.0010309343,0.027912777,-0.05140869,-0.012408209,0.013865319,-0.019727914,0.00026840577,-0.02736636,-0.0474927,0.023700817,0.026523968,0.0040440513,0.018498477,-0.008850809,-0.0048665223,-0.002827421,-0.00012806637,-0.014275132,-0.008776816,-0.040844634,-0.0073026293,-0.02324547,0.018828603,0.009528139,0.0010892757,-0.01860093,-0.0038220698,-0.0011276955,-0.0075416863,0.0066765267,-0.0076099886,0.0110023245,-0.029734166,-0.021071188,0.003602934,-0.019215647,-0.0011099086,0.028481962,-0.0036484688,-0.013819785,0.018464325,0.04141382,0.010569745,0.013307519,0.025772646,-0.018111432,-0.01086572,0.015071989,-0.044214204,-0.0109397145,0.00048345057,0.018122815,-0.008583293,0.0107405,0.015811928,0.0077181333,0.0071887923,-0.0052706427,0.003423641,-0.014343434,-0.029119447,-0.008367003,0.019568542,0.027161455,-0.001976491,0.030462721,-0.0318743,0.03649607,0.021617604,-0.0009434223,-0.0007456309,0.008298701,-0.0047555314,-0.0057345275,-0.0003767286,-0.039933942,-0.014184062,0.0034435624,-0.014616642,0.015447651,0.0055324673,0.0052848724,-0.025795413,0.00776936,0.026273528,-0.025863716,0.030940836,0.008224707,0.0016307118,0.018487092,-0.011975629,0.03399166,0.029005611,0.003952982,-0.0077921273,-0.0040241303,0.0025058321,-0.022881193,0.004946208,-0.044214204,0.0005097753,0.016494948,-0.013193683,-0.0120211635,0.018088663,0.012931858,-0.0165291,-0.0081279455,0.048084654,0.014730479,-0.01024531,-0.019318102,0.001163981,0.038249157,-0.03303543,-0.028254287,0.010484368,0.013261984,-0.002434684,0.027662337,-0.008384079,0.03116851,-0.00080752966,0.0008004148,-0.0042148065,0.0011355218,0.03385506,0.02427,-0.018908288,0.008930495,0.009465528,0.05568895,0.032762226,-0.027434664,0.0081279455,-0.014616642,0.0056946846,-0.024793651,-0.017439794,0.020433702,0.05992368,-0.032420713,-0.009340308,-0.0150606055,-0.007997033,-0.035403237,0.0032244266,-0.01795206,-0.028368125,-0.019864518,0.004172118,0.02427,0.006255331,0.014218213,-0.008190556,-0.0165291,-0.004348565,-0.010586821,-0.009710277,0.018054513,0.009431377,-0.011759339,0.018931055,-0.010626663,-0.01915873,0.010860029,0.031532787,0.025112392,-0.019841751,0.0039415983,0.005999198,-0.035539843,0.012590348,0.012203302,0.0102737695,-0.005185265,-0.008993105,-0.005290564,-0.003637085,-0.015994066,-0.020775212,0.025066858,-0.010063171,-0.0042546494,-0.029051146,-0.016961679,-0.02401956,-0.014377585,0.012635882,-0.020410934,-0.019375019,0.011349526,0.000590884,-0.020342631,-0.0072798617,-0.0016207511,-0.015800545,-0.0012166306,-0.027525732,0.030553792,-0.04241558,-0.02463428,-0.007814894,0.017166587,-0.010097322,-0.0078376625,0.010427449,0.0002463499,-0.0074164663,0.0036541605,0.014753247,0.0056235367,-0.005908129,0.016210357,0.0128749395,0.0043997914,-0.018145582,-0.030895302,-0.010973865,-0.00925493,-0.019090427,-0.0075530703,0.025681578,0.009624899,0.017758537,0.036723744,0.008486532,0.0061927205,-0.04045759,0.0028032307,0.020672759,-0.022050183,0.007763668,-0.026615039,0.033627383,0.002652397,0.014388968,-0.009920876,0.00041052388,-0.0031959675,-0.006317941,0.0320109,-0.009106942,-0.024338303,-0.012852172,0.009858265,-0.02005804,0.0016193282,0.0053133317,-0.027935546,0.0039757495,-0.041436587,-0.024087861,-0.0065626903,0.019227032,-0.015367965,-0.01699583,0.027411897,0.0028871852,-0.01123569,-0.0024859107,0.041709796,-0.0006887125,0.028208753,0.017132435,0.08141606,-0.01919288,-0.001200978,-0.015766393,-0.0045363954,0.002931297,-0.016768157,-0.04000224,0.04216514,0.017280422,0.00521657,0.01665432,-0.012043931,0.023006413,-0.025636042,0.020183261,-0.024816418,-0.017018598,-0.0030280582,0.028891774,-0.0048551387,-0.0028928772,0.00615857,0.018282186,0.0069838865,-0.02581818,0.054869328,-0.011241382,-0.006147186,0.031031905,-0.02349591,0.0045733927,-0.02584095,-0.020183261,0.0010522787,-0.00088792684,-0.003671236,-0.04218791,-0.021458233,0.024338303,-0.002293811,0.018350488,0.0023863034,0.01847571,0.0083157765,-0.03451531,-0.016973063,0.006642376,-0.03556261,0.034856822,-0.01665432,0.0031618164,-0.01971653,0.02463428,0.038977712,-0.0041436586,0.006352092,0.008213324,0.00069725025,-0.00947122,-0.00677898,-0.009818422,-0.004550625,0.006961119,0.01965961,0.006665143,0.037270162,0.02850473,-0.0020077962,-0.004621773,-0.019784832,-0.029620329,-0.010683581,0.012977392,0.0032699613,0.0045050904,0.019295333,0.044236973,-0.0053190235,0.047037356,-0.016472181,-0.03822639,0.0023251162,0.0021728594,0.00056847243,-0.006750521,-0.02918775,-0.01433205,-0.02234616,-0.0035147106,0.0034464083,0.011150313,-0.008167788,-0.029028378,-0.0153110465,0.014821548,0.021890812,0.01111047,-0.008310085,0.0417781,0.03371845,0.06702709,0.0032756533,0.012043931,-0.02290396,0.0055950778,0.03804425,0.009243546,-0.030348884,-0.06529678,-0.01061528,-0.0085662175,0.019204265,0.025180696,0.018498477,0.020547539,-0.03210197,0.023165785,0.0024787958,-0.0008722743,-0.0028501884,-0.005908129,0.012840789,-0.017929293,-0.033627383,-0.0110194,0.039228152,-0.025749879,-0.015994066,-0.011907327,-0.014639409,0.03797595,0.0010060326,-0.012260221,-0.00069013546,-0.033422478,0.011964246,0.021515151,0.006744829,-0.0048238332,-0.009021564,0.00910125,-0.019272566,0.0059935064,0.021811126,-0.02216402,0.020137725,0.004277417,-0.027457431,-0.0021159411,0.045603015,0.040935706,-0.009824114,-0.013136764,0.029483724,-0.006107343,-0.021150874,0.025408369,-0.010131473,-0.011964246,-0.03494789,0.0049234405,0.0061870287,-0.0044083293,0.0063634757,0.008122254,-0.0012144961,-0.0103363795,-0.012282988,0.012043931,0.004334335,-0.026114156,-0.04045759,-0.010786034,0.011195847,-0.003955828,0.01188456,-0.03854513,0.0067619043,0.028277056,-0.014377585,-0.0041863476,0.1286811,0.008190556,-0.045489177,0.023165785,0.0029042608,-0.057100527,-0.0065171556,0.00025488765,-0.0062439474,0.03253455,-0.017348725,-0.013535193,0.052729197,0.010512826,0.021128105,-0.029028378,0.008338544,0.0044908607,0.037748273,-0.015140291,-0.052455988,-0.019762065,0.0023877264,-0.024178931,0.029301586,-0.015242744,0.023211319,0.024315536,-0.0019167267,0.0010444524,0.011053551,0.006215488,-0.016586019,0.02823152,-0.04451018,0.026979316,0.0030166747,-0.00473561,-0.03563091,0.035266634,0.020410934,-0.019249799,-0.005620691,-0.012840789,-0.03624563,-0.002231201,0.015026455,0.014343434,-0.029005611,0.015709475,0.00069689454,-0.012681417,0.044350807,0.02002389,0.016415263,-0.019523008,-0.03271669,0.049587302,0.02952926,0.017382875,0.005304794,0.04364502,-0.013330286,0.007194484,-0.013660413,-0.0052791806,-0.04166426,0.009425685,-0.013261984,0.008446689,-0.019135961,0.024178931,0.022733204,-0.020137725,-0.031965367,-0.01946609,0.009363075,0.017758537,0.01674539,-0.017849607,0.008873577,0.0052507212,0.008384079,-0.0013340247,0.0061244187,0.009141093,0.015686708,0.013227833,0.000053405456,-0.020843513,-0.017940676,0.0034037197,0.008879269,-0.00023799001,-0.0026253606,-0.017246272,-0.0058512106,0.007171717,0.008133638,0.03829469,0.004869368,-0.047401633,0.004698613,-0.0019892976,-0.019033508,0.01773577,-0.016119288,-0.012294372,0.010660814,0.005114117,0.0020447932,0.015584255,0.009437068,-0.014776014,-0.037042487,0.026933782,0.0137287155,0.018213885,0.0068643577,-0.012419593,0.011315376,-0.0024560285,-0.0061642616,-0.009562289,-0.020786595,0.007171717,0.00699527,-0.020354016,0.005549543,0.028299823,0.0006314384,0.018612312,-0.017849607,0.00600489,0.021002885,0.029119447,-0.018589545,-0.007945807,-0.030439954,-0.0021344395,0.0059138206,0.004624619,-0.03772551,-0.007063572,0.034720216,-0.02668334,-0.024383837,-0.01278387,-0.011839025,-0.035926886,-0.017815456,-0.0023364997,-0.03588135,-0.043280743,-0.010330687,0.0009775733,0.010945406,0.013296136,-0.018680615,0.0341055,-0.016096521,-0.0041891932,0.018452942,0.027343594,0.009493987,-0.028254287,-0.034333173,0.012032547,0.015925765,0.0041038156,-0.009755812,0.021446848,-0.020240178,0.011918711,0.0053844796,-0.013705948,0.009511063,0.0017360109,0.0052108783,0.007450617,0.029984606,-0.028527496,-0.011138929,-0.008145021,0.004556317,0.011042167,-0.0010280884,0.0019266874,0.009772887,0.027320826,0.010694965,-0.017417027,0.0029284512,-0.005674763,-0.0038277616,-0.006335017,-0.0041436586,0.0012571849,0.0019466089,-0.0043257973,0.0052080327,0.024907487,-0.029688632,-0.009158169,-0.016483566,-0.0026737412,0.012692801,0.011406445,-0.026296295,0.007234327,-0.01117308,0.009220779,0.016938912,0.031714927,-0.022630751,0.002931297,0.022403078,-0.020183261,-0.021310244,-0.006704986,0.010239618,0.009442761,-0.05646304,0.013922238,0.0069440436,0.009920876,0.005435706,-0.03426487,-0.0001240643,-0.047902517,0.060697768,-0.038089786,0.0020376784,0.01739426,0.027685104,0.021435466,-0.025522206,0.026865479,0.015959917,0.00035627355,0.04633157,-0.019113194,-0.007268478,0.027662337,-0.023017796,0.018407406,-0.0011511744,0.0003874008,0.011321068,-0.0023763427,-0.026000319,0.008236091,-0.01061528,0.0072286353,0.008537758,-0.0053588664,-0.008452381,0.0008993105,-0.009858265,-0.048585538,-0.00987534,0.0018569625,-0.011952861,-0.0125220455,-0.038340226,-0.03478852,-0.019727914,0.013546577,-0.01885137,0.00628379,0.0051795733,-0.030121211,-0.02281289,0.02374635,-0.0011106201,-0.020775212,0.019295333,-0.005620691,-0.016039602,0.0076099886,0.00749046,0.0073766233,-0.013523809,0.014058842,0.036109027,-0.014400353,0.004670154,-0.0075018434,0.014924002,-0.0018270803,-0.019329485,0.0053190235,-0.010763267,-0.021071188,-0.022027416,0.01606237,0.0030052909,0.013489658,-0.020968735,0.040935706,0.010125781,-0.026364598,0.014400353,-0.014753247,-0.020410934,0.016563252,0.04364502,-0.009334615,0.005085658,0.027867243,-0.00048771943,-0.021093955,-0.0017160894,0.0023222703,-0.0048295255,-0.017485328,-0.030576559,0.013523809,0.018213885,-0.017963443,0.030713163,0.007581529,0.011839025,0.011907327,-0.008071028,-0.035676446,0.015015071,0.050680134,0.015948532,0.063930735,-0.0044709393,-0.013592111,-0.04020715,-0.013068462,0.007370931,0.017997595,-0.051044412,0.01572086,-0.0057601407,0.011736572,-0.0077864355,0.0023137324,0.007166025,-0.03374122,0.009881033,0.025180696,0.015402116,0.008907728,0.0015254128,-0.018122815,0.009846881,-0.005259259,-0.002084636,-0.045466408,-0.033786755,-0.036382236,-0.004169272,0.018373257,-0.022619369,-0.013899471,-0.018065896,-0.001395212,0.0043997914,-0.022721821,0.000050292732,0.024042327,-0.023837421,-0.02763957,0.0077465926,0.015003687,0.006335017,0.02736636,0.0022098564,-0.01123569,0.0011753647,-0.0069895783,-0.0065797656,-0.0033667227,-0.0028943,-0.0042631873,0.04070803,0.01677954,0.001521144,-0.021833893,-0.0022183943,-0.016198974,0.019329485,0.008788199,-0.02074106,0.03467468,-0.0001400726,-0.027776174,0.012339907,-0.008452381,-0.010683581,0.005688993,-0.058329966,-0.028026614,0.015379349,0.03574475,-0.002150092,-0.008281626,0.0077295173,-0.039478593,0.010324996,-0.001660594,0.0145824915,-0.016290043,0.015345197,0.02234616,0.024406604,0.026933782,-0.02850473,0.011423521,0.029142216,0.010985249,-0.0018839986,0.019079044,0.004599006,0.01717797,-0.001696168,-0.022141254,-0.028618565,0.010598204,-0.021173641,-0.0043912535,0.0025840949,-0.0275485,0.0024588744,-0.010040403,-0.018065896,-0.0015268357,-0.025795413,-0.03950136,-0.030212281,-0.0012529161,-0.0056406124,0.020035272,0.0022070105,0.02061584,-0.0041550426,0.0055011623,0.009323232,-0.006101651,-0.061653998,0.007240019,0.009055716,0.005862594,-0.02436107,0.01919288,-0.03936476,-0.03030335,0.0023236931,0.00090927124,-0.00572599,-0.0046815374,0.03401443,0.027138688,-0.00045570286,0.0026765873,-0.0025997474,-0.04940516,0.017314574,-0.016016835,-0.028277056,-0.028117685,0.0006307269,0.012294372,0.0052308],"index":0,"object":"embedding"}],"model":"embedding-3","object":"list","usage":{"completion_tokens":0,"prompt_tokens":454,"total_tokens":454}}

2026-03-27 21:06:35.689 [tomcat-handler-21] DEBUG c.a.rag.gateway.cache.EmbeddingCache - Cached embedding for textHash: 3b571b4c14236cca637c1b33823f73fc14f6a907f52d91f1049a389a8f2e8aeb, vector dimension: 2048
2026-03-27 21:06:35.689 [tomcat-handler-21] DEBUG c.a.rag.gateway.EmbeddingGateway - Embedding 已缓存：textHash=3b571b4c
2026-03-27 21:06:35.703 [tomcat-handler-21] DEBUG c.a.r.service.impl.VectorServiceImpl - 向量已写入 Redis: chunkId=8, vectorSize=8192 bytes
2026-03-27 21:06:35.703 [tomcat-handler-21] DEBUG c.a.r.service.impl.VectorServiceImpl - 切片向量化成功: chunkId=8
2026-03-27 21:06:35.704 [tomcat-handler-21] DEBUG c.a.rag.gateway.cache.EmbeddingCache - Embedding cache miss for textHash: 1d1aabb847dda88648219d968764a652c0c3aa3da8754c24b09f5dc066da6697
2026-03-27 21:06:35.705 [tomcat-handler-21] INFO  c.a.rag.gateway.EmbeddingGateway - 调用 Embedding API：model=embedding-3, textPreview=M enrollments WHERE grade < 60; 第三章：数据库设计3.1 范式理论规范化是减少数据冗余、避免更新异常的过程。第一范式 (1NF)每个属性都是不可分的原子值。第二范式 (2NF)在1NF基础上，非主属性完全函数依赖于候选键。第三范式 (3NF)在2NF基础上，非主属性不传递依赖于候选键。BCNF (Boyce-Codd范式)每个决定因素都是候选键。3.2 ER模型设计...[truncated]
2026-03-27 21:06:35.707 [tomcat-handler-21] INFO  d.l.h.client.log.LoggingHttpClient - HTTP request:
- method: POST
- url: https://open.bigmodel.cn/api/paas/v4/embeddings
- headers: [Authorization: Beare...9Y], [Content-Type: application/json]
- body: {
  "input" : "M enrollments WHERE grade < 60; 第三章：数据库设计3.1 范式理论规范化是减少数据冗余、避免更新异常的过程。第一范式 (1NF)每个属性都是不可分的原子值。第二范式 (2NF)在1NF基础上，非主属性完全函数依赖于候选键。第三范式 (3NF)在2NF基础上，非主属性不传递依赖于候选键。BCNF (Boyce-Codd范式)每个决定因素都是候选键。3.2 ER模型设计ER图（实体-联系图）是数据库设计的工具。实体：用矩形表示属性：用椭圆表示联系：用菱形表示实体：用矩形表示属性：用椭圆表示联系：用菱形表示第四章：事务管理4.1 事务的ACID特性原子性 (Atomicity)：事务是不可分割的工作单位一致性 (Consistency)：事务执行前后数据库状态一致隔离性 (Isolation)：并发事务之间互不干扰持久性 (Durability)：事务提交后，结果永久保存原子性 (Atomicity)：事务是不可分割的工作单位一致性 (Consistency)：事务执行前后数据库状态一致隔离性 (Isolation)：并发事务之间互不干扰持久性 (Durability)：事务提交后，结果永久保存4.2 并发控制并发控制的主要技术包括：锁机制：共享锁(S锁)、排他锁(X锁)时间戳排序多版本并发控制(MVCC)锁机制：共享锁(S锁)、排他锁(X锁)时间戳排序多版本并发控制(MVCC)第五章：索引技术5.1 索引类型B+树索引：最常用的索引结构哈希索引：适合等值查询位图索引：适合低基数列B+树索引：最常用的索引结构哈希索引：适合等值查询位图索引：适合低基数列5.2 查询优化查询优化器的任务是为查询选择最高效的执行计划。-- 创建索引 CREATE INDEX idx_student_name ON students(name); CREATE INDEX idx_enrollment_grade ON enrollments(grade); -- 查看执行计划 EXPLAIN SELECT * FROM students WHERE department = '计算机'; 参考文献",
  "model" : "embedding-3"
}

2026-03-27 21:06:36.068 [tomcat-handler-21] INFO  d.l.h.client.log.LoggingHttpClient - HTTP response:
- status code: 200
- headers: [:status: 200], [content-type: application/json; charset=UTF-8], [date: Fri, 27 Mar 2026 13:06:35 GMT], [server: ZenZGA/2.4], [set-cookie: acw_tc=276077f017746167957834664ebcd0ac1ae8a088a25c347b00c4f46f7b31f5;path=/;HttpOnly;Max-Age=1800], [strict-transport-security: max-age=31536000; includeSubDomains], [vary: [Accept-Encoding, Origin, Access-Control-Request-Method, Access-Control-Request-Headers, Origin, Access-Control-Request-Method, Access-Control-Request-Headers]], [x-log-id: 20260327210635405fdef894a14a06]
- body: {"data":[{"embedding":[-0.017111717,0.010719212,-0.018569255,0.035600636,-0.041935757,-0.003589329,-0.011218446,-0.011052035,-0.009393656,0.0193841,0.019131612,0.011132372,-0.021128552,-0.012360375,-0.0032335522,-0.027360385,-0.01886765,0.0016741594,0.019372622,-0.025524117,-0.015286927,0.02938028,-0.02554707,0.019693969,-0.012325945,-0.017685551,0.0050726887,-0.0077697067,0.02114003,-0.044850834,0.017169101,0.054399423,0.020015316,0.017582262,-0.0015565236,0.045906685,0.0074885283,-0.0028232613,0.019946456,-0.005075558,-0.026350439,-0.0021246187,0.027360385,-0.018179048,0.0069261715,-0.0018434403,-0.073083445,-0.028439192,0.033328254,0.02182863,0.0011196928,-0.021220366,0.02368785,0.006426936,-0.014070399,0.0074598365,-0.0051673716,0.047283888,-0.0061400193,0.024628937,-0.009852722,0.012291515,0.001469014,0.013496566,0.00720735,-0.00088083453,-0.031813335,-0.029219607,-0.016365733,0.010489678,0.02662588,0.08024489,0.004972268,0.0020055484,0.0045017246,0.004062742,-0.005592008,-0.02055472,0.017915085,0.009715003,0.0016641174,0.019326715,-0.00551741,0.031400174,-0.017708505,-0.006662208,-0.012475142,0.008286157,0.01596405,0.011057774,-0.019234901,0.00061256735,-0.00077395805,0.0043295743,0.04372612,0.012544002,-0.04065037,0.024009198,0.014472083,0.017433064,0.004871847,0.012601386,0.009387918,-0.006886003,-0.0033425807,0.009175599,0.00220639,0.002227909,0.0207613,0.007815613,-0.026648832,-0.0006315756,-0.019062752,0.023056634,0.031423125,0.009284628,0.0014675794,-0.018328244,0.0012143754,-0.009250198,-0.005451419,-0.025983185,0.0047943797,-0.018500395,0.019200472,-0.0042291535,-0.0067769745,-0.0050353897,0.0051501566,0.011746374,0.043060474,-0.006799928,0.12183635,-0.018661069,0.0305509,0.0028433455,0.020394046,0.01689366,-0.0069778166,0.02062358,0.016664127,-0.007941857,0.03438411,-0.03583017,-0.019613631,-0.09162974,0.038125504,0.02251723,-0.014678664,-0.021805676,-0.029357327,0.036541723,0.016710034,0.025799558,0.005511672,-0.025110958,-0.026120905,0.0011218446,-0.016193584,0.01438027,-0.08667182,0.01668708,0.00882556,-0.009485469,-0.0008248858,-0.019441482,0.012968639,0.005979346,0.0043611354,0.004197593,0.015918143,0.0046882206,0.0028333033,-0.00513868,0.04592964,0.024766658,0.020003838,-0.027819453,0.03103292,0.005388297,-0.012486619,0.0011290176,0.03672535,0.011488148,0.046182126,0.008613242,0.017570784,0.044093374,0.031193594,-0.013289986,-0.038010735,-0.016882185,0.00063193426,-0.00038877226,-0.0058444953,-0.017387157,-0.0023455448,0.007195873,0.020187465,0.018362675,-0.005962131,-0.007258995,0.0026295923,-0.028921213,0.01455242,0.00568956,0.021771247,-0.008010717,0.013439182,0.008555858,0.013542472,0.009319058,-0.028462145,0.020967878,0.032915093,0.017880654,0.030229554,0.007941857,0.010633136,-0.031078827,-0.0026439382,-0.04071923,0.005359606,-0.015183637,-0.023596037,-0.00032242274,-0.020738347,0.008768178,-0.058117867,0.056419317,-0.0021059692,-0.03599084,0.0028390416,-0.04537876,-0.042991612,-0.0064039826,-0.006886003,-0.014081876,-0.03672535,-0.048293836,-0.017456017,0.022735287,0.00775823,0.0020658008,0.00693191,0.016526407,-0.012681723,0.014472083,0.01592962,0.019211948,0.0017874916,-0.0466871,-0.0021705255,-0.028117845,-0.0132785095,0.006030991,-0.0033942256,-0.005333783,-0.014391746,0.021300703,0.0069089564,-0.020405522,-0.013955633,0.020428475,-0.027039038,0.016652651,0.003382749,-0.003368403,0.036151517,-0.01482786,-0.033695508,-0.011683252,-0.013634286,0.0045734537,0.016939567,0.040902857,0.01534431,-0.012383329,0.026878364,0.08130074,-0.015665658,-0.005864579,-0.05072689,0.0088485135,-0.02465189,0.010615922,-0.023297643,-0.019407053,0.01148241,-0.03482022,0.028186705,-0.006754021,-0.00067174394,0.024950285,-0.032869186,0.028944166,0.03137722,-0.008332063,0.006765498,-0.021312179,0.010403603,0.018179048,0.010570015,0.0102085,-0.025271632,0.008584551,-0.031193594,0.0037012266,-0.0028648642,0.03410867,0.010506893,0.06780418,0.016205061,-0.0057211206,0.018316768,0.01589519,-0.038997732,0.007155705,-0.012383329,0.0092157675,-0.006868788,0.0026425037,-0.00837797,0.010265883,-0.0016612483,0.017742934,0.015631227,-0.0013807871,0.032295354,-0.028255565,0.031331316,-0.006472843,0.039433844,-0.011327475,0.02896712,0.013645763,-0.018993892,-0.019980885,-0.011723421,0.008492737,0.046572335,-0.01520659,-0.0029165093,-0.0012215483,0.012785012,-0.006610563,-0.010116686,0.011166802,0.025822511,-0.00034663136,-0.044736065,-0.0047456035,0.011809495,-0.033810277,0.025156865,-0.018224955,-0.021174459,0.004338182,0.005589139,-0.0032335522,0.016583791,0.03555473,0.030849293,-0.011614392,-0.016721511,0.015987003,0.024330543,0.013553949,0.0037614792,-0.010610183,0.020187465,0.021633526,-0.025317539,-0.06463662,-0.000080605685,0.012039029,0.01503444,0.0047456035,0.019590678,-0.01438027,0.016928092,-0.0072475183,0.0036352358,-0.010145377,-0.00548298,0.021358086,-0.030091833,0.018523348,0.0026697607,0.030321367,0.0033253657,-0.037230324,0.009192814,0.006392506,-0.01082824,-0.026419299,0.0018577862,-0.00267263,-0.13478203,0.009192814,-0.020095652,0.026373392,-0.014850813,-0.01551646,0.03151494,0.0059162243,0.019315239,-0.03975519,-0.0014704486,-0.000456915,0.010518369,-0.0017745803,-0.003230683,-0.003500385,-0.0022049556,0.039915863,0.0073163784,0.0157919,-0.00021500827,-0.010833978,0.0065876096,-0.011419289,0.0059219627,0.06394801,-0.0063810293,0.010197023,0.005058343,-0.015401693,0.042371873,-0.02237951,0.036151517,0.00036079786,0.0067081144,0.012888302,0.00972648,0.014713093,-0.00389633,0.041063532,-0.011338952,0.00047950968,0.015803376,0.003092963,-0.023228783,0.008630457,0.012475142,0.008527167,-0.014391746,0.03975519,0.0046394444,0.0149770565,-0.010920053,0.0017315429,-0.00544855,0.0077639683,0.010730688,0.01634278,0.018615162,-0.02568479,0.022746764,0.020187465,-0.009055094,0.02547821,0.23944928,-0.01403597,-0.026212718,-0.019498866,-0.01165456,-0.0028289997,0.017283868,-0.012704676,0.037459858,-0.0077238,0.027061991,-0.0011734897,0.014024493,-0.005807196,-0.008326326,0.015883714,-0.030504994,0.008814083,-0.012601386,-0.009158384,0.044667207,-0.0021992172,0.00039486925,-0.001955338,0.00444721,-0.0022020864,-0.027406292,-0.008234512,0.012222655,-0.04420814,0.009255935,-0.016491977,-0.00741393,-0.037804157,-0.019533295,0.00053258927,-0.010770856,-0.042486638,0.033557788,0.010271621,0.0005942764,0.007941857,0.020313708,-0.0024488347,-0.0037012266,-0.023779664,-0.0032019913,-0.024146918,-0.02554707,0.019854642,-0.0098814145,-0.051415488,0.0020112868,-0.0017014166,0.010954483,0.02765878,0.01438027,-0.0308952,-0.015768947,-0.008693579,-0.030527947,-0.016285397,-0.01771998,0.01331294,-0.0057670274,0.022459846,-0.01675594,-0.027039038,-0.005761289,-0.039892912,-0.006220356,-0.0073565464,0.021289226,-0.013565426,0.029632766,0.0021533105,0.0045132013,0.00017017752,0.036702394,-0.018282337,0.00199981,-0.009083786,-0.0014087615,0.0038561616,0.009066571,-0.013335893,-0.0012990158,-0.037574623,-0.012016076,0.017306821,-0.0068745264,-0.016847754,0.009875676,0.011591438,0.0033339732,0.004295144,-0.01720353,-0.009060833,0.01837415,0.004036919,0.01568861,0.010627398,-0.023871478,-0.024858471,-0.0081828665,0.048569273,-0.007959072,-0.0017516271,-0.0010285967,-0.0061457576,0.04113239,0.0075631267,0.006558918,0.010845454,-0.0017286737,-0.027429245,0.0035434223,0.015091823,0.006203141,0.005973608,0.0011311695,0.0018190525,-0.018913556,0.013657239,-0.028301472,0.010868408,-0.04833974,0.023733757,0.002417274,0.025891371,0.0058358875,0.015527937,-0.006220356,-0.0042090695,-0.037873015,0.025386399,-0.011643084,0.025822511,0.0045505003,-0.0052018017,-0.012360375,-0.019774305,-0.015298404,-0.0051530255,0.013450659,0.04317524,-0.026052045,-0.004889062,-0.014288456,0.03890592,0.008739485,-0.0151262535,-0.009227244,0.032433074,-0.038194362,-0.0221385,-0.022666426,-0.0064039826,-0.013909726,-0.026832458,0.0079246415,0.033603694,0.004960791,-0.011970169,-0.024284637,0.00827468,0.015493507,0.0023197222,0.022873007,-0.008337802,0.0027917004,-0.00022953344,-0.027199712,0.018844696,-0.007614772,0.0019940718,0.012739105,-0.0020701047,-0.017306821,-0.012107888,-0.005990823,-0.024330543,0.015700087,-0.004117256,0.014265503,-0.014988533,0.019315239,0.026120905,0.003213468,-0.037046697,0.0059563927,0.0016885053,0.016710034,-0.0013155135,0.0027988732,0.021174459,0.0047714263,0.001405175,0.0015393086,0.00572399,0.0164805,0.0063465997,0.019051274,0.030091833,-0.0288294,-0.028485099,0.02327469,-0.047146168,-0.044873785,0.0022838577,-0.02182863,-0.03651877,-0.040030632,-0.02158762,-0.01592962,-0.010116686,-0.016067341,0.027498106,0.03755167,-0.035508823,-0.04154555,0.0012473707,-0.0092157675,0.078500435,-0.026855411,0.01599848,0.0029050326,-0.014139259,-0.00786152,0.03103292,-0.016113248,-0.009605974,-0.0047943797,0.026304532,0.017800318,0.01902832,-0.022207359,-0.009187075,0.03941089,0.015355786,0.0014259765,-0.012739105,-0.02138104,-0.0029093362,0.01079381,-0.00007240166,-0.0041775084,-0.018615162,-0.011419289,0.014839336,-0.026419299,0.0059678694,-0.048936527,0.05958688,0.0009468254,0.020141559,-0.016629698,-0.00056558475,-0.009135431,-0.025065051,-0.012635816,0.006099851,-0.069227286,0.01661822,-0.026143858,-0.025065051,0.02320583,-0.025248678,0.029701626,0.043542493,0.0015507853,-0.01017407,0.033305302,-0.0045132013,0.020302232,0.010799548,0.010053565,-0.01778884,0.0054370733,0.0022924652,0.01537874,-0.0007291273,-0.016859232,0.015355786,0.013071929,-0.035118617,-0.008664887,0.009697787,-0.029885253,-0.033741415,-0.04544762,0.041316018,-0.023228783,-0.018913556,-0.0035921982,0.019590678,0.033397116,0.03321349,-0.02938028,0.007631987,0.0012179618,-0.0067253294,0.0024158393,0.011407812,-0.0004934969,-0.0051960633,-0.030298414,-0.011568485,0.02478961,-0.0006721026,0.06876822,0.0112414,0.0074885283,-0.021025263,-0.020095652,-0.016813325,0.027039038,0.02444531,0.041224204,0.035049755,-0.0026468073,-0.03190515,-0.032111727,0.014713093,-0.0036524509,-0.01382939,0.00038697902,0.0137949595,-0.041293066,0.02972458,-0.00062727183,-0.023733757,-0.08052033,0.036266282,-0.026970178,-0.0056809527,0.02430759,0.00976091,0.016009957,-0.03631219,-0.01548203,0.012739105,-0.013209649,0.0072532566,0.00087939994,-0.005769897,-0.02862282,-0.0231714,0.0129112555,0.031882193,0.013014546,-0.0047542113,-0.014701616,0.009364964,0.021438424,0.0139441565,0.0023326336,-0.020566195,-0.020589149,-0.002803177,-0.012727629,0.020497335,0.048844714,-0.00734507,0.018018374,0.009869938,0.0041574244,-0.010679043,0.012234132,-0.0032163372,0.0084755225,0.0066335164,-0.008900159,0.010547061,-0.03904364,0.011252876,0.0003891309,-0.028026033,-0.010891361,0.021369563,-0.01603291,-0.012773535,-0.025937278,0.027842406,-0.02678655,0.02862282,-0.03482022,-0.03693193,0.025019145,-0.002375671,0.016113248,-0.024927331,0.009267412,-0.027957173,-0.0052677924,-0.02206964,0.0031675615,-0.008618981,-0.026993131,-0.0146442335,-0.02368785,0.0052907458,0.0030298412,0.007339332,-0.013565426,0.016250968,-0.026947225,-0.02793422,0.011327475,-0.014208119,-0.008326326,0.017088763,-0.007878735,0.028599866,0.028576912,0.07042086,-0.017169101,0.03231831,0.020979356,-0.009491207,-0.00727621,-0.013048976,-0.009846984,0.020233372,-0.032433074,-0.026029091,-0.0066392547,0.0013076232,-0.0018563516,-0.0068573114,-0.009789601,-0.016250968,0.0074942666,-0.0028117846,-0.0011189755,0.0021662218,-0.010426557,-0.009078047,-0.018580731,0.013496566,-0.004510332,-0.0016583791,-0.02158762,-0.011293045,0.019797258,0.0214499,0.0122456085,0.017077288,-0.007339332,0.016078817,-0.021920443,-0.03817141,-0.012027552,0.0034803008,-0.026488159,-0.0031073089,0.0065531796,0.014368793,0.009405132,-0.0011476672,-0.013852343,0.021645002,-0.014747523,0.022505753,-0.006266263,0.004820202,-0.0029437663,0.0037844325,0.017260915,0.012165272,-0.0019381229,0.00077324075,-0.030849293,0.007580342,0.014322886,0.0026683263,-0.016790371,0.015321357,0.020520288,-0.011752112,0.0022781193,-0.009336272,0.029449139,0.0029523738,-0.037046697,0.012785012,-0.013244079,-0.0033569264,-0.025570024,0.016652651,-0.025019145,0.029885253,-0.012291515,0.0055260174,0.014116306,0.005500195,-0.010564276,0.01651493,-0.023435364,-0.0075401734,-0.012716153,-0.041637365,0.016606744,-0.01438027,-0.017398635,0.021805676,0.0020959273,0.09566954,0.01589519,0.018029852,0.011694728,0.009594497,-0.015195114,0.0030814863,0.020061223,-0.0052763997,-0.008504214,0.01551646,0.010833978,0.007809875,0.0006649297,0.020095652,-0.013645763,-0.015424646,-0.003313889,-0.012957162,0.02296482,-0.00008118849,0.0020629317,-0.017042857,-0.024330543,-0.008326326,0.012498096,0.0027228403,0.029058933,0.013852343,0.0014195208,0.00700077,-0.014701616,0.048156116,0.016296875,0.028186705,0.00038124068,-0.00014076855,-0.004220546,-0.023320597,-0.014208119,0.0016842015,0.028462145,0.023871478,0.003265113,-0.03844685,-0.01072495,-0.0055633164,-0.00817139,-0.035646543,-0.018557778,-0.01747897,0.0157919,0.037436903,0.015091823,0.0008614677,0.0040684803,-0.025088005,0.00073020323,-0.023079587,-0.01990055,-0.011889832,-0.002906467,0.040604465,-0.016951045,-0.03307577,0.02093345,0.000053034775,-0.009852722,0.03103292,0.027521059,-0.0033224965,-0.019188995,0.00015520405,0.009835508,0.006771236,0.016595267,-0.03172152,0.017559309,0.022471324,0.026052045,0.0075631267,0.018029852,0.00096045394,-0.037941877,-0.009680573,0.010816763,-0.008096792,0.0040397886,-0.010237191,-0.0007796964,-0.011057774,0.0015048786,-0.0101396395,0.020990832,0.02048586,0.003603675,-0.022012256,-0.022299172,0.044254046,0.008779654,-0.046457566,-0.0015091824,-0.028278518,0.0308952,-0.011889832,-0.010271621,-0.026281578,0.0075114816,0.01489672,-0.010604445,0.031836286,0.0034975158,0.006409721,0.012325945,0.019143088,0.027314479,-0.029357327,0.001174207,0.032524887,0.0033196274,0.026373392,0.004751342,0.012257085,-0.0071843965,-0.0063580764,0.013117836,-0.03103292,0.010736426,0.0038159934,-0.018729929,-0.027888313,0.014575373,0.0073909764,0.008796869,0.009542853,-0.0168248,-0.0064671044,0.008406662,0.020921972,-0.012348899,0.0044041728,0.044460624,-0.035669494,-0.009491207,0.028944166,0.026097951,-0.03727623,0.017983945,-0.001301885,-0.01699695,0.0011326041,-0.01886765,-0.02217293,-0.0006495079,-0.011717682,-0.020703916,0.01027736,-0.0024057974,0.014254026,-0.026166812,-0.012498096,-0.018247908,-0.023056634,0.028209658,0.02478961,-0.06578428,0.005893271,0.0024918723,-0.03220354,-0.020325186,-0.017742934,-0.02348127,0.018339721,0.008079577,0.0058617103,0.006754021,-0.018557778,-0.0074713132,0.013990063,0.0021934789,-0.02416987,-0.01489672,-0.029288467,-0.0023713673,-0.035738356,-0.0038303393,0.007775445,-0.013496566,-0.02554707,-0.029495046,0.027406292,0.0059219627,0.026143858,0.0020155904,0.017226484,-0.000061418126,0.0018922163,0.0024703536,-0.00844683,0.0031933838,0.013714623,0.0038045167,-0.01696252,0.013267033,0.06220356,0.012819442,0.034016855,0.017731458,-0.0018491787,-0.0059162243,-0.010001919,-0.027980126,0.016560838,-0.0033569264,0.022494277,-0.009950275,0.021541713,0.016388686,0.0028261305,-0.003368403,0.01596405,0.01720353,-0.0018979546,-0.01592962,-0.02416987,0.0056465226,0.018064281,-0.016205061,0.01541317,-0.03293805,0.021840107,0.008636195,0.015149207,0.004217677,-0.030183647,0.0006875244,0.004461556,0.0068630497,-0.026373392,-0.02458303,0.01041508,-0.0031790382,0.0046365755,0.00041423613,0.014529467,-0.021094123,0.028462145,0.023355028,-0.03096406,0.009405132,0.022436893,-0.0025119565,0.03302986,-0.027773546,0.03651877,0.04723798,0.020003838,-0.02416987,0.0022508623,-0.017249437,0.0054915873,-0.0056235692,-0.0066909,-0.020658009,0.013576902,-0.0018778704,-0.015952574,0.03927317,0.018431535,0.019613631,-0.001046529,0.050910518,-0.007649202,-0.013244079,-0.018913556,-0.004679613,0.03514157,-0.018557778,-0.040948763,0.033810277,-0.01592962,-0.01747897,0.006903218,-0.02375671,0.036656488,-0.02793422,0.0041402094,-0.018270861,-0.004679613,0.020967878,0.000035842182,0.0031388698,0.010179807,-0.025317539,0.035095662,0.051415488,-0.011752112,-0.019349668,-0.019407053,0.00035757004,-0.019889072,-0.019211948,0.01041508,0.04271617,-0.041201252,-0.0071843965,0.009129693,-0.0012990158,-0.038469803,0.013703146,-0.013255556,0.0058703176,-0.032501936,0.010604445,-0.0003952279,0.0071327514,0.023022203,0.006030991,-0.0018520479,-0.009083786,-0.011981646,0.008177129,0.008544382,0.008802608,-0.033397116,0.00040132485,-0.0000631217,-0.020543242,-0.0037299183,0.0611018,0.0018706975,-0.012830919,-0.02055472,0.010271621,-0.03234126,0.033810277,0.032501936,-0.0044959863,0.01765112,-0.006237571,0.008917374,-0.035026804,0.008056624,0.013691669,0.0217942,-0.003230683,-0.026855411,-0.006168711,-0.02793422,-0.01400154,-0.024261683,-0.0056235692,-0.0073967148,-0.0063064313,-0.011006128,0.0056981677,-0.030504994,-0.0021131423,0.0027257095,-0.020382568,0.018477442,-0.027153805,0.019797258,-0.00724178,-0.025455259,-0.0071212747,0.013990063,0.0055805314,-0.020680962,-0.0021231843,-0.0139785865,0.009181337,-0.013588379,0.02869168,-0.020967878,0.018925032,0.005830149,0.024078058,0.001012099,-0.0103978645,-0.030619761,-0.02355013,-0.022402463,0.0031159164,-0.017088763,0.046090312,-0.0045734537,0.0020270671,0.035118617,-0.0013858081,0.009583021,-0.042211197,-0.01603291,0.032387167,-0.0063638147,-0.0027845274,-0.02330912,0.033879135,0.007500005,0.021059692,0.0037213108,0.02368785,0.0115857,-0.045562387,0.029609812,-0.0154476,-0.011419289,-0.0007531566,0.005124334,-0.014426176,0.012314469,0.018167572,-0.037368044,-0.019498866,-0.049716942,-0.017811794,-0.020818682,0.025501164,0.011602915,-0.007987764,0.0030671405,0.009875676,0.0030097573,-0.016882185,0.032639656,0.019613631,0.0042291535,0.051277768,0.067666456,-0.044116326,0.0027601395,-0.009307581,-0.0040770876,-0.0088485135,-0.02048586,-0.033603694,0.028026033,-0.009628927,0.01703138,0.00053079607,0.004036919,0.016273921,-0.021426946,0.022230312,-0.029609812,-0.004197593,0.010403603,0.027842406,-0.012027552,0.0011505364,-0.0006764063,-0.008068101,0.030941106,-0.007144228,0.03906659,-0.016652651,0.004782903,0.023986245,0.0040598726,-0.0060367296,-0.048523366,-0.008010717,0.005910486,-0.00537969,0.01641164,-0.023377981,-0.013553949,0.008245989,0.007144228,0.008131222,0.0063064313,0.0034200482,-0.010856931,-0.03530224,-0.01434584,-0.0062605245,-0.017490448,0.028393285,-0.01720353,-0.012188225,0.012039029,-0.008136961,0.010426557,-0.010019135,0.013370323,0.019946456,0.0024904378,0.0023010727,-0.007775445,0.011488148,-0.0034774316,0.008842776,0.019659538,-0.008693579,0.010558538,0.011006128,-0.0013269902,0.004748473,-0.0017085895,-0.007109798,0.00030664232,-0.012406282,0.011574224,0.013289986,0.015952574,0.03351188,0.0075057433,0.022677904,-0.028668726,-0.014908196,0.0028376072,-0.000015466609,-0.0022967688,-0.0042922753,-0.023963291,-0.037115555,-0.012348899,-0.0031331314,0.017880654,-0.02772764,-0.032961,-0.005422727,-0.013439182,-0.004475902,0.033695508,0.0047226506,0.00786152,0.05389445,0.039227262,0.042807985,0.004475902,0.021748293,-0.017237961,0.0061285426,0.05017601,-0.008578812,-0.037505765,-0.06748283,0.0053050914,-0.01465571,0.011832449,0.017628167,0.027291525,-0.0006627778,-0.008653411,0.016629698,0.030803386,-0.010162593,-0.00013700277,-0.0013528126,0.0021820022,-0.022712333,-0.047008447,-0.025133912,0.017433064,-0.03397095,-0.012739105,0.014242549,-0.008234512,0.032387167,0.00779266,-0.008228773,0.019934978,-0.03185924,0.015975527,0.007953334,-0.023286168,-0.030665668,0.0008471218,-0.004065611,-0.019797258,0.022230312,0.01517216,-0.03495794,0.028048987,0.0018563516,-0.02772764,0.00019546207,0.03996177,0.022081116,-0.027268572,-0.0038561616,0.019693969,-0.013473612,-0.021358086,0.009336272,-0.01637721,-0.018190525,-0.033947997,-0.008177129,0.026534066,-0.0014718832,-0.023986245,0.028645772,-0.008125484,-0.010977437,-0.009313319,0.019705445,0.026970178,-0.023710804,-0.044162232,-0.0061285426,0.013221126,-0.010914315,0.015768947,-0.0072188266,0.029954113,0.024743704,-0.01895946,-0.020543242,0.1324867,-0.014368793,-0.025730697,0.0059678694,-0.0069261715,-0.08074986,-0.006375291,0.010679043,-0.0032163372,0.019074228,-0.020279279,-0.022012256,0.028347379,0.009978966,-0.0036180208,-0.030849293,0.011229923,-0.0077295383,0.02669474,-0.024123965,-0.035669494,-0.025156865,0.0015436123,-0.012314469,0.013622809,-0.014770476,0.0059678694,0.029540952,-0.013393275,-0.009083786,-0.00537969,-0.000060162864,-0.008814083,0.017559309,-0.040948763,0.005528887,-0.011608654,0.0028476492,-0.026396345,0.027199712,0.017662598,-0.04710026,-0.012211178,-0.00094467355,-0.020589149,0.015252497,0.011293045,0.022436893,-0.012084935,0.012176748,-0.013037499,-0.0017372812,0.020164512,0.018569255,-0.0032880665,-0.009462516,-0.017157624,0.032226495,0.027957173,0.02234508,0.016159154,0.014724569,-0.01455242,0.010547061,-0.00892885,0.013439182,-0.01551646,0.039456796,0.0043123593,0.004375481,-0.020577673,0.030436134,-0.0026468073,0.012348899,-0.027153805,-0.0018075758,-0.01596405,0.033006907,0.0102142375,0.0054944567,-0.0012904083,0.0001341336,0.008768178,-0.004900539,-0.020015316,0.015218067,0.018156094,-0.000607905,0.033465974,-0.008251727,-0.0044328645,0.00016569445,-0.017582262,0.0033913564,0.012417759,-0.005434204,-0.030711573,-0.017375682,-0.021254797,0.003985274,0.0057211206,-0.01575747,0.018121665,0.010558538,-0.025294585,-0.014954103,-0.002893556,-0.00065954996,-0.011459457,-0.012039029,-0.0046566594,0.010478201,0.018167572,0.009611713,-0.00047699918,0.023332074,0.009801078,0.007706585,0.02313697,0.0022938997,0.011103679,0.017800318,0.009049356,-0.0011211274,-0.022505753,0.036128562,-0.0036438433,-0.022884483,-0.014265503,0.011488148,-0.013485089,0.018202001,0.0077811833,0.029678673,0.026993131,0.008498475,-0.013553949,0.004731258,-0.032410122,0.016044388,0.021094123,-0.0012007467,-0.038538665,-0.005617831,-0.0013391841,-0.025294585,-0.023400934,0.0023598906,0.031262454,-0.012853872,-0.025133912,-0.016537884,-0.005927701,-0.03920431,-0.030091833,-0.0097322175,-0.0029781964,-0.0079246415,-0.03103292,0.00779266,-0.0037299183,-0.00072733406,0.004714043,0.040604465,0.016090294,-0.027589919,-0.00033569266,0.0046050143,0.011935739,0.006719591,-0.0021633527,0.017823271,0.014047446,-0.007775445,-0.032226495,-0.021243319,-0.0019868987,-0.002872037,0.003603675,0.0057010367,0.008601765,-0.010736426,0.020956403,-0.0038848533,-0.00720735,0.02251723,-0.010110948,0.017777365,-0.004409911,0.015562367,-0.012544002,-0.010087995,0.00768937,0.005155895,0.0016813324,-0.028714633,-0.017283868,-0.023366503,0.0053710826,-0.03247898,0.017605215,-0.005365344,-0.01558532,-0.014047446,-0.008303372,-0.0075573884,-0.0068114046,-0.0030183648,-0.032547843,0.015321357,0.020669486,-0.0151262535,0.025133912,0.029288467,-0.021312179,0.012406282,0.007190135,-0.017226484,-0.00537969,0.0035147306,0.020589149,0.0047226506,-0.063534856,0.0069778166,0.00070151157,0.01520659,0.0028060463,-0.02279267,0.025156865,-0.045332853,0.014403223,-0.03830913,-0.0064843195,0.00017914367,0.008492737,0.01075938,0.010770856,0.03289214,0.023400934,0.004846025,0.03555473,-0.019682491,0.0019811604,0.024881424,-0.027911266,0.008400924,0.017456017,-0.0043496587,0.0036524509,0.003158954,-0.0063121696,0.010851193,-0.0072532566,0.003996751,0.02979344,0.016021434,-0.0044529485,0.017582262,-0.014013017,-0.014781953,-0.04085695,0.0069089564,0.0028763409,-0.00039235872,-0.034154575,-0.01462128,-0.025317539,0.0062146178,-0.0052706613,0.033006907,-0.010587229,-0.02241394,-0.028714633,0.027589919,-0.006352338,-0.016526407,0.011132372,-0.03993882,-0.016595267,0.017559309,0.01331294,-0.0031618231,-0.018706976,0.025179818,0.021874536,0.0012853872,0.021036739,0.003959452,-0.011052035,0.010248668,-0.014563897,0.012624339,-0.026511112,-0.026924271,-0.0030212337,0.01837415,-0.0012645858,0.013037499,-0.052012276,0.033006907,0.018259386,-0.0126128625,0.021461377,-0.0144606065,0.0064671044,0.019739876,0.034177527,-0.023779664,-0.010707735,0.021553189,-0.013576902,-0.008504214,0.007058153,-0.022574613,0.012027552,-0.023297643,-0.018764358,-0.0011390597,0.015355786,-0.007809875,0.012635816,0.0047628186,0.016354257,0.005672345,-0.01438027,-0.044850834,-0.011901309,0.022873007,0.013955633,0.059908226,-0.028439192,-0.00741393,-0.016836278,-0.0041602934,0.0064039826,0.032662608,-0.037574623,0.014724569,0.01131026,0.0041229944,0.0056149615,-0.009387918,0.009829769,-0.03465955,0.011878355,-0.0020672355,0.0043152287,0.0061572343,-0.012566956,-0.009037879,-0.0051845866,0.007987764,0.0115857,0.0030183648,0.013772006,-0.013726099,-0.009818292,-0.0008851383,-0.031124733,-0.004834548,-0.013393275,0.01668708,0.008946066,-0.015941096,-0.010856931,0.013232603,-0.019946456,-0.035921983,0.0023197222,0.037046697,-0.011878355,-0.02141547,0.0010745034,-0.003741395,-0.008280419,-0.0070811063,0.027084945,0.0024459658,0.0068917414,0.011224185,0.029334374,0.006788451,0.0050124363,-0.007023723,0.0005049736,-0.016319828,0.010851193,-0.0055145407,-0.015183637,0.025638884,0.0085501205,-0.06151496,0.021392517,0.005537494,-0.00063695526,0.0014611238,-0.06289216,0.017123194,0.00061651244,0.030436134,0.010191284,-0.004188985,-0.041040577,-0.010776594,0.004341051,0.0048948005,0.009221505,-0.004665267,-0.0039565824,0.03734509,0.04138488,0.024904378,0.0014410396,0.041935757,0.047651142,0.018615162,0.0043439204,-0.00055805314,-0.006220356,0.014058922,0.0088083455,-0.034774315,-0.011648822,0.035508823,0.004541893,0.0063293846,0.010661828,-0.007419668,-0.0062433095,0.0003554182,-0.024330543,0.012016076,-0.018156094,-0.03686307,-0.021679433,-0.009146907,-0.011086465,0.02083016,0.00066241913,0.03495794,-0.004272191,-0.005038259,0.010036349,-0.024101011,-0.051140048,-0.02237951,0.003026972,0.0076836315,0.012211178,0.012107888,-0.039847005,-0.015780423,0.013450659,-0.014472083,-0.018741405,0.01675594,0.025363445,0.026465205,-0.0115857,0.009106739,0.015562367,-0.018856172,0.00092387205,-0.008332063,-0.010093733,-0.0096576195,-0.004934969,0.02368785,-0.008045147],"index":0,"object":"embedding"}],"model":"embedding-3","object":"list","usage":{"completion_tokens":0,"prompt_tokens":487,"total_tokens":487}}

2026-03-27 21:06:36.080 [tomcat-handler-21] DEBUG c.a.rag.gateway.cache.EmbeddingCache - Cached embedding for textHash: 1d1aabb847dda88648219d968764a652c0c3aa3da8754c24b09f5dc066da6697, vector dimension: 2048
2026-03-27 21:06:36.080 [tomcat-handler-21] DEBUG c.a.rag.gateway.EmbeddingGateway - Embedding 已缓存：textHash=1d1aabb8
2026-03-27 21:06:36.088 [tomcat-handler-21] DEBUG c.a.r.service.impl.VectorServiceImpl - 向量已写入 Redis: chunkId=9, vectorSize=8192 bytes
2026-03-27 21:06:36.088 [tomcat-handler-21] DEBUG c.a.r.service.impl.VectorServiceImpl - 切片向量化成功: chunkId=9
2026-03-27 21:06:36.090 [tomcat-handler-21] DEBUG c.a.rag.gateway.cache.EmbeddingCache - Embedding cache miss for textHash: 3c07d6ffb79dbf7d8580dda14e716fede86a1886501b7d10bb5790e0b9428842
2026-03-27 21:06:36.090 [tomcat-handler-21] INFO  c.a.rag.gateway.EmbeddingGateway - 调用 Embedding API：model=embedding-3, textPreview=为查询选择最高效的执行计划。-- 创建索引 CREATE INDEX idx_student_name ON students(name); CREATE INDEX idx_enrollment_grade ON enrollments(grade); -- 查看执行计划 EXPLAIN SELECT * FROM students WHERE department = '计算机'; 参考文献S...[truncated]
2026-03-27 21:06:36.093 [tomcat-handler-21] INFO  d.l.h.client.log.LoggingHttpClient - HTTP request:
- method: POST
- url: https://open.bigmodel.cn/api/paas/v4/embeddings
- headers: [Authorization: Beare...ZQ], [Content-Type: application/json]
- body: {
  "input" : "为查询选择最高效的执行计划。-- 创建索引 CREATE INDEX idx_student_name ON students(name); CREATE INDEX idx_enrollment_grade ON enrollments(grade); -- 查看执行计划 EXPLAIN SELECT * FROM students WHERE department = '计算机'; 参考文献Silberschatz, A., et al. Database System Concepts. 7th ed., McGraw-Hill, 2019.Ramakrishnan, R., & Gehrke, J. Database Management Systems. 3rd ed., McGraw-Hill, 2002.王珊, 萨师煊. 《数据库系统概论》. 第5版, 高等教育出版社, 2014.Silberschatz, A., et al. Database System Concepts. 7th ed., McGraw-Hill, 2019.Ramakrishnan, R., & Gehrke, J. Database Management Systems. 3rd ed., McGraw-Hill, 2002.王珊, 萨师煊. 《数据库系统概论》. 第5版, 高等教育出版社, 2014.",
  "model" : "embedding-3"
}

2026-03-27 21:06:36.392 [tomcat-handler-21] INFO  d.l.h.client.log.LoggingHttpClient - HTTP response:
- status code: 200
- headers: [:status: 200], [content-type: application/json; charset=UTF-8], [date: Fri, 27 Mar 2026 13:06:36 GMT], [server: ZenZGA/2.4], [set-cookie: acw_tc=2760777117746167961714271e8acd8353ecb142376016a1ef99d46e8495e6;path=/;HttpOnly;Max-Age=1800], [strict-transport-security: max-age=31536000; includeSubDomains], [vary: [Accept-Encoding, Origin, Access-Control-Request-Method, Access-Control-Request-Headers, Origin, Access-Control-Request-Method, Access-Control-Request-Headers]], [x-log-id: 20260327210636c6a257cfb06f413f]
- body: {"data":[{"embedding":[0.009689785,0.015756343,-0.010368488,-0.023660617,-0.03276567,0.0059517,-0.011391762,-0.02911112,-0.027001923,0.0063537005,-0.007178585,-0.008875342,0.006844455,0.014524235,-0.019410895,-0.020924924,-0.02877699,0.0030463305,0.032640375,-0.022240562,0.023952981,0.0050641657,-0.016612552,0.02526862,-0.012080906,-0.023410019,-0.0016432434,-0.028296677,-0.012602985,-0.051038437,-0.002884486,0.033976898,0.018627776,0.010091785,0.005111153,0.02673044,-0.009037186,0.0015323017,-0.00840025,0.005056334,-0.025769817,-0.00846812,-0.00992472,0.011537944,0.020757858,-0.0036075653,-0.062941834,0.0047952947,0.02792078,-0.00833238,0.014492911,-0.021185962,0.00084446266,-0.0064685578,0.0017515748,0.017698476,0.042016912,0.020194013,0.008974536,-0.008071341,0.008671731,-0.0030306682,0.006390246,0.028630808,-0.017447878,0.025790699,-0.019170739,-0.012415037,-0.043228135,0.01124558,-0.003683267,0.10182627,-0.018210113,0.012227088,0.0025255568,-0.0030254475,-0.017343462,-0.009982149,0.00859864,-0.007309105,0.005768972,0.028797874,0.016174005,0.014284079,-0.005993466,-0.013594936,0.014075248,0.0013280383,-0.0077424305,-0.005868167,-0.033976898,-0.008212302,-0.008071341,-0.0151402885,0.030614708,0.002507284,-0.030134395,-0.0032838765,0.019463103,0.0077894176,0.00522601,-0.00734043,0.04034626,0.026688674,-0.017573176,0.0037615786,0.014931457,-0.0128327,-0.014284079,0.005434842,-0.033830713,-0.021405237,-0.03466604,-0.003889488,0.029758498,0.024099164,-0.0015766784,-0.002837499,0.011433529,0.0020870105,-0.000130275,-0.009585369,0.01687359,0.005450504,0.014325846,0.013866416,-0.04260164,0.0033152013,0.00027050215,0.014284079,0.05847284,-0.025373036,0.05563273,-0.002936694,0.029925564,-0.0014918406,-0.019598844,0.0026103947,-0.011402204,0.02679309,0.004526424,0.013605377,0.040179193,-0.018043047,-0.0076745604,-0.02917377,0.04895012,0.010217085,-0.031575333,-0.022783523,0.0034378897,0.009804642,0.024955373,0.025707167,-0.027774598,-0.017051097,-0.038529426,-0.0068287924,-0.021864666,0.027043689,-0.08963051,-0.013156389,-0.022720875,-0.0015257756,-0.011517061,-0.00065651425,0.0077894176,-0.017771566,0.031972114,0.026291894,0.00978898,0.022261446,0.042685173,0.012895349,0.027524002,0.0235562,-0.010499007,-0.029883798,-0.013354779,-0.004915373,-0.029487018,-0.020601235,0.021133754,-0.0042183977,0.017740242,-0.027085455,0.011078515,0.0026103947,0.015557952,-0.012018257,0.023911215,0.012477687,0.009136382,0.012425479,-0.002321946,-0.012602985,0.016163563,0.023305602,0.023952981,0.0186591,-0.017604502,-0.025101556,0.007831184,0.0038868776,0.0013228175,-0.01277005,0.0118616335,0.006071778,0.016549902,0.023055006,-0.005252114,0.027774598,0.00952794,0.008144431,0.029487018,-0.003398734,-0.0064737787,-0.0334757,0.014169222,-0.031742398,0.014169222,-0.032577723,-0.022177912,-0.028672574,-0.00022645174,-0.026250128,-0.011454412,-0.0039991247,-0.025352152,0.024245346,0.026709558,-0.038926207,-0.015119405,0.0077685346,-0.014691301,-0.026876623,0.009971707,-0.037944697,-0.056509823,-0.019431777,-0.01217488,0.008844017,-0.0076954435,0.03188858,-0.01164236,0.018272763,-0.042559873,-0.002196647,-0.0058264006,-0.004649113,-0.04418876,-0.037067603,0.010331942,-0.00727778,-0.0050458927,0.003001954,-0.009929941,-0.029006705,0.010509449,0.03351747,0.030280577,0.004933646,-0.003095928,-0.025247738,0.018742634,0.018690426,0.0129475575,0.02493449,0.026166596,-0.022115264,-0.07000034,-0.021843782,0.009757655,0.010143993,-0.007653677,-0.001180551,-0.0090841735,-0.011057632,0.029883798,0.044021696,-0.006729597,-0.03447809,-0.034937523,0.012509011,-0.021342587,0.0016445486,-0.006118765,-0.0068548964,0.018157905,-0.02526862,-0.0065781944,-0.019964298,-0.017688034,0.017468762,-0.014148339,0.025456568,0.043269902,-0.020611675,0.021112872,-0.028651692,-0.034311026,0.028526392,0.026229246,-0.007089832,-0.0047926847,-0.021123314,-0.01633063,0.033454817,0.006071778,0.030572942,0.0056854393,0.045817647,0.030301461,-0.022177912,-0.0118511915,0.0028270574,-0.028860522,0.007846846,-0.02560275,-0.0051294253,0.016978007,0.0021940367,-0.02215703,0.014785275,0.009058069,-0.010942774,0.026626024,0.033037156,0.0042314497,-0.02043417,0.025874231,-0.02063256,0.042685173,-0.029654084,-0.009433966,-0.014524235,0.004531645,-0.028004313,-0.007413521,0.013417428,0.0035396952,0.02420358,-0.0064685578,-0.029528784,0.0022579913,-0.027691066,-0.0017280813,-0.013699351,-0.0031194217,0.0012621258,-0.012644752,-0.0038111762,0.0011061548,-0.015380445,0.03616963,-0.009611473,-0.015307354,0.023535319,0.0022136148,-0.049242485,0.015359562,-0.0071472605,0.007335209,0.006264947,-0.003161188,-0.000062323175,0.004852724,0.023514435,-0.025393918,-0.028463744,0.0124045955,0.0008751348,-0.013260805,-0.07208866,0.012300179,0.02871434,-0.012592544,-0.041724548,0.03802823,0.000025104655,-0.017500086,-0.008650848,0.005150309,-0.04095187,0.0005194685,-0.006097882,-0.025560984,0.043436967,0.002996733,0.016925799,-0.022971474,-0.018241437,0.0000125523275,0.0026430245,0.020381961,0.0024093941,0.045817647,-0.010953216,-0.13933243,0.019233387,0.015798109,0.022616459,-0.0012836616,-0.01884705,0.039176803,0.0013339117,-0.01884705,-0.038069997,0.010410254,-0.012122673,0.023765033,-0.009183369,-0.00840547,-0.010974099,-0.00066597696,0.025915997,0.01588164,0.016048707,0.002639109,-0.028066963,0.012070465,0.0004812915,0.005977804,0.07250632,-0.025080672,0.012749167,0.025978647,-0.029403485,0.028066963,-0.007966924,0.030990604,0.009172927,0.0088649,0.006144869,0.04477349,-0.013469636,-0.014075248,0.023451785,-0.026876623,-0.010807034,0.03729732,0.011141164,-0.012707401,-0.0021587964,-0.011433529,-0.046945337,-0.0020269714,0.04611001,0.022929706,-0.008656069,-0.001653685,-0.0036649941,-0.0096584605,0.009877733,0.011256021,0.030969722,-0.0027409145,-0.04861599,-0.00057396054,0.006118765,0.0005684134,0.033997778,0.17224428,-0.019588402,-0.003135084,-0.015098522,0.0027774598,0.024454176,0.010608644,0.0016158343,0.014179664,-0.019995622,0.007131598,-0.032577723,-0.00449771,-0.015714576,-0.016884033,0.019870324,-0.019306479,-0.005126815,0.0023780696,-0.009277343,0.033183336,-0.0058368426,-0.010305838,0.02056991,-0.008186198,-0.032285362,-0.028066963,-0.009418304,0.032723907,-0.038780022,0.006024791,-0.004928425,0.008823134,-0.051372565,-0.0076275733,0.025289504,0.013908182,-0.050036043,0.03362188,-0.003221227,0.01184075,0.02334737,-0.0022057835,-0.00562279,0.0076432354,-0.016247096,0.02936172,0.009282563,-0.02070565,0.0435205,0.0017868151,-0.024976255,0.02096669,-0.026020413,-0.018909698,-0.005617569,0.019734584,0.020799624,0.0075388197,-0.02328472,-0.015202939,-0.027419586,-0.0070271823,0.006771364,0.019400453,0.010786151,-0.026626024,-0.04895012,0.004777022,-0.0074500665,-0.017896866,-0.020194013,-0.015025431,-0.008374146,-0.015516186,-0.0075753652,-0.006860117,-0.011214255,0.0091050565,-0.0044141775,-0.0046595545,-0.01864866,0.00021992574,-0.010076123,0.003001954,-0.022804407,0.037777632,-0.04498232,-0.00668261,0.018429385,-0.02844286,0.009585369,0.0063589215,-0.027753716,0.0035240327,-0.004333255,0.025811583,-0.015631042,0.014733068,0.010827917,0.026500726,-0.016967565,-0.023451785,0.016560344,-0.017426994,0.050119575,-0.0076014693,-0.019327361,0.020392403,-0.011746776,0.014346729,-0.026438076,-0.011130723,0.009574927,0.0031063696,-0.034937523,0.025748933,0.023723267,0.04126512,0.016570786,-0.010143993,-0.002811395,-0.009136382,-0.017740242,-0.025790699,0.020455053,0.0019042828,0.0107443845,0.021321703,0.022010848,-0.029090237,0.013062415,0.009240797,0.030990604,-0.027544884,0.01243592,-0.020528143,0.00005020931,-0.014440703,-0.0016001719,0.001812919,0.013814208,0.028589042,-0.01402304,0.009120719,0.016549902,-0.02322207,-0.0051894644,0.005549699,0.028672574,-0.0018716529,-0.0049519185,-0.028484626,0.020361079,-0.04828186,-0.02386945,-0.02322207,-0.024245346,-0.00859342,-0.0019630168,-0.004317593,-0.008781368,0.031345617,-0.03167975,-0.0016615161,0.008238406,-0.007638015,-0.021342587,0.021144196,-0.0002408089,0.022198796,0.030907072,-0.007554482,0.0021614067,-0.0010160961,0.012780492,0.0050719967,-0.005648894,-0.035041936,0.028192261,-0.0024772645,0.020079156,0.011464853,-0.017207721,-0.02084139,0.0045864633,0.018105697,0.0009664986,0.0048709963,-0.01277005,-0.022073496,0.0076484564,0.004531645,-0.027022805,0.01091145,0.016769174,-0.018293645,-0.008854459,-0.002354576,-0.013730676,-0.017040657,0.035229884,0.0123732705,0.006003908,-0.008489003,-0.018095255,0.023159422,0.0030463305,-0.06816263,-0.013375662,0.0023924266,-0.039051503,-0.014983665,-0.018941024,0.0017828995,-0.02209438,0.006385025,0.055089768,0.011725892,-0.0048213988,-0.023180304,0.018544244,0.017239045,0.06787026,-0.024976255,-0.025080672,-0.015495302,-0.0065729734,-0.017583618,0.033183336,-0.025853349,0.021091988,0.014075248,0.03915592,-0.0035945135,-0.0012693044,-0.03717202,-0.029132005,-0.002673044,-0.009606252,-0.0010539468,-0.044481125,-0.0072464556,-0.018439827,0.040200077,-0.023973864,-0.040910106,-0.033016272,-0.0053930753,-0.00020491598,-0.038800906,0.00087187183,-0.034895755,0.061605312,0.007272559,0.009841188,-0.017771566,-0.0047065415,0.00018729581,-0.028944056,0.027899899,-0.0061239856,-0.0872916,-0.00436458,0.0018807893,-0.025226854,-0.008243626,-0.042225745,-0.025185088,0.010796593,0.01362626,0.010269293,-0.00061017973,0.028923173,-0.0016066979,0.025080672,0.019671934,-0.010817476,-0.022532927,-0.022407627,-0.027879015,0.015620601,-0.04224663,0.035751965,-0.006494662,-0.013156389,-0.032368895,0.011663243,-0.010170097,-0.052625556,-0.011412646,0.017343462,0.004027839,-0.0031063696,0.014733068,-0.014127456,-0.0046047363,0.04122335,-0.028213145,0.02328472,-0.0008144431,0.0046256194,0.006985416,0.04122335,0.0012967135,0.0057167644,-0.009397421,-0.003949527,0.019076765,-0.0313665,0.03817441,0.0157459,0.020267105,0.01951531,0.005528816,-0.009058069,0.031303853,0.010572098,0.023952981,0.033016272,-0.008551653,0.018951464,-0.031930346,-0.008750043,-0.017802892,0.03374718,-0.03604433,0.00036708676,-0.03266126,0.027482234,-0.00010800508,0.004380242,-0.07864597,0.041515715,-0.03842501,0.037923813,-0.05893227,0.008154873,0.02017313,0.00304372,0.022052614,-0.015171614,0.015484861,0.043771096,0.0012901876,-0.0034953183,-0.0415366,-0.021426119,0.016435044,0.02817138,-0.005518374,0.009266901,-0.0032316686,-0.002308894,0.025289504,0.03042676,0.010227527,-0.007700664,-0.004458554,0.021269495,-0.004669996,0.024725659,0.043771096,-0.013344337,0.038675606,0.0068235714,0.013845533,-0.016184447,0.02024622,-0.0060091284,0.017019773,0.041828964,-0.047947727,0.022741757,-0.040596858,0.008180977,0.016581226,-0.026876623,-0.022908824,-0.029988214,0.011600594,0.008436795,0.0006232317,0.013448753,-0.018157905,0.018168347,-0.010577319,-0.052959688,-0.0030593826,0.027524002,0.013125064,-0.013250363,0.017447878,-0.017614942,-0.019651052,-0.0032760452,-0.03088619,-0.010300618,-0.01468086,-0.026688674,-0.014440703,0.009507057,-0.014482469,-0.009360875,0.034290142,-0.008572536,-0.024955373,-0.006818351,0.025936881,0.0022579913,-0.004993685,0.054212674,-0.0028087846,0.015620601,-0.012310621,0.049576614,-0.028860522,0.0044637746,0.027356936,-0.018794842,-0.011684126,0.0009064595,0.0019930364,0.029800266,-0.034540743,-0.048783056,-0.03738085,-0.026876623,0.010817476,0.002294537,-0.02203173,-0.01164236,-0.010775709,-0.018732192,-0.0065520904,0.012477687,-0.027816365,0.009731552,-0.014482469,0.028756108,-0.0027017584,0.019922532,-0.041975144,0.01144397,-0.0034143962,0.022512043,0.0002988902,0.0006238843,-0.04274782,0.0043750214,0.019452661,-0.013406986,-0.007731989,0.023514435,-0.037359968,-0.0005576456,-0.014774834,0.0051738024,-0.00495975,0.01660211,0.0045942944,-0.015296913,-0.004852724,0.00476397,-0.011924283,0.0002641393,-0.039678,0.013720234,0.023973864,0.009736772,0.018502478,0.0028609924,-0.011527503,-0.057052784,0.02798343,-0.023952981,0.011360438,0.003915592,0.0014631262,0.023180304,-0.013532286,-0.03167975,0.030635592,-0.023034122,-0.034582507,0.00058603357,-0.02116508,0.01561016,-0.0063328175,0.014837483,-0.031178553,0.004662165,-0.017228605,0.004390684,-0.006562532,0.012790933,-0.008786588,0.002024361,-0.00972111,0.02520597,-0.023994748,-0.02679309,0.017782008,-0.030092629,-0.0041896836,0.014994107,-0.010796593,0.030572942,0.005502712,-0.002863603,0.04068039,0.013866416,-0.0076745604,-0.01223753,0.02069521,-0.014868808,-0.015975615,0.009371317,0.005842063,-0.007256897,0.013166831,0.008013912,-0.00041831573,0.004317593,0.027127221,-0.038132645,0.018700868,-0.014941899,-0.00054948806,-0.02090404,-0.03915592,-0.0113082295,-0.0030985384,0.03366365,0.03487487,-0.0016797889,-0.002824447,-0.0044689956,-0.025874231,0.010551215,-0.00080595934,0.013250363,-0.026208362,-0.004675217,-0.0038999296,-0.059475232,-0.03585638,0.023952981,0.008144431,0.02414093,-0.0075335987,-0.04840716,-0.008509886,-0.018815724,-0.004006956,-0.039072387,0.00003640277,0.011757217,0.028630808,0.023702383,-0.0034953183,0.0031742398,0.027816365,-0.05179023,-0.033496585,0.014158781,0.0276493,-0.012790933,0.015422211,-0.021488769,0.008896225,-0.025393918,0.0070271823,0.025477452,0.0075388197,-0.0016484642,-0.0026495506,-0.009433966,-0.013271246,0.004531645,-0.0025412191,-0.015892083,0.0056854393,-0.019797232,0.027544884,0.047780663,-0.0047404766,-0.006228402,0.014827042,0.026563376,-0.04247634,0.0007276475,0.002811395,-0.008473341,-0.012540336,0.020559467,-0.010786151,-0.00044833528,-0.026354544,-0.0032264479,-0.011162047,0.0037119812,0.04715417,-0.02407828,-0.024558593,0.022303212,0.014837483,-0.051539633,0.018157905,-0.030113513,0.0050824382,-0.023493553,-0.0071733645,-0.0375688,0.017239045,0.0027304727,-0.021739367,0.023952981,-0.004278437,0.01210179,0.0034692145,0.026646908,0.009178148,-0.016111355,0.021676717,0.012884908,0.0025699334,0.028818756,0.006045674,0.0014918406,0.019410895,-0.033893365,0.025310386,-0.0057167644,0.011433529,0.06386069,-0.0056280107,-0.03418573,-0.005570582,0.0053147636,0.010029136,-0.018304087,-0.023597967,-0.010222306,-0.023451785,0.02361885,-0.022595575,-0.0015492692,0.015088081,-0.019661492,-0.0007472255,0.024850957,-0.0010480734,-0.018700868,0.014962782,-0.00060234853,-0.019170739,0.021634951,0.0014318015,-0.03464516,0.019014115,0.011193372,-0.014712184,0.002130082,0.01223753,-0.0020361077,0.0065051033,-0.0006477042,0.018147463,-0.020267105,0.019024557,0.009397421,-0.029424367,0.059600532,0.0029027588,0.0008340211,-0.0060613365,-0.04431406,-0.042497225,0.054087378,-0.028568158,-0.03167975,0.006249285,-0.02823403,0.006619961,-0.016978007,-0.026354544,-0.040575974,-0.027503118,0.011214255,-0.015495302,0.016643876,0.018690426,0.023326486,-0.007914716,-0.0085673155,-0.02063256,0.021384353,0.024307994,-0.007705885,-0.0015779836,0.020152247,-0.019567518,-0.01203914,0.013532286,-0.035543133,-0.010942774,0.010880125,-0.018565126,0.0044481126,0.01831453,0.041578367,-0.00022416764,0.011349996,0.0019617116,0.0099195,-0.03222271,0.0069227666,0.0047483076,-0.0043750214,-0.0014435482,0.014430261,-0.035835497,0.011412646,-0.0108488,-0.020924924,0.030635592,0.016455928,0.014231872,-0.01217488,-0.017802892,0.013198155,0.0039860727,0.015328237,-0.015798109,0.021321703,-0.03790293,0.022595575,0.0011766354,0.02083095,-0.00041505275,-0.015453536,-0.007966924,-0.019964298,0.0029549666,-0.0014827042,-0.013469636,0.022449395,-0.002216225,0.0010676514,0.027440468,-0.0238068,-0.025519218,0.01838762,0.016967565,-0.014701743,0.006385025,0.018272763,-0.005648894,0.042559873,-0.019859882,0.013145947,0.014169222,-0.002242329,-0.020486377,-0.017426994,-0.0011936029,-0.025247738,-0.0068810005,0.0070532863,0.012864024,0.007852067,0.025373036,-0.011214255,0.023410019,0.023368252,-0.009992591,-0.0041165925,0.039657116,-0.013876858,-0.00065161975,-0.014158781,0.011757217,0.043938164,0.0009638882,-0.017510528,0.008478561,-0.0019238609,0.009465291,0.026229246,-0.00820186,0.0085359905,-0.005575803,-0.0046961,0.004377632,-0.009209473,-0.012153997,-0.031721514,-0.01633063,-0.006264947,-0.0059047127,0.020736976,0.030176163,0.003863384,0.001216444,0.0036232278,-0.0077685346,0.003944306,-0.037067603,0.008739601,0.03351747,-0.046068244,-0.023389136,-0.021676717,-0.010274514,-0.0036989292,-0.0101596555,-0.029758498,-0.01765671,-0.01718684,-0.031178553,0.01786554,-0.008128769,0.024182696,-0.020162689,-0.0077424305,-0.015349121,-0.00025239252,-0.019598844,0.013563611,-0.03790293,-0.03685877,-0.00015988667,-0.0043619694,-0.012341945,-0.015129847,0.021969082,-0.0037433058,0.0062388433,-0.027503118,0.007857288,-0.02850551,0.02434976,-0.014137898,-0.006499883,0.012206205,0.0070741693,0.0003484877,-0.033225104,0.013292129,0.0019369128,0.044606425,0.011631918,0.008781368,0.0065729734,0.0018820945,0.015223822,0.0038790465,0.0019081985,0.024391528,0.000034139066,0.0021405236,0.012279296,-0.012926674,-0.00840025,-0.0096166935,-0.006938429,0.0037093707,0.0021026728,0.008102665,-0.026166596,-0.02420358,0.0001238306,0.0042940993,0.017562736,-0.01024841,-0.013772442,-0.011934725,0.000787034,-0.035021055,0.044272292,0.012602985,0.008708277,0.024830073,-0.010331942,-0.010441579,-0.025790699,-0.05696925,-0.01495234,0.0019525752,0.0037589683,-0.02386945,0.027043689,0.03042676,0.00787295,0.01944222,0.0023702383,0.023326486,-0.007888612,0.008791809,0.02533127,0.0036989292,0.016424604,-0.032640375,0.034812223,0.033601,0.005502712,0.0013110708,0.0218229,0.0018690425,-0.030050863,0.018773958,0.014002156,0.0059099332,0.0052756076,-0.019536193,-0.008906666,0.006865338,0.009496615,-0.010274514,-0.002717421,-0.008233185,-0.018700868,-0.01838762,-0.0012301485,-0.002717421,-0.019181179,0.026667792,-0.005998687,-0.004377632,-0.03451986,0.012247971,0.02070565,0.042100444,0.021676717,0.07542996,0.0031742398,0.022052614,0.000034893634,-0.025373036,-0.009538382,-0.020235779,-0.019275153,0.011757217,0.012529894,0.0070950524,-0.0022201405,-0.008744822,-0.00820186,-0.003082876,0.0168005,0.041766316,-0.0024224462,0.013720234,0.035480484,-0.006139648,-0.008979757,0.0058368426,0.003816397,-0.0043541384,-0.0048240093,0.0474883,-0.01812658,-0.021718483,0.0061761937,-0.043478735,-0.0015701524,-0.025707167,-0.0005720027,0.017614942,0.016372396,-0.0010010863,-0.0060352325,0.005502712,0.033413053,-0.0068287924,0.021655833,-0.0061292066,0.008713497,-0.016633434,-0.023410019,-0.020789184,-0.028004313,-0.04013743,0.0436458,-0.0436458,-0.008891004,0.035229884,-0.014910574,0.009841188,-0.012258413,-0.008191418,0.030071747,-0.024788307,0.0012223173,0.0129788825,-0.019745026,-0.0012033919,-0.0041583586,-0.027106337,0.0187844,0.01792819,0.026250128,-0.0018533802,-0.015651926,-0.036566406,-0.018627776,-0.0073717544,0.0026939271,0.0025216413,-0.0051894644,0.021081546,0.003114201,-0.022240562,0.023932097,-0.035083704,-0.022344979,-0.016988449,-0.043478735,-0.03393513,0.012185322,0.010901008,-0.029466135,0.019870324,-0.004390684,0.017301695,-0.017113747,0.0066512856,-0.02737782,-0.019452661,-0.027022805,-0.027022805,-0.0017737631,0.016497694,0.05676042,0.013939507,0.002798343,0.022825291,0.01733302,0.012655193,0.020287987,0.028108729,0.0025686284,-0.01184075,-0.05392031,0.008280172,-0.014868808,-0.01461821,0.0015401328,0.045525283,0.004330645,-0.014440703,0.02526862,-0.008358483,-0.014931457,0.015725017,0.0030384993,-0.01091145,-0.0009899922,-0.0474883,-0.004174021,0.019254271,-0.01831453,-0.013010207,0.017113747,-0.00522601,0.034123078,-0.0038346697,-0.01719728,0.013855975,-0.015672809,-0.010786151,-0.007356092,-0.015484861,-0.030531175,0.026626024,0.0112769045,-0.016758734,0.028192261,0.021342587,0.0008712192,0.023932097,0.0047926847,-0.028609926,0.0013045447,0.04266429,0.02990468,0.020810066,0.008603861,0.009230356,0.008807471,-0.023368252,-0.011485737,0.0067191557,-0.025623634,-0.04769713,0.008358483,0.0020844,-0.005272997,-0.049451318,-0.003897319,-0.0314918,-0.0056436732,0.009021523,0.032515075,0.015265588,-0.016059147,-0.03460339,-0.00304372,0.033058036,-0.021123314,0.0010448104,0.0039077606,0.0096427975,-0.009564486,-0.009496615,-0.0140439235,0.08779279,-0.0015153341,-0.02645896,-0.0039260336,0.0012725674,-0.074469335,0.008274951,0.0333504,0.027837249,-0.010525111,-0.042894006,0.004174021,0.02242851,0.010681734,-0.0021783742,-0.05872344,0.026333662,-0.027837249,0.038675606,-0.008227964,-0.0034613833,-0.0032029543,-0.019807674,-0.017771566,0.05801341,-0.030155279,0.034248378,-0.0065312074,-0.024579477,0.0036597734,-0.016027823,0.013949949,0.020277545,0.03472869,-0.007893833,0.026166596,0.015088081,-0.027085455,0.0002476612,0.025999531,0.015495302,-0.060602922,-0.01845027,0.016100913,-0.0218229,-0.035564017,0.01164236,-0.003354357,-0.025623634,-0.037464384,-0.022804407,-0.0029627979,0.029842032,0.028421978,0.029006705,-0.023451785,-0.011569269,0.039991245,0.0038398905,0.015996499,0.018356295,-0.0009939078,-0.03182593,-0.0067452597,0.006244064,0.0030724346,-0.046736505,0.015975615,0.022198796,-0.0023023682,-0.0053617507,0.012582102,0.021593185,0.0054609454,-0.010081344,0.02018357,0.024015632,0.017447878,-0.0043149823,0.010499007,-0.037339084,-0.025853349,0.014388495,0.0068810005,-0.008274951,0.015787667,0.001375678,-0.010702618,0.018669542,0.0024720437,-0.003398734,0.029340835,-0.0021274716,-0.0021992575,-0.0064737787,-0.029340835,0.0020935365,-0.004014787,-0.006165752,-0.0010330636,0.013010207,-0.02117552,0.024558593,-0.00026006057,-0.036106978,0.030656474,-0.0026351933,-0.0238068,-0.002148355,-0.037819397,-0.0034561625,0.018815724,0.028025197,-0.012331504,-0.0014096131,0.034561627,0.019745026,0.0056123487,-0.010901008,0.0036153966,0.040262725,-0.007961703,-0.022804407,-0.013333896,-0.02441241,0.022595575,-0.010629527,-0.03616963,-0.057136316,0.020162689,0.02116508,-0.0010474209,0.0063954666,0.021279937,0.01681094,0.016414162,0.03042676,0.010034357,-0.017249487,-0.01739567,0.010676514,0.02334737,-0.042559873,-0.00026234466,0.024391528,0.009465291,0.013605377,0.0012203595,-0.0050954903,-0.008603861,-0.04220486,-0.036942303,0.00291059,-0.02645896,-0.00024717173,-0.0049258145,0.028317561,0.0000638323,-0.0013561,-0.00112508,0.007460508,-0.0151820555,-0.004784853,0.039135035,0.03451986,-0.030050863,0.011464853,0.005319984,0.008927549,0.0028296679,-0.0020334974,0.011120281,0.003957358,0.007434404,-0.016967565,0.0062022978,0.00029481144,-0.0022397186,-0.0059308168,-0.00859342,0.006139648,0.016549902,0.029800266,-0.011631918,0.016884033,0.006338038,-0.020214897,-0.01936913,-0.008650848,0.031178553,-0.0007230793,-0.003957358,-0.03222271,0.0065729734,-0.000063383646,-0.005768972,-0.022344979,0.000107352476,-0.005596686,-0.01725993,0.020194013,0.015390887,0.002606479,-0.0032447206,-0.014137898,0.022867057,-0.021050222,0.0056854393,-0.019724142,0.031909466,0.032640375,0.006635623,0.0057115434,0.009601031,-0.0021261664,-0.0036336693,0.024642125,-0.0018925361,-0.0041922936,-0.022595575,0.011997374,0.0046334504,-0.008823134,-0.014941899,-0.018617334,0.00075440406,0.014586885,-0.013803767,0.009700227,-0.0117781,0.049242485,-0.042894006,-0.02737782,0.013239922,0.008426354,-0.0075962483,-0.016821383,-0.01091145,-0.009835967,-0.00621796,0.01786554,-0.0063537005,0.0113082295,0.049576614,-0.020058272,-0.0071263774,-0.0024354982,0.005040672,0.017855098,0.008421133,0.009016303,-0.0128327,-0.019818116,-0.0032107853,0.021989964,-0.013166831,-0.0062388433,0.019734584,-0.021185962,-0.021989964,-0.015912965,0.011005424,0.005471387,-0.0032447206,-0.036336694,0.011423087,-0.017228605,0.034979288,-0.010530332,0.010107448,-0.013041532,-0.01461821,-0.014461586,0.025915997,0.009277343,-0.0030280577,-0.012707401,-0.010436358,-0.012425479,0.0075962483,0.0077111055,-0.030405877,-0.0029680186,0.036294926,0.02499714,0.008885783,0.007136819,-0.048574224,0.013918624,-0.0085307695,-0.012425479,-0.018627776,-0.022908824,-0.009731552,0.020214897,0.014534677,-0.0055079325,0.010337163,0.024245346,0.017113747,0.017291253,-0.029883798,-0.018502478,0.03249419,0.00024162466,0.02911112,0.004568191,-0.0070950524,0.0018155294,0.021614067,0.005074607,-0.006766143,-0.03362188,0.015108964,0.03266126,0.0022514653,-0.006040453,0.008844017,0.036691707,0.0016066979,0.017374787,0.02447506,-0.004121813,0.037151136,0.005192075,-0.02673044,0.0007354787,0.027670182,-0.034853987,0.00734043,-0.012613427,0.0020334974,-0.03784028,0.0038607738,0.036545526,0.049493082,-0.03857119,0.01554751,0.015651926,0.023138538,-0.0021731535,-0.021488769,0.012352387,-0.028630808,-0.0014017819,0.029549668,0.007966924,-0.013647143,-0.014096131,-0.008854459,-0.007115936,0.013104181,0.0057794135,-0.049200717,0.0065103243,-0.006223181,-0.015296913,-0.008186198,-0.024245346,0.022240562,0.002308894,-0.01825188,-0.013271246,-0.0055653616,0.0024093941,0.012153997,-0.012999766,-0.045483515,-0.0015584056,0.0015231653,-0.0036597734,0.0028662132,-0.014336287,-0.02083095,-0.0017293864,0.015495302,0.027670182,0.026312778,0.0049571395,0.021802016,0.03207653,0.01005524,-0.003670215,-0.031387385,-0.033768065,-0.014743509,-0.0050250096,-0.007434404,0.0067609223,0.016027823,0.013542728,-0.021259055,0.007658898,0.013271246,-0.0022123095,-0.00076223526,-0.035083704,0.023577085,0.01554751,0.007611911,-0.0033726299,0.0061083236,0.000073294985,0.0032708244,-0.011235138,0.04485702,0.021248613,-0.003936475,-0.019212505,-0.014210989,0.0016328018,0.017051097,-0.0255401,0.0046804375,0.015537069,0.008139211,-0.009961266,-0.003466604,-0.01600694,0.047195934,-0.0062597264,-0.04053421,-0.03936475,0.0236815,0.0057115434,0.0055810236,0.0036989292,-0.006024791,-0.014503352,-0.012300179,0.002639109,-0.015829433,-0.02904847,-0.03213918,0.010394592,-0.031533565,-0.025560984,-0.0034874873,-0.014733068,0.026333662,-0.014649535,0.015234263,0.016581226,-0.054463275,0.02499714,-0.02090404,-0.009992591,-0.0041714106,-0.00257907,0.015265588,-0.029925564,-0.022303212,0.017855098,-0.007502274,-0.027189871,0.01687359,0.006045674,0.02090404,-0.012279296,-0.001468347,0.040930986,-0.0015531848,-0.0045473073,0.0043410864,0.031241203,-0.017249487,0.0054661664,0.004249722,-0.025247738],"index":0,"object":"embedding"}],"model":"embedding-3","object":"list","usage":{"completion_tokens":0,"prompt_tokens":262,"total_tokens":262}}

2026-03-27 21:06:36.400 [tomcat-handler-21] DEBUG c.a.rag.gateway.cache.EmbeddingCache - Cached embedding for textHash: 3c07d6ffb79dbf7d8580dda14e716fede86a1886501b7d10bb5790e0b9428842, vector dimension: 2048
2026-03-27 21:06:36.400 [tomcat-handler-21] DEBUG c.a.rag.gateway.EmbeddingGateway - Embedding 已缓存：textHash=3c07d6ff
2026-03-27 21:06:36.404 [tomcat-handler-21] DEBUG c.a.r.service.impl.VectorServiceImpl - 向量已写入 Redis: chunkId=10, vectorSize=8192 bytes
2026-03-27 21:06:36.404 [tomcat-handler-21] DEBUG c.a.r.service.impl.VectorServiceImpl - 切片向量化成功: chunkId=10
2026-03-27 21:06:36.404 [tomcat-handler-21] DEBUG org.mybatis.spring.SqlSessionUtils - Fetched SqlSession [org.apache.ibatis.session.defaults.DefaultSqlSession@1862e2c3] from current transaction
2026-03-27 21:06:36.404 [tomcat-handler-21] DEBUG c.a.r.m.C.batchUpdateVectorized - ==>  Preparing: UPDATE resource_chunks SET vectorized = ? WHERE id IN ( ? , ? , ? , ? )
2026-03-27 21:06:36.405 [tomcat-handler-21] DEBUG c.a.r.m.C.batchUpdateVectorized - ==> Parameters: true(Boolean), 7(Long), 8(Long), 9(Long), 10(Long)
2026-03-27 21:06:36.408 [tomcat-handler-21] DEBUG c.a.r.m.C.batchUpdateVectorized - <==    Updates: 4
2026-03-27 21:06:36.408 [tomcat-handler-21] DEBUG org.mybatis.spring.SqlSessionUtils - Releasing transactional SqlSession [org.apache.ibatis.session.defaults.DefaultSqlSession@1862e2c3]
2026-03-27 21:06:36.408 [tomcat-handler-21] INFO  c.a.r.service.impl.VectorServiceImpl - 批量更新向量化状态: 4 个切片
2026-03-27 21:06:36.408 [tomcat-handler-21] DEBUG org.mybatis.spring.SqlSessionUtils - Fetched SqlSession [org.apache.ibatis.session.defaults.DefaultSqlSession@1862e2c3] from current transaction
2026-03-27 21:06:36.408 [tomcat-handler-21] DEBUG c.a.r.m.ChunkMapper.findByResourceId - ==>  Preparing: SELECT id, resource_id, chunk_index, chunk_text, location_info, page_start, page_end, chapter_path, text_hash, vectorized, created_at FROM resource_chunks WHERE resource_id = ? ORDER BY chunk_index ASC
2026-03-27 21:06:36.409 [tomcat-handler-21] DEBUG c.a.r.m.ChunkMapper.findByResourceId - ==> Parameters: 5(Long)
2026-03-27 21:06:36.411 [tomcat-handler-21] DEBUG c.a.r.m.ChunkMapper.findByResourceId - <==      Total: 4
2026-03-27 21:06:36.411 [tomcat-handler-21] DEBUG org.mybatis.spring.SqlSessionUtils - Releasing transactional SqlSession [org.apache.ibatis.session.defaults.DefaultSqlSession@1862e2c3]
2026-03-27 21:06:36.411 [tomcat-handler-21] DEBUG org.mybatis.spring.SqlSessionUtils - Fetched SqlSession [org.apache.ibatis.session.defaults.DefaultSqlSession@1862e2c3] from current transaction
2026-03-27 21:06:36.411 [tomcat-handler-21] DEBUG c.a.r.m.R.updateChunkStatus - ==>  Preparing: UPDATE resources SET chunk_count = ?, vectorized = ? WHERE id = ?
2026-03-27 21:06:36.411 [tomcat-handler-21] DEBUG c.a.r.m.R.updateChunkStatus - ==> Parameters: 4(Integer), true(Boolean), 5(Long)
2026-03-27 21:06:36.413 [tomcat-handler-21] DEBUG c.a.r.m.R.updateChunkStatus - <==    Updates: 1
2026-03-27 21:06:36.413 [tomcat-handler-21] DEBUG org.mybatis.spring.SqlSessionUtils - Releasing transactional SqlSession [org.apache.ibatis.session.defaults.DefaultSqlSession@1862e2c3]
2026-03-27 21:06:36.413 [tomcat-handler-21] DEBUG c.a.r.s.impl.ResourceServiceImpl - 资源切片状态已更新: resourceId=5, chunkCount=4, vectorized=true
2026-03-27 21:06:36.413 [tomcat-handler-21] INFO  c.a.r.service.impl.VectorServiceImpl - 资源向量化完成: resourceId=5, chunkCount=4
2026-03-27 21:06:36.413 [tomcat-handler-21] INFO  c.a.r.s.impl.ProcessingServiceImpl - 向量化任务已触发: 资源ID=5
2026-03-27 21:06:36.415 [tomcat-handler-21] DEBUG c.a.r.s.impl.ProcessingServiceImpl - 已释放分布式锁: resource:upload:45fe6e00d3e518cded3765d5c615681fc9a63e22a1ea4aa3bc9b6fdc945f9f6d
2026-03-27 21:06:36.415 [tomcat-handler-21] DEBUG org.mybatis.spring.SqlSessionUtils - Transaction synchronization committing SqlSession [org.apache.ibatis.session.defaults.DefaultSqlSession@1862e2c3]
2026-03-27 21:06:36.415 [tomcat-handler-21] DEBUG org.mybatis.spring.SqlSessionUtils - Transaction synchronization deregistering SqlSession [org.apache.ibatis.session.defaults.DefaultSqlSession@1862e2c3]
2026-03-27 21:06:36.415 [tomcat-handler-21] DEBUG org.mybatis.spring.SqlSessionUtils - Transaction synchronization closing SqlSession [org.apache.ibatis.session.defaults.DefaultSqlSession@1862e2c3]
2026-03-27 21:06:42.408 [tomcat-handler-22] DEBUG c.a.r.c.SecurityConfig$JwtAuthenticationFilter - Authenticated user: 2
2026-03-27 21:06:42.411 [tomcat-handler-22] INFO  c.a.r.controller.ResourceController - POST /api/resources - userId=2, title=cs_algorithms_intro, file=cs_algorithms_intro.md
2026-03-27 21:06:42.414 [tomcat-handler-22] INFO  c.a.r.s.impl.ProcessingServiceImpl - 开始处理资源上传: title=cs_algorithms_intro, file=cs_algorithms_intro.md
2026-03-27 21:06:42.415 [tomcat-handler-22] DEBUG c.a.r.s.impl.ProcessingServiceImpl - 文件内容哈希: 5ed84e5af38c10f467662da3ac9e4c74cd877dd3d318690ddc9d1525f30b80cf
2026-03-27 21:06:42.415 [tomcat-handler-22] DEBUG org.mybatis.spring.SqlSessionUtils - Creating a new SqlSession
2026-03-27 21:06:42.415 [tomcat-handler-22] DEBUG org.mybatis.spring.SqlSessionUtils - Registering transaction synchronization for SqlSession [org.apache.ibatis.session.defaults.DefaultSqlSession@2dc351a2]
2026-03-27 21:06:42.415 [tomcat-handler-22] DEBUG o.m.s.t.SpringManagedTransaction - JDBC Connection [HikariProxyConnection@374509598 wrapping com.mysql.cj.jdbc.ConnectionImpl@42789ae9] will be managed by Spring
2026-03-27 21:06:42.415 [tomcat-handler-22] DEBUG c.a.r.m.R.findByContentHash - ==>  Preparing: SELECT id, title, tags, file_type, file_path, file_size, description, content_hash, uploaded_by, upload_time, chunk_count, vectorized FROM resources WHERE content_hash = ?
2026-03-27 21:06:42.415 [tomcat-handler-22] DEBUG c.a.r.m.R.findByContentHash - ==> Parameters: 5ed84e5af38c10f467662da3ac9e4c74cd877dd3d318690ddc9d1525f30b80cf(String)
2026-03-27 21:06:42.417 [tomcat-handler-22] DEBUG c.a.r.m.R.findByContentHash - <==      Total: 0
2026-03-27 21:06:42.417 [tomcat-handler-22] DEBUG org.mybatis.spring.SqlSessionUtils - Releasing transactional SqlSession [org.apache.ibatis.session.defaults.DefaultSqlSession@2dc351a2]
2026-03-27 21:06:42.421 [tomcat-handler-22] DEBUG com.aetheris.rag.util.FileUtil - 文件已保存: /Users/ice/Projects/Aetheris/uploads/1774616802421_cs_algorithms_intro.md
2026-03-27 21:06:42.421 [tomcat-handler-22] DEBUG org.mybatis.spring.SqlSessionUtils - Fetched SqlSession [org.apache.ibatis.session.defaults.DefaultSqlSession@2dc351a2] from current transaction
2026-03-27 21:06:42.421 [tomcat-handler-22] DEBUG c.a.rag.mapper.ResourceMapper.insert - ==>  Preparing: INSERT INTO resources ( title, tags, file_type, file_path, file_size, description, content_hash, uploaded_by, upload_time, chunk_count, vectorized ) VALUES ( ?, ?, ?, ?, ?, ?, ?, ?, ?, ?, ? )
2026-03-27 21:06:42.422 [tomcat-handler-22] DEBUG c.a.rag.mapper.ResourceMapper.insert - ==> Parameters: cs_algorithms_intro(String), cs_algorithms_intro(String), MARKDOWN(String), /Users/ice/Projects/Aetheris/uploads/1774616802421_cs_algorithms_intro.md(String), 2418(Long), cs_algorithms_intro(String), 5ed84e5af38c10f467662da3ac9e4c74cd877dd3d318690ddc9d1525f30b80cf(String), 2(Long), 2026-03-27 21:06:42.421534(Timestamp), 0(Integer), false(Boolean)
2026-03-27 21:06:42.424 [tomcat-handler-22] DEBUG c.a.rag.mapper.ResourceMapper.insert - <==    Updates: 1
2026-03-27 21:06:42.424 [tomcat-handler-22] DEBUG org.mybatis.spring.SqlSessionUtils - Releasing transactional SqlSession [org.apache.ibatis.session.defaults.DefaultSqlSession@2dc351a2]
2026-03-27 21:06:42.424 [tomcat-handler-22] INFO  c.a.r.s.impl.ProcessingServiceImpl - 资源记录已创建: 6
2026-03-27 21:06:42.424 [tomcat-handler-22] DEBUG c.a.r.s.impl.DocumentServiceImpl - 开始处理文档: filePath=/Users/ice/Projects/Aetheris/uploads/1774616802421_cs_algorithms_intro.md, fileType=MARKDOWN, resourceId=6
2026-03-27 21:06:42.424 [tomcat-handler-22] INFO  c.a.rag.util.MarkdownProcessor - 开始处理 Markdown 文件: /Users/ice/Projects/Aetheris/uploads/1774616802421_cs_algorithms_intro.md
2026-03-27 21:06:42.424 [tomcat-handler-22] DEBUG c.a.rag.util.MarkdownProcessor - Markdown 文件长度: 1516 字符
2026-03-27 21:06:42.426 [tomcat-handler-22] DEBUG c.a.rag.util.MarkdownProcessor - 提取到 33 个文本块
2026-03-27 21:06:42.426 [tomcat-handler-22] DEBUG c.a.rag.util.MarkdownProcessor - 创建切片 0: 章节 算法导论 - 第三章>3.2 动态规划>3.2.2 经典案例：斐波那契数列, 长度 976
2026-03-27 21:06:42.426 [tomcat-handler-22] DEBUG c.a.rag.util.MarkdownProcessor - 创建切片 1: 章节 算法导论 - 第三章>总结, 长度 833
2026-03-27 21:06:42.426 [tomcat-handler-22] INFO  c.a.rag.util.MarkdownProcessor - Markdown 处理完成，共生成 2 个切片
2026-03-27 21:06:42.426 [tomcat-handler-22] DEBUG c.a.r.s.impl.DocumentServiceImpl - 文档处理完成: 共生成 2 个切片
2026-03-27 21:06:42.426 [tomcat-handler-22] DEBUG org.mybatis.spring.SqlSessionUtils - Fetched SqlSession [org.apache.ibatis.session.defaults.DefaultSqlSession@2dc351a2] from current transaction
2026-03-27 21:06:42.427 [tomcat-handler-22] DEBUG c.a.r.mapper.ChunkMapper.batchInsert - ==>  Preparing: INSERT INTO resource_chunks ( resource_id, chunk_index, chunk_text, location_info, page_start, page_end, chapter_path, text_hash, vectorized, created_at ) VALUES (?, ?, ?, ?, ?, ?, ?, ?, ?, ?) , (?, ?, ?, ?, ?, ?, ?, ?, ?, ?)
2026-03-27 21:06:42.427 [tomcat-handler-22] DEBUG c.a.r.mapper.ChunkMapper.batchInsert - ==> Parameters: 6(Long), 0(Integer), 算法导论 - 第三章3.1 分治策略分治法是算法设计中的重要思想，其核心思想是将一个复杂的问题分解成若干个规模较小、相互独立、与原问题形式相同的子问题，然后递归地解决这些子问题，最后将子问题的解合并得到原问题的解。3.1.1 分治法的基本步骤分解：将原问题分解为若干个规模较小的子问题解决：递归地求解各子问题合并：将子问题的解合并成原问题的解分解：将原问题分解为若干个规模较小的子问题解决：递归地求解各子问题合并：将子问题的解合并成原问题的解3.1.2 经典案例：归并排序归并排序是分治法的典型应用。其时间复杂度为 O(n log n)，是一种稳定的排序算法。def merge_sort(arr):
    if len(arr) <= 1:
        return arr

    mid = len(arr) // 2
    left = merge_sort(arr[:mid])
    right = merge_sort(arr[mid:])

    return merge(left, right)

def merge(left, right):
    result = []
    i = j = 0

    while i < len(left) and j < len(right):
        if left[i] <= right[j]:
            result.append(left[i])
            i += 1
        else:
            result.append(right[j])
            j += 1

    result.extend(left[i:])
    result.extend(right[j:])
    return result
3.2 动态规划动态规划是解决多阶段决策过程最优化的一种方法。与分治法不同，动态规划适用于子问题重叠的情况。3.2.1 动态规划的核心要素最优子结构：问题的最优解包含子问题的最优解重叠子问题：子问题被重复计算边界条件：最小子问题的解最优子结构：问题的最优解包含子问题的最优解重叠子问题：子问题被重复计算边界条件：最小子问题的解3.2.2 经典案例：斐波那契数列(String), 算法导论 - 第三章>3.2 动态规划>3.2.2 经典案例：斐波那契数列(String), null, null, 算法导论 - 第三章>3.2 动态规划>3.2.2 经典案例：斐波那契数列(String), fed501fb28f00e2a153400a409a1432f52865fd1a0c589089acb87083b4a85e0(String), false(Boolean), 2026-03-27 21:06:42.426381(Timestamp), 6(Long), 1(Integer), )
    return result
3.2 动态规划动态规划是解决多阶段决策过程最优化的一种方法。与分治法不同，动态规划适用于子问题重叠的情况。3.2.1 动态规划的核心要素最优子结构：问题的最优解包含子问题的最优解重叠子问题：子问题被重复计算边界条件：最小子问题的解最优子结构：问题的最优解包含子问题的最优解重叠子问题：子问题被重复计算边界条件：最小子问题的解3.2.2 经典案例：斐波那契数列def fibonacci(n, memo={}):
    if n in memo:
        return memo[n]
    if n <= 1:
        return n

    memo[n] = fibonacci(n-1, memo) + fibonacci(n-2, memo)
    return memo[n]
3.3 贪心算法贪心算法在每一步选择中都采取当前状态下最优的选择，期望通过局部最优选择得到全局最优解。3.3.1 贪心算法的应用活动选择问题霍夫曼编码最小生成树（Prim算法、Kruskal算法）活动选择问题霍夫曼编码最小生成树（Prim算法、Kruskal算法）总结本章介绍了三种重要的算法设计思想：分治法、动态规划和贪心算法。掌握这些思想对于解决复杂问题至关重要。参考文献：Cormen, T. H., et al. Introduction to Algorithms. MIT Press, 2022.Knuth, D. E. The Art of Computer Programming. Addison-Wesley, 2011.Cormen, T. H., et al. Introduction to Algorithms. MIT Press, 2022.Knuth, D. E. The Art of Computer Programming. Addison-Wesley, 2011.(String), 算法导论 - 第三章>总结(String), null, null, 算法导论 - 第三章>总结(String), 3759357292029160a57353a291b2bef7d42ef91d6d366792481d024102ed1a4b(String), false(Boolean), 2026-03-27 21:06:42.426381(Timestamp)
2026-03-27 21:06:42.433 [tomcat-handler-22] DEBUG c.a.r.mapper.ChunkMapper.batchInsert - <==    Updates: 2
2026-03-27 21:06:42.433 [tomcat-handler-22] DEBUG org.mybatis.spring.SqlSessionUtils - Releasing transactional SqlSession [org.apache.ibatis.session.defaults.DefaultSqlSession@2dc351a2]
2026-03-27 21:06:42.433 [tomcat-handler-22] INFO  c.a.r.s.impl.ProcessingServiceImpl - 已插入 2 个切片
2026-03-27 21:06:42.433 [tomcat-handler-22] DEBUG org.mybatis.spring.SqlSessionUtils - Fetched SqlSession [org.apache.ibatis.session.defaults.DefaultSqlSession@2dc351a2] from current transaction
2026-03-27 21:06:42.433 [tomcat-handler-22] DEBUG c.a.r.m.R.updateChunkStatus - ==>  Preparing: UPDATE resources SET chunk_count = ?, vectorized = ? WHERE id = ?
2026-03-27 21:06:42.433 [tomcat-handler-22] DEBUG c.a.r.m.R.updateChunkStatus - ==> Parameters: 2(Integer), false(Boolean), 6(Long)
2026-03-27 21:06:42.435 [tomcat-handler-22] DEBUG c.a.r.m.R.updateChunkStatus - <==    Updates: 1
2026-03-27 21:06:42.436 [tomcat-handler-22] DEBUG org.mybatis.spring.SqlSessionUtils - Releasing transactional SqlSession [org.apache.ibatis.session.defaults.DefaultSqlSession@2dc351a2]
2026-03-27 21:06:42.436 [tomcat-handler-22] DEBUG c.a.r.s.impl.ResourceServiceImpl - 资源切片状态已更新: resourceId=6, chunkCount=2, vectorized=false
2026-03-27 21:06:42.436 [tomcat-handler-22] INFO  c.a.r.service.impl.VectorServiceImpl - 开始向量化资源切片: resourceId=6
2026-03-27 21:06:42.436 [tomcat-handler-22] DEBUG org.mybatis.spring.SqlSessionUtils - Fetched SqlSession [org.apache.ibatis.session.defaults.DefaultSqlSession@2dc351a2] from current transaction
2026-03-27 21:06:42.436 [tomcat-handler-22] DEBUG c.a.r.m.C.findUnvectorizedByResourceId - ==>  Preparing: SELECT id, resource_id, chunk_index, chunk_text, location_info, page_start, page_end, chapter_path, text_hash, vectorized, created_at FROM resource_chunks WHERE resource_id = ? AND vectorized = FALSE ORDER BY chunk_index ASC
2026-03-27 21:06:42.436 [tomcat-handler-22] DEBUG c.a.r.m.C.findUnvectorizedByResourceId - ==> Parameters: 6(Long)
2026-03-27 21:06:42.438 [tomcat-handler-22] DEBUG c.a.r.m.C.findUnvectorizedByResourceId - <==      Total: 2
2026-03-27 21:06:42.438 [tomcat-handler-22] DEBUG org.mybatis.spring.SqlSessionUtils - Releasing transactional SqlSession [org.apache.ibatis.session.defaults.DefaultSqlSession@2dc351a2]
2026-03-27 21:06:42.438 [tomcat-handler-22] DEBUG c.a.r.service.impl.VectorServiceImpl - 批量向量化 2 个切片
2026-03-27 21:06:42.439 [tomcat-handler-22] DEBUG c.a.rag.gateway.cache.EmbeddingCache - Embedding cache miss for textHash: fed501fb28f00e2a153400a409a1432f52865fd1a0c589089acb87083b4a85e0
2026-03-27 21:06:42.439 [tomcat-handler-22] INFO  c.a.rag.gateway.EmbeddingGateway - 调用 Embedding API：model=embedding-3, textPreview=算法导论 - 第三章3.1 分治策略分治法是算法设计中的重要思想，其核心思想是将一个复杂的问题分解成若干个规模较小、相互独立、与原问题形式相同的子问题，然后递归地解决这些子问题，最后将子问题的解合并得到原问题的解。3.1.1 分治法的基本步骤分解：将原问题分解为若干个规模较小的子问题解决：递归地求解各子问题合并：将子问题的解合并成原问题的解分解：将原问题分解为若干个规模较小的子问题解决：递归地求解...[truncated]
2026-03-27 21:06:42.440 [tomcat-handler-22] INFO  d.l.h.client.log.LoggingHttpClient - HTTP request:
- method: POST
- url: https://open.bigmodel.cn/api/paas/v4/embeddings
- headers: [Authorization: Beare...7g], [Content-Type: application/json]
- body: {
  "input" : "算法导论 - 第三章3.1 分治策略分治法是算法设计中的重要思想，其核心思想是将一个复杂的问题分解成若干个规模较小、相互独立、与原问题形式相同的子问题，然后递归地解决这些子问题，最后将子问题的解合并得到原问题的解。3.1.1 分治法的基本步骤分解：将原问题分解为若干个规模较小的子问题解决：递归地求解各子问题合并：将子问题的解合并成原问题的解分解：将原问题分解为若干个规模较小的子问题解决：递归地求解各子问题合并：将子问题的解合并成原问题的解3.1.2 经典案例：归并排序归并排序是分治法的典型应用。其时间复杂度为 O(n log n)，是一种稳定的排序算法。def merge_sort(arr): if len(arr) <= 1: return arr mid = len(arr) // 2 left = merge_sort(arr[:mid]) right = merge_sort(arr[mid:]) return merge(left, right) def merge(left, right): result = [] i = j = 0 while i < len(left) and j < len(right): if left[i] <= right[j]: result.append(left[i]) i += 1 else: result.append(right[j]) j += 1 result.extend(left[i:]) result.extend(right[j:]) return result 3.2 动态规划动态规划是解决多阶段决策过程最优化的一种方法。与分治法不同，动态规划适用于子问题重叠的情况。3.2.1 动态规划的核心要素最优子结构：问题的最优解包含子问题的最优解重叠子问题：子问题被重复计算边界条件：最小子问题的解最优子结构：问题的最优解包含子问题的最优解重叠子问题：子问题被重复计算边界条件：最小子问题的解3.2.2 经典案例：斐波那契数列",
  "model" : "embedding-3"
}

2026-03-27 21:06:42.744 [tomcat-handler-22] INFO  d.l.h.client.log.LoggingHttpClient - HTTP response:
- status code: 200
- headers: [:status: 200], [content-type: application/json; charset=UTF-8], [date: Fri, 27 Mar 2026 13:06:42 GMT], [server: ZenZGA/2.4], [set-cookie: acw_tc=276077e717746168025142281e420a095cfcfbd4fead9c042ee0f44413d1c3;path=/;HttpOnly;Max-Age=1800], [strict-transport-security: max-age=31536000; includeSubDomains], [vary: [Accept-Encoding, Origin, Access-Control-Request-Method, Access-Control-Request-Headers, Origin, Access-Control-Request-Method, Access-Control-Request-Headers]], [x-log-id: 20260327210642f422e29582524d8d]
- body: {"data":[{"embedding":[-0.013759224,0.0100810155,-0.026156148,0.04181211,0.0065704747,0.009190281,-0.014953855,-0.005365364,-0.004969773,0.003670349,0.0058526476,-0.00975616,0.023599217,-0.0053286864,-0.011191813,-0.0106626125,-0.004796866,0.0025254935,-0.0012994241,-0.009122167,-0.008818269,0.002263513,-0.0096932845,0.030515507,-0.009352709,-0.006921529,-0.004891179,0.00009848835,0.0037620421,0.015393984,0.02953046,0.03615333,0.03164726,-0.0022818516,-0.0015548551,0.045018755,0.0007289612,-0.01828625,0.010243444,0.017898519,-0.0010387533,-0.0095413355,0.035671286,-0.026177106,0.025862731,-0.03238081,-0.043970834,-0.006963446,0.0133190965,0.021587206,-0.0040109237,-0.03722221,0.0011586094,0.020015322,0.007796544,0.024353722,-0.0070787175,0.043970834,-0.004343639,0.014649958,0.0007643286,0.020885097,-0.007613158,0.03191972,0.0006719804,-0.01745839,-0.018359603,-0.013832578,-0.025296852,-0.0176051,-0.00033795505,0.09188186,0.017825164,0.035671286,0.0030651737,-0.031898763,0.00392709,-0.010164849,0.02720407,0.0021050146,0.011296606,0.0033638317,0.0112022925,0.029320875,0.0014408936,-0.03074605,-0.023536341,0.013151429,0.024060303,-0.0055435104,-0.011191813,-0.000090628935,-0.007545043,0.009033093,0.027141197,0.013235263,-0.043258246,0.007817503,0.016221842,0.00216658,0.012878969,0.0019517558,0.015142482,0.0052160346,-0.000575375,0.03235985,0.008781591,-0.0020211807,0.010227725,-0.025527395,0.0032668987,-0.00060910505,-0.015111044,0.014608041,0.009022614,-0.021922542,-0.016138008,-0.008781591,0.04724035,0.01381162,-0.00016070876,-0.019816216,-0.00135444,0.0071415924,-0.018380562,0.019145546,-0.012648426,-0.017542224,-0.0030284964,0.0090016555,-0.0026905413,-0.021838708,0.11099596,-0.012700822,0.015435901,0.022823755,-0.011925359,0.002247794,-0.021304267,0.021880625,0.0065442766,0.0123235695,0.007283062,-0.010772645,0.021000369,-0.115858324,0.0024861963,0.0108145615,-0.03059934,-0.0015116284,-0.011495711,0.027015446,0.007256864,-0.025275894,-0.006921529,-0.02152433,0.0017500308,-0.052773383,-0.009331751,-0.005391562,-0.0647197,-0.0047025527,0.014063122,0.00084161287,0.0007911816,-0.01719641,0.030410714,-0.01910363,0.013256221,0.002448209,0.020120114,-0.0028896467,-0.01666197,-0.026575318,0.017364077,0.016022736,-0.015121523,-0.0093893865,0.009357949,-0.031626303,-0.01922938,0.0059941174,0.010185808,0.00031503174,0.014555645,0.019784778,-0.032317933,-0.012166382,0.020120114,-0.009934306,-0.0061408267,-0.011904401,0.01529967,-0.024542348,-0.007838462,0.007031561,0.024039345,0.012700822,0.005574948,0.0064028073,-0.033826943,0.010950792,0.00029816673,-0.004170732,0.030871801,0.020864138,0.02831487,0.014031684,0.023452507,0.02315909,-0.0020617878,0.0133190965,-0.015687402,0.009006895,0.011715774,-0.02940471,0.018611105,0.012637947,0.024584265,-0.026742985,-0.0043803165,-0.03709646,-0.028000493,-0.0409109,-0.029970586,-0.0053863223,0.0075188447,-0.02410222,-0.07218091,0.013518202,0.0045951405,-0.025485478,0.0024678577,-0.034078445,-0.018977879,0.0036258122,-0.034329943,-0.002369615,0.018516792,-0.035692245,-0.012491237,0.009572773,-0.004888559,0.03575512,0.026239982,0.018579667,0.0034293267,0.019397048,0.03181493,-0.01828625,0.0006644484,0.0000857168,0.008346704,-0.005873606,-0.008917822,0.02613519,0.0024364202,-0.034623362,-0.012721781,-0.010227725,-0.0069791647,-0.00082523905,-0.012795135,0.013287659,0.010264402,0.006350411,0.027434614,-0.022027334,0.03575512,-0.023117173,-0.018988358,-0.0027691354,-0.00025068273,0.02424893,0.015079606,0.011359481,-0.04034502,-0.017343119,0.009740441,0.029823877,0.014146956,-0.018443437,-0.0354617,-0.002070957,-0.014576604,-0.008435777,0.011118459,0.010316798,0.0044798693,0.0029839596,0.020769827,-0.013570598,0.012658905,0.006554756,-0.020162031,0.04133007,-0.0033612119,0.00091758725,0.019156026,-0.004170732,-0.0009837374,-0.028021451,0.003209263,0.014796668,0.024458515,-0.02720407,-0.012208299,0.018883565,-0.00017847432,0.0024076023,0.03032688,0.073815666,-0.0013596796,-0.03590183,0.019407528,-0.015058648,-0.019009316,-0.015760757,-0.032422725,-0.015792193,-0.0019727142,-0.02735078,0.01191488,0.030683175,0.010908875,-0.007822743,0.0060045966,-0.00609891,0.009724722,-0.011883442,0.00049317855,0.020067718,-0.00554875,-0.0208327,0.027916659,0.022656087,-0.017636538,-0.021859666,0.006947727,0.008566767,0.008860186,-0.018370083,0.012208299,-0.014178393,0.0067381426,0.019952446,0.00019795913,0.04019831,0.012878969,0.0066281105,-0.009148365,0.012920886,0.029216083,-0.014387977,0.016829638,-0.010751686,-0.02938375,0.013591556,0.010825041,-0.039297096,0.004228368,0.029467585,0.0068953307,0.0020211807,0.031773012,0.022593211,0.026742985,-0.0062194206,-0.014105039,-0.028021451,0.03778809,0.012784656,0.036907833,0.018768294,0.0083100265,0.006051753,-0.014136476,-0.0471146,0.0034319465,0.003358592,0.033261064,-0.015289191,-0.00934223,0.014524207,-0.052438047,0.035964705,-0.02181775,0.0034476654,-0.052060794,0.013654431,-0.0033402534,-0.00908025,0.0208327,-0.0071258736,-0.028671162,-0.019816216,0.024123179,-0.028147202,-0.14385882,0.04036598,-0.027329821,0.017709892,-0.014146956,0.0015496155,0.043383997,-0.0016360692,0.024751931,-0.003358592,-0.023389632,0.023180049,0.033764068,-0.0122816535,0.009274115,-0.010473986,-0.006879612,0.0028058128,0.005784533,-0.015058648,-0.010589258,-0.046527766,0.00062056666,0.020434491,0.011610983,0.05239613,0.03401557,0.029488543,0.015362546,-0.009955265,0.006811497,-0.0006719804,0.03219218,0.007995649,0.022844713,0.010128172,-0.00013770358,0.0026748225,-0.027036404,0.031123301,-0.01882069,0.0011992165,-0.02096893,-0.042440865,0.02209021,0.038270134,0.0015338968,-0.017647017,-0.0056535425,0.020539284,0.035587452,-0.009164083,0.02573698,-0.0024992954,-0.02747653,0.019784778,0.041874986,0.02303334,0.021503372,-0.016965868,0.0011586094,-0.009515137,0.0054491977,0.024290847,0.177057,-0.019145546,-0.00064709224,0.01868446,-0.01909315,0.017144013,0.0038589751,-0.007419292,0.044138502,0.030368797,0.043677416,0.0012601269,-0.011401398,-0.024814807,-0.028231036,0.010411112,-0.009908108,-0.008488174,0.0060360343,-0.02938375,0.020665035,0.007230666,0.030955633,0.0029839596,0.018590147,-0.0025359727,0.0020526184,0.025359727,0.01259603,-0.010264402,-0.01895692,-0.035650328,-0.00541776,-0.0074821673,0.012134944,0.0019111489,0.022362668,-0.007487407,0.0020801264,0.018045228,0.00257527,-0.01611705,-0.002816292,0.013560119,-0.012690343,0.02018299,-0.011925359,-0.014408936,-0.000116008305,0.0018666121,-0.020947972,-0.015886506,0.015152961,0.01584459,0.033282023,0.023473466,0.015236795,0.005784533,-0.005899804,-0.004710412,-0.011977755,-0.013832578,-0.020623118,-0.012501717,0.039359972,0.009578013,-0.001137651,-0.01219782,-0.036530584,0.0038511157,0.0066962256,-0.005606386,0.0048414026,-0.013476285,-0.026386691,-0.004658016,0.020497367,-0.019428486,0.016536219,-0.01895692,-0.0061041494,0.013560119,-0.012795135,0.0072516245,0.02017251,-0.017479349,0.0052579516,-0.017374557,-0.0059888777,0.000042285315,0.0056221047,-0.005250092,0.017479349,0.003670349,0.021419538,-0.00094313035,-0.019449444,-0.017542224,-0.017164972,-0.027308863,0.026638193,-0.014796668,-0.018254813,0.009536096,-0.0027534168,-0.011254689,-0.029195124,-0.0278957,0.017238326,-0.037033584,0.00069031905,-0.035587452,-0.020371616,-0.0126693845,-0.009557054,-0.019302735,0.031877805,0.019554237,0.012113986,0.020057239,0.027183112,0.00677482,-0.014398457,0.009892389,-0.013245742,0.021010848,0.004754949,0.042189363,-0.01909315,0.037976716,0.011107979,-0.030431673,-0.010227725,-0.02370401,-0.025296852,-0.012386445,-0.01733264,0.032548476,0.00011363411,-0.017018264,0.009630409,0.0032459402,-0.008771112,0.008959739,0.007922295,0.0061041494,-0.096911885,0.026156148,-0.011883442,0.028293911,0.024856724,0.005742616,-0.011852005,0.011841525,-0.015687402,-0.0005675156,-0.009855712,0.009567534,-0.004998591,0.0048859394,0.016054174,0.013235263,0.018642543,-0.006879612,-0.025883688,0.00058421685,-0.02112612,0.01286849,0.0050274087,0.027560364,0.0016622673,-0.019795258,0.025171101,-0.008603444,-0.021650082,0.00609891,-0.00866108,-0.05822258,-0.013560119,0.02871308,-0.0031935442,-0.0037332242,0.02816816,-0.01151667,0.01531015,0.0063451715,-0.020476408,0.007958972,-0.017898519,-0.005501594,0.01787756,0.0019517558,0.013926892,0.027979534,-0.006701465,0.030452631,-0.022928547,-0.022572253,0.02598848,-0.0004116371,0.05264763,0.03399461,0.014241268,-0.021450976,-0.032695185,-0.025171101,0.004089518,-0.04480917,-0.025569312,0.025254935,-0.033156272,0.031877805,0.00947846,-0.015477817,-0.003806579,0.0010380984,0.0031175697,0.013203825,-0.013581077,-0.00569022,0.015215836,0.0038746938,0.020528805,0.055707566,0.009284594,0.014712834,0.01151667,-0.0023368674,-0.019459924,-0.008425298,-0.01205111,-0.030159213,0.0073721358,0.033009563,0.013256221,0.04051269,-0.03977914,-0.053947058,0.029551418,-0.0040109237,0.011831046,-0.012030152,0.011139417,-0.022949506,-0.012470279,-0.010751686,-0.019659027,-0.043928917,-0.03451857,0.009410345,-0.017489828,-0.007298781,-0.016305676,0.01136996,0.02059168,-0.011212772,0.024144137,0.019784778,-0.030955633,0.0052553318,0.003819678,0.02519206,-0.09682805,0.04522834,-0.006596673,0.04183307,0.024835765,0.01990005,0.026030397,0.04619243,0.008886384,-0.00070734776,0.009667086,0.0052291336,0.018317686,0.051683545,-0.009729962,0.013455327,0.02437468,-0.0036782084,-0.019941967,-0.00058847404,-0.011390919,-0.011212772,-0.04455767,-0.02246746,-0.023536341,-0.012124465,-0.030368797,-0.014576604,-0.029593335,0.011631941,0.023934552,-0.005606386,0.0017159733,0.012250216,0.0062508583,0.033680234,-0.021566248,-0.019690465,-0.004416994,-0.015069127,0.027728032,0.025275894,-0.016735325,-0.021880625,0.0069372477,-0.008142359,-0.022698004,0.011998714,0.07125874,0.009630409,-0.0018731616,-0.03766234,-0.037473712,-0.03330298,0.0035760358,-0.004372457,0.026323816,0.0049723927,0.01408408,-0.020927014,-0.011663379,0.000121657264,-0.012889449,0.006973925,0.022509377,0.027434614,0.003803959,-0.0017068039,0.031500556,-0.011495711,-0.071174905,0.0025071548,-0.026156148,0.0025346628,0.015048169,0.003410988,-0.013350534,0.0005789772,-0.018579667,0.00031077454,0.012658905,0.0005540891,-0.0144822905,-0.031186176,-0.025820814,-0.014461332,0.00176051,0.031898763,0.0032197423,0.021566248,0.0035550774,0.0354617,-0.057342324,0.014953855,-0.015792193,-0.0011081782,-0.0020107015,0.03588087,-0.016567657,0.036614414,0.011631941,-0.03208739,-0.006109389,0.020612638,-0.014314623,-0.0013334815,-0.0031725857,-0.0076603144,0.019994363,0.018170979,0.0048807,0.0016635772,0.0006500395,0.035021573,0.014545166,-0.017531745,-0.0051007634,-0.0010236894,-0.048120607,0.0011684337,-0.013528681,0.03344969,-0.0054125204,-0.016714366,-0.015938902,-0.085217066,0.0057792934,0.021650082,0.029237041,0.016840117,-0.002398433,-0.0057059387,0.020706952,-0.03357544,0.022383627,-0.00066248357,-0.042168405,0.0028686882,-0.027120238,-0.02209021,-0.016913472,-0.023201007,0.023138132,-0.009698524,-0.025548354,-0.009111688,0.00717303,-0.032464642,0.02655436,-0.0018941201,-0.01029584,0.026889695,-0.031102343,0.02774899,-0.007246385,0.022174042,0.01802427,0.014587083,0.009714243,0.017835643,-0.005213415,0.018841648,-0.059647754,0.016819159,-0.016179925,-0.029090332,-0.004361978,-0.042880993,-0.009101208,-0.053318303,-0.0052867695,-0.014859542,0.0129313655,0.0071258736,0.01951232,-0.00060091814,-0.0086977575,-0.0069267685,-0.01719641,-0.020539284,0.0041759717,0.01516344,0.02898554,0.009667086,0.01667245,-0.00092806644,0.016284717,0.007214947,-0.0074821673,-0.017626058,0.0067800595,0.019281777,-0.011946318,-0.011757691,0.00473923,-0.014807147,-0.0200258,0.010646894,-0.046150513,0.0009935616,-0.0047077923,-0.00392709,-0.03749467,0.016735325,-0.012134944,-0.014387977,0.02315909,-0.00045879363,-0.024039345,-0.008205234,0.004102617,0.007901336,-0.00005395164,-0.0031097103,-0.022153083,0.016043695,0.024227971,-0.0062194206,-0.025254935,0.011265168,0.015257753,0.005732137,-0.035566494,0.000038580743,0.011485232,-0.04130911,-0.028147202,0.009729962,0.016693408,-0.012690343,-0.013340055,-0.0046894536,0.01774133,0.0016151108,-0.035587452,0.0073616565,-0.04837211,0.047198433,-0.0008704307,-0.0016203503,-0.007869899,0.016064653,-0.006785299,0.024814807,-0.010353476,0.09364236,-0.0038746938,-0.015582609,0.0019923628,0.003075653,-0.016976347,-0.017563183,-0.028671162,0.005674501,0.032695185,0.04304866,0.027602281,0.00076956814,-0.025883688,-0.000011911933,-0.008021847,0.007754627,0.014513728,0.00961469,-0.018359603,-0.020413533,-0.03562937,-0.015037689,-0.008676799,-0.024500431,0.014828105,-0.013979288,0.0010734657,-0.008744914,0.00033893748,-0.0054544373,-0.036216207,0.028293911,0.020277303,0.009976223,0.0039218506,-0.012941844,0.018275771,0.008865425,-0.057048906,-0.011862484,0.013560119,0.005213415,-0.00010061695,-0.03263231,0.025904646,0.0081214,-0.019218901,-0.008823508,-0.018265292,0.01773085,-0.0008330985,0.012575071,-0.014073601,-0.01394785,0.0176051,-0.010112453,0.011956797,-0.038249176,-0.0042178887,-0.0027193592,-0.021838708,-0.00017700068,0.02112612,-0.014461332,0.015938902,-0.019711424,0.0002819567,0.039318055,0.012030152,-0.030871801,0.00663859,0.025799856,0.010950792,0.014629,0.0096932845,-0.004511307,-0.00812664,-0.0060045966,0.00095950416,-0.015949382,-0.012962802,0.02695257,-0.025967522,-0.0235573,0.0050405078,0.003410988,0.021021327,-0.0006244964,0.0066700275,0.015593088,0.024710014,-0.014974814,-0.003466004,0.037557546,0.009190281,-0.023138132,0.003466004,0.019543758,0.020298261,-0.021377621,-0.000025543113,-0.0016609574,-0.01435654,-0.031835888,0.024814807,0.0062351394,-0.005658782,0.03047359,-0.0020617878,0.033156272,0.017563183,-0.021629123,0.011715774,0.03577608,-0.0057792934,0.014325102,-0.027413655,0.033428732,-0.0006280986,0.025171101,0.021482414,0.0034083682,0.00047156517,-0.0024822666,-0.025338769,-0.050300285,0.04791102,-0.012229257,-0.023745926,-0.04160253,0.02883883,0.0124598,0.018998837,0.042755242,0.0034607644,-0.021503372,0.031165218,0.014555645,-0.0012142804,-0.0006375954,0.0031778254,-0.013602035,0.006151306,0.026386691,0.019313214,-0.0022870912,0.007623637,-0.021838708,-0.01381162,0.0036624896,0.0029079854,-0.0060727117,-0.004684214,-0.05633632,-0.017311681,-0.008299547,0.008949259,-0.024961516,-0.013329576,-0.009515137,-0.008226193,0.000365463,0.042126488,-0.00022366598,-0.016965868,-0.0073721358,0.03263231,-0.015037689,0.012512196,0.011338523,-0.025254935,0.017028743,-0.008959739,-0.00027376978,0.0035105408,-0.016724845,0.00176051,-0.0010584019,-0.004969773,-0.023724968,-0.008330985,0.012606509,-0.010772645,-0.0010983539,-0.0075502824,0.0027167394,0.014702355,-0.041791152,-0.011527149,-0.016745804,0.024081262,-0.022509377,-0.025569312,0.015215836,0.00065462413,-0.020476408,-0.02869212,-0.020507846,-0.0037882403,-0.03560841,0.012805615,-0.028754996,0.017133534,0.027120238,0.0022713724,0.017500307,0.026889695,-0.010002421,-0.016777242,-0.002490126,0.027518447,-0.0027769948,0.002735078,0.025778897,-0.032255057,0.0005704629,0.009174562,-0.017678455,-0.022404585,-0.022257876,0.034078445,0.008629642,-0.009415585,0.027832825,-0.006240379,0.043719333,-0.016179925,0.012155903,0.006256098,-0.009017374,0.04304866,0.025380686,0.01638951,-0.02816816,0.02179679,0.0017801585,-0.009101208,-0.020329699,0.016085612,0.016148487,0.02341059,0.026722027,-0.0026368352,-0.011925359,-0.00024380574,0.031395763,0.017091617,0.005161019,0.007744148,0.011810088,0.017929956,-0.0044772495,-0.0054806354,0.035545535,0.018925482,0.009158843,0.0116529,0.018412,-0.011254689,-0.016420947,0.021985417,0.012533154,-0.0017592001,0.007272583,-0.022299793,-0.0042231283,0.02831487,0.028335828,0.030452631,-0.0039690067,0.019344652,-0.009148365,-0.014199352,-0.0016268998,0.010887916,0.013518202,0.009834753,-0.0030415955,0.05050987,-0.005268431,-0.004031882,-0.0012096957,-0.02965621,0.0015181779,-0.007429771,0.017940436,-0.03577608,-0.013874495,0.018988358,0.0037568025,0.0112022925,-0.0061198683,-0.0029027457,0.012837052,0.03724317,-0.014660438,-0.013518202,-0.0023512763,-0.015006252,0.002128593,-0.018495834,0.005433479,0.01802427,-0.0019334172,0.005580188,0.004372457,0.000063857784,-0.006863893,0.0013380662,0.0010119003,-0.025213018,-0.008074244,-0.0059364815,0.0021063245,0.02097941,0.0411624,-0.0011402708,0.008037566,0.010143891,-0.0011311015,0.012575071,-0.03114426,0.018569188,-0.04130911,-0.0077389083,0.021031806,-0.011841525,0.020465929,0.034581445,-0.006607152,-0.0028739278,0.00908025,0.0126693845,-0.015498775,0.02774899,0.015896985,-0.010442548,0.0032642789,-0.0019059093,0.027937617,-0.0035131606,-0.01327718,0.0400516,0.023242924,-0.020214427,-0.011831046,-0.0017644397,-0.043845084,-0.021922542,-0.032401767,0.014712834,0.024123179,0.021754874,-0.003586515,0.007272583,-0.014985293,-0.015352067,0.017364077,-0.05662974,0.029593335,-0.027937617,0.04235703,0.005360124,0.0030284964,-0.0195228,0.0042702844,0.029237041,-0.01341341,0.024793848,0.020476408,-0.008692518,0.005700699,0.009494179,-0.0023748546,-0.005983638,0.0012928746,-0.035692245,-0.03720125,-0.0071520717,-0.02315909,-0.005758335,0.012753218,-0.011810088,-0.017919477,0.06706705,-0.015268233,0.023808802,0.01788804,-0.04439,-0.014974814,-0.01694491,-0.006240379,0.04197978,0.012700822,-0.0032014037,-0.0064552035,-0.00433054,0.027853783,0.007188749,0.010877437,0.004244087,-0.0014828105,0.015268233,0.0031621065,0.010253923,0.0052972487,-0.004995971,0.008603444,-0.00067263533,0.0065757143,0.04265045,0.007932774,-0.010484465,-0.03669825,-0.027308863,-0.035671286,0.014293664,-0.012920886,-0.01273226,-0.0014068361,-0.0019962925,-0.0026787522,0.018998837,0.033847902,0.015645485,-0.017929956,-0.0012136254,0.062456187,-0.015215836,0.026239982,-0.01665149,-0.021650082,0.0061827432,-0.021964459,0.0068743723,0.009106448,0.0073930942,-0.018412,-0.0235573,-0.035671286,-0.012155903,-0.0115061905,0.01489098,-0.0006637935,-0.0072411452,0.021021327,-0.009824274,-0.005200316,0.0016701267,0.04644393,0.012564592,0.022677045,-0.02382976,0.019742861,0.0023918834,0.02154529,0.010489705,-0.011904401,-0.007545043,-0.012858011,0.021922542,-0.018516792,-0.024982475,0.01191488,0.0018928102,-0.009991942,-0.008231432,-0.01854823,0.059941173,0.006748622,0.011307085,0.017238326,0.029865794,0.0033638317,-0.04105761,-0.019585673,0.011694816,0.008325745,0.016997306,0.017846122,-0.022656087,0.024332764,-0.0052422327,0.01218734,0.0071573113,-0.0074402504,-0.0033769307,-0.0205812,0.015614047,0.0022805417,0.009143125,-0.010463507,-0.0027822345,0.034602404,-0.050467953,-0.0123235695,0.040848024,0.0046475367,-0.02167104,0.0048807,0.010269642,-0.0063189734,0.022802796,0.000090547066,0.011453794,0.025527395,-0.019218901,-0.021136599,-0.017919477,0.0018181457,-0.014995772,-0.04619243,0.02504535,0.0026577937,0.0055435104,0.0043410193,0.0052841497,0.024730973,-0.01354964,-0.037599463,-0.008053285,-0.005795012,0.017542224,0.023997428,-0.00082523905,-0.0025530015,0.034728155,-0.0043279203,-0.031584386,0.006339932,-0.0066857464,-0.00961469,0.021775832,0.07679177,-0.0235573,-0.006523318,-0.049126614,-0.0132667,-0.044641502,-0.0108564785,-0.021440497,-0.001042683,0.02504535,-0.0037856204,-0.01340293,-0.0059102834,0.0069948835,0.014817626,-0.000038069065,0.021010848,-0.0004142569,-0.035964705,-0.006580954,0.03235985,-0.026386691,0.015519734,0.003806579,-0.0049645333,-0.025778897,-0.026470525,-0.02341059,0.023515383,-0.01638951,0.0233058,0.014105039,-0.032024514,-0.018244334,-0.0023643754,0.0069005704,-0.0020644076,-0.008729195,-0.021629123,0.0018901904,0.020654555,0.02073839,-0.037809048,-0.01001814,0.03504253,0.016557178,0.0024010527,-0.021073723,0.022509377,-0.046527766,-0.000758434,-0.012166382,-0.029132249,-0.035650328,-0.025674105,-0.008844467,0.012124465,-0.014932897,0.003261659,0.0110975,-0.02096893,-0.029572377,0.018202417,0.016882034,0.019438965,-0.02776995,-0.023850719,-0.016703887,-0.007812263,-0.015750278,0.007455969,0.0077022314,0.030452631,0.017301202,-0.01854823,0.0018404141,0.09489987,0.028105285,-0.044767253,-0.0049304757,0.005307728,-0.050174534,0.03925518,0.017709892,0.021031806,0.024353722,0.006664788,0.005889325,-0.011359481,-0.020350657,-0.00079576625,0.008079483,0.031877805,-0.016599094,0.029886752,0.007812263,-0.02856637,0.008629642,-0.0057792934,-0.0026381451,-0.014849063,-0.015142482,0.01990005,0.012962802,-0.011831046,-0.0018391042,-0.005443958,0.02126235,0.012208299,0.0063032545,-0.030494548,0.029970586,-0.009897629,0.043677416,-0.0067800595,0.012774177,0.02774899,-0.03208739,-0.030410714,-0.0015810532,0.0019281777,0.0038222978,-0.011631941,0.002655174,-0.022111166,-0.014304143,-0.053402137,-0.000947715,0.016850596,0.024710014,0.014251747,-0.02573698,-0.025443561,0.028398704,0.03290477,-0.008776352,0.012344528,0.0069948835,-0.021440497,0.0100810155,-0.047324184,-0.00071324233,-0.049000863,-0.025778897,0.011139417,-0.0027717552,-0.0070944363,0.0017775387,0.031521514,-0.026344774,-0.011338523,-0.017573662,0.0075502824,0.04874936,-0.009242677,-0.00041916905,-0.0065704747,-0.0032302216,-0.017636538,-0.017982353,-0.013340055,0.01991053,0.01991053,0.02273992,0.021178516,-0.00649712,-0.022677045,0.00840434,-0.0018260052,-0.018076666,0.021691998,-0.03233889,0.029761001,-0.00009807901,-0.036844958,-0.06886947,-0.0032014037,0.017364077,0.029467585,-0.022236917,0.04833019,0.027308863,0.011621462,-0.0022923306,-0.02938375,0.006743382,-0.0073459377,0.0015050789,0.015792193,0.017028743,0.021157557,0.041854028,-0.0037594223,0.026344774,0.019407528,-0.009813795,0.016567657,-0.02938375,-0.015320629,-0.032988604,0.0016504781,0.016441906,0.0039821058,-0.041288152,-0.013916412,-0.0060727117,0.0063975677,-0.024877682,-0.007927534,-0.007529324,0.0144822905,0.010039099,-0.014000246,-0.0017592001,-0.009944785,-0.025862731,-0.0014343441,-0.015540692,-0.0015967721,-0.026051356,0.021136599,0.0028398703,0.031249052,-0.007005363,-0.018495834,0.009672326,-0.020224907,-0.00189543,0.0050588464,0.010411112,-0.038018633,-0.0064447243,-0.019659027,-0.007131113,-0.060905263,0.013203825,0.00797993,-0.0017225228,-0.012648426,0.022509377,0.0053706034,-0.012292133,0.0029210842,0.011443315,-0.0064290054,-0.0181605,-0.014146956,0.017626058,-0.005024789,-0.007455969,-0.01609609,-0.017479349,0.0030363558,0.004765428,-0.013968809,-0.017238326,0.049503863,-0.028671162,0.00015121196,0.018076666,0.0035026814,0.0036965471,-0.040596522,0.012575071,0.0047339904,0.009143125,0.0101229325,-0.01069405,-0.02546452,-0.0035786557,0.006025555,0.01625328,-0.00460038,0.0015391363,0.036069497,-0.026344774,0.010950792,0.00021711647,0.00017012369,-0.022174042,-0.024437556,0.004021403,-0.00029407328,-0.0064656828,-0.011317564,0.008509132,0.0072411452,-0.0105525805,0.017123055,0.04225224,-0.027979534,0.023284841,-0.010825041,-0.035838954,0.003573416,-0.015938902,-0.013109512,-0.009394626,-0.023808802,0.01991053,0.011066062,0.040114477,-0.034329943,-0.022530336,0.039066557,0.00352102,0.0057478556,-0.031102343,0.010908875,-0.019837175,0.001435654,0.034329943,0.017238326,0.00051249965,0.0053286864,-0.02004676,-0.012606509,-0.05105479,0.023201007,0.0052448525,0.011799608,0.03179397,-0.008142359,-0.017814685,-0.010898395,-0.024542348,-0.0056273444,0.0009863571,-0.007827982,-0.007995649,-0.017657496,-0.0021456215,-0.0088916235,-0.0010269642,-0.010950792,-0.012941844,-0.013832578,0.026638193,-0.02424893,0.018977879,0.004215269,-0.003764662,-0.025883688,-0.031542473,-0.00047778722,0.029320875,-0.019784778,-0.005501594,-0.015519734,0.053569805,0.029886752,0.008226193,0.0133190965,-0.02682682,-0.033554483,0.017563183,0.0054649166,0.017269764,-0.011464274,0.0028739278,-0.0072673433,-0.036090456,0.0155616505,0.020057239,-0.016609574,0.0001426976,0.014670917,-0.008315266,0.010432069,0.011642421,-0.019564716,-0.020958452,0.007073478,-0.008278589,-0.018715898,0.021304267,-0.014932897,-0.0053444053,0.042880993,-0.02598848,-0.012407403,0.036740165,0.03332394,-0.01609609,-0.013832578,0.0122816535,0.03562937,0.02152433,-0.017667975,0.0071573113,-0.01894644,0.0027586564,0.00352102,-0.040009685,-0.046150513,-0.02965621,-0.02030874,0.028126244,-0.0015483056,0.0014959095,-0.013591556,-0.010432069,-0.010652133,-0.0027429375,-0.028796913,0.07050423,-0.014031684,-0.0059783985,-0.016211363,-0.011852005,0.051683545,0.03233889,-0.012302612,0.004343639,-0.015341587,-0.021304267,0.017133534,0.013392451,0.004912137,-0.027329821,0.0033376336,0.0037017867,-0.022718962,-0.00014359814,0.01069929,-0.0027403177,0.01340293,0.008241911,-0.0148700215,-0.01449277,-0.038668346,0.008163317,0.011600504,-0.010762165,-0.05809683,-0.04468342,-0.01895692,-0.009908108,0.013298138,-0.004385556,-0.06555804,-0.016609574,0.02167104,0.0029944389,-0.0011265168,-0.046569683,0.012061589,-0.010390153,0.015194878,-0.00014097834,0.007513605,-0.012920886,-0.0068953307,-0.006418526,0.0061460664,0.018432958,0.02747653,-0.017374557,-0.0012391685,-0.020193469,-0.021482414,0.014125997,0.012355007,-0.007057759,-0.030264005,0.029761001,0.03900368,-0.01571884,0.01759462,-0.017405994,-0.01786708,-0.0031018509,-0.050300285,0.029761001,0.007330219,0.026156148,-0.0073040207,0.031353846,-0.0022412445,-0.012658905,-0.016620053,-0.015289191,0.0036493905,0.011883442,0.029006498,0.0025163242,0.021629123,0.014828105,-0.0066123917,0.0530668,0.032988604,0.007995649,0.014838584,-0.0018024269,0.025841773,-0.0032014037,0.013706828,0.0065861936,-0.0032590393,-0.013140949,-0.019019796,0.008650601,0.019271297,-0.0034424257,-0.0022098068,-0.036404833,-0.03453953,0.018998837,-0.03479103,-0.030767009,-0.017657496,-0.018715898,-0.015530213,0.029677168,-0.028000493,0.005983638,-0.0093893865,-0.02410222,0.01637903,-0.010091495,-0.0144822905,-0.00717827,-0.0020329698,-0.008189515,-0.003848496,-0.01774133,-0.027455572,-0.02004676,-0.024730973,-0.029362792,-0.023787843,0.02816816,0.03720125,0.009179802,-0.0324856,-0.026386691,0.003586515,-0.005973159,0.0049488144,-0.010620696,0.023201007,-0.04594093,-0.02640765,0.007340698,-0.013801141],"index":0,"object":"embedding"}],"model":"embedding-3","object":"list","usage":{"completion_tokens":0,"prompt_tokens":450,"total_tokens":450}}

2026-03-27 21:06:42.765 [tomcat-handler-22] DEBUG c.a.rag.gateway.cache.EmbeddingCache - Cached embedding for textHash: fed501fb28f00e2a153400a409a1432f52865fd1a0c589089acb87083b4a85e0, vector dimension: 2048
2026-03-27 21:06:42.765 [tomcat-handler-22] DEBUG c.a.rag.gateway.EmbeddingGateway - Embedding 已缓存：textHash=fed501fb
2026-03-27 21:06:42.775 [tomcat-handler-22] DEBUG c.a.r.service.impl.VectorServiceImpl - 向量已写入 Redis: chunkId=11, vectorSize=8192 bytes
2026-03-27 21:06:42.775 [tomcat-handler-22] DEBUG c.a.r.service.impl.VectorServiceImpl - 切片向量化成功: chunkId=11
2026-03-27 21:06:42.777 [tomcat-handler-22] DEBUG c.a.rag.gateway.cache.EmbeddingCache - Embedding cache miss for textHash: 3759357292029160a57353a291b2bef7d42ef91d6d366792481d024102ed1a4b
2026-03-27 21:06:42.778 [tomcat-handler-22] INFO  c.a.rag.gateway.EmbeddingGateway - 调用 Embedding API：model=embedding-3, textPreview=) return result 3.2 动态规划动态规划是解决多阶段决策过程最优化的一种方法。与分治法不同，动态规划适用于子问题重叠的情况。3.2.1 动态规划的核心要素最优子结构：问题的最优解包含子问题的最优解重叠子问题：子问题被重复计算边界条件：最小子问题的解最优子结构：问题的最优解包含子问题的最优解重叠子问题：子问题被重复计算边界条件：最小子问题的解3.2.2 经典案例：斐波那契数列def ...[truncated]
2026-03-27 21:06:42.780 [tomcat-handler-22] INFO  d.l.h.client.log.LoggingHttpClient - HTTP request:
- method: POST
- url: https://open.bigmodel.cn/api/paas/v4/embeddings
- headers: [Authorization: Beare...bQ], [Content-Type: application/json]
- body: {
  "input" : ") return result 3.2 动态规划动态规划是解决多阶段决策过程最优化的一种方法。与分治法不同，动态规划适用于子问题重叠的情况。3.2.1 动态规划的核心要素最优子结构：问题的最优解包含子问题的最优解重叠子问题：子问题被重复计算边界条件：最小子问题的解最优子结构：问题的最优解包含子问题的最优解重叠子问题：子问题被重复计算边界条件：最小子问题的解3.2.2 经典案例：斐波那契数列def fibonacci(n, memo={}): if n in memo: return memo[n] if n <= 1: return n memo[n] = fibonacci(n-1, memo) + fibonacci(n-2, memo) return memo[n] 3.3 贪心算法贪心算法在每一步选择中都采取当前状态下最优的选择，期望通过局部最优选择得到全局最优解。3.3.1 贪心算法的应用活动选择问题霍夫曼编码最小生成树（Prim算法、Kruskal算法）活动选择问题霍夫曼编码最小生成树（Prim算法、Kruskal算法）总结本章介绍了三种重要的算法设计思想：分治法、动态规划和贪心算法。掌握这些思想对于解决复杂问题至关重要。参考文献：Cormen, T. H., et al. Introduction to Algorithms. MIT Press, 2022.Knuth, D. E. The Art of Computer Programming. Addison-Wesley, 2011.Cormen, T. H., et al. Introduction to Algorithms. MIT Press, 2022.Knuth, D. E. The Art of Computer Programming. Addison-Wesley, 2011.",
  "model" : "embedding-3"
}

2026-03-27 21:06:43.037 [tomcat-handler-22] INFO  d.l.h.client.log.LoggingHttpClient - HTTP response:
- status code: 200
- headers: [:status: 200], [content-type: application/json; charset=UTF-8], [date: Fri, 27 Mar 2026 13:06:42 GMT], [server: ZenZGA/2.4], [set-cookie: acw_tc=276082aa17746168028587199ef399c35a5a0318dc801df3fa86b9e1e7bd98;path=/;HttpOnly;Max-Age=1800], [strict-transport-security: max-age=31536000; includeSubDomains], [vary: [Accept-Encoding, Origin, Access-Control-Request-Method, Access-Control-Request-Headers, Origin, Access-Control-Request-Method, Access-Control-Request-Headers]], [x-log-id: 20260327210642fe916589165f4d81]
- body: {"data":[{"embedding":[-0.015933517,0.0058947587,-0.027883654,0.03280934,-0.0067781694,0.012721114,-0.013149435,-0.0064033894,-0.011339781,-0.007988174,0.017346974,-0.011264825,0.034351293,-0.005137167,-0.0117038535,-0.026641525,-0.0078168465,-0.0059322366,-0.008652071,-0.009958448,0.01747547,-0.00050896505,-0.023557618,0.03758511,0.0045107487,-0.02210133,-0.0070137456,0.0014000721,-0.0066336114,0.013063771,0.025013909,0.038484585,0.030432161,-0.00029145862,-0.028419055,0.011147037,-0.016147677,0.005094335,0.008475388,0.0026020461,-0.0070030377,0.00938557,0.0208592,-0.030817648,0.010311812,-0.030474992,-0.01077761,-0.005867989,0.020473713,0.014434395,0.0058305105,-0.03818476,-0.003568444,0.014016783,0.028204896,0.034244213,0.0027653433,0.036792718,0.0053566815,0.018128658,0.0042965882,0.021137608,-0.0083576,0.0044893324,0.0010440309,-0.017935915,-0.043795757,-0.011104205,-0.021416018,-0.028997287,-0.00037511493,0.10545247,-0.016051305,0.009835306,-0.020944865,-0.014723511,0.012614034,-0.02252965,0.029661184,-0.011918014,0.0028028213,-0.016286882,0.006199937,0.020848492,0.002438749,-0.020527253,-0.008919771,-0.009958448,0.013481383,-0.0040663662,-0.024714084,0.012389166,0.011596774,0.012410582,0.04124725,0.010418893,-0.040797513,0.00750096,0.014744928,-0.010884691,0.018246446,-0.0012454753,-0.0030035963,0.008186272,-0.02338629,0.0247355,0.006232061,0.0014629817,0.025313733,-0.020013269,-0.015162541,-0.0003573798,-0.017625382,0.036064573,-0.0023129298,-0.02554931,0.005926883,-0.015837144,0.017678922,0.00033914272,0.0006913358,0.0063284333,0.008502159,0.009503358,-0.03580758,0.039405473,-0.01226067,-0.021919293,-0.0007455451,0.009460526,-0.0055681644,-0.026384532,0.121728644,0.009712164,0.003672847,0.015034044,-0.01295669,-0.022936555,-0.022508234,0.036385812,-0.013802623,0.0053513274,0.013727667,-0.010568804,0.02377178,-0.093373835,0.013481383,0.025849134,-0.026984181,0.012838902,-0.0051639373,0.036257315,0.0107829645,-0.018364234,-0.0054771462,-0.045744613,-0.0129138585,-0.048528694,-0.0081327325,0.0058144485,-0.058165904,-0.006655027,-0.0019247646,0.0045482265,0.015997766,0.000091938295,0.029232863,-0.018899634,0.013995367,0.004805219,-0.011468277,-0.0020827076,-0.019231584,-0.016522458,-0.0028724233,0.008127378,-0.002243328,-0.0115325255,-0.011404029,-0.036107406,-0.01596564,0.024499923,0.005680599,-0.0041761235,0.015976349,0.00047449864,-0.015580152,0.0012883072,0.010938231,-0.030603489,0.013053062,-0.0074206498,0.0152160805,-0.029618353,-0.00524157,-0.0057448465,0.047500726,0.0046071205,0.0009255735,0.009540835,-0.019317247,0.020452296,0.004931038,0.004194862,0.026919933,0.030025257,0.005244247,0.0017052504,0.008320123,0.021105485,-0.0035122267,0.02069858,-0.013202975,0.0040262113,0.0030865835,-0.025078157,0.014059615,0.023793194,0.01183235,-0.028033566,-0.011446862,-0.024371428,-0.014273776,-0.010247564,-0.01645821,-0.012828195,-0.0031294154,-0.013138726,-0.07971042,0.0137490835,0.0058626346,-0.0334304,-0.022037081,-0.0051505524,-0.015398117,0.0041707694,-0.038912904,0.0053566815,0.022186995,-0.022272658,-0.003667493,0.0008004237,0.0008452634,0.04004795,0.034929525,0.020098932,0.013738375,0.018503439,0.05666678,-0.014477228,-0.005329911,0.004995286,0.010124423,0.0026930643,0.012196422,0.019766985,-0.0043528057,-0.025485061,0.012881734,-0.0027184957,0.003763865,0.0045107487,-0.013556339,0.023900276,0.0068584797,0.026256038,0.023836028,-0.004912299,0.03064632,-0.024499923,-0.03602174,-0.02069858,-0.0017574519,0.026041877,0.017925207,0.040690433,-0.03199553,-0.015109,0.026598694,0.019070962,0.029125784,-0.01435944,-0.027498167,-0.0030116274,0.0053620352,0.0016624184,0.015740773,-0.002315607,0.006933436,-0.00025063433,0.029082952,-0.0032097255,-0.0051933844,0.02822631,-0.024457091,0.022572482,0.012967398,0.0002620116,0.037884936,-0.017882375,-0.010467079,-0.033109162,-0.0008559714,0.0034453017,0.0102368565,-0.024435675,-0.008336185,0.036171652,-0.02758383,0.007897156,0.032381017,0.10134059,-0.0077258283,-0.0181822,0.019435035,-0.0010681238,-0.02989676,0.013053062,-0.035400677,-0.00057923637,0.0027814053,-0.029918175,0.007988174,0.031652875,0.009433756,0.0065318854,-0.0032338186,0.006151751,-0.006205291,0.019070962,0.010852567,0.010065529,0.0009282505,-0.014487935,0.029554104,0.016319005,-0.0117038535,-0.019959727,-0.008073838,-0.003648754,0.004965839,-0.010263626,0.007822201,0.0011196561,-0.0064301593,-0.0019675966,-0.0021108163,0.03163146,0.0050916583,0.027219757,-0.023836028,0.0071475958,0.021084068,-0.017775293,-0.0002809179,-0.019927604,-0.03332332,0.015280329,0.01199297,-0.029511271,0.014616432,0.039491136,-0.008025653,0.026041877,0.034565452,0.009310613,0.023193548,-0.0025444906,0.00026385204,-0.015451657,0.024992492,0.00047851415,0.020195303,0.0055521023,0.022401154,-0.005005994,-0.008453973,-0.028740294,0.011671729,0.010547388,0.03726387,-0.014830592,0.016736617,-0.00377725,-0.027027015,0.03882724,-0.012678282,-0.0032498806,-0.03994087,-0.0036594619,0.012517662,0.01612626,0.016383253,-0.011800226,-0.037221037,-0.035550587,0.024692668,-0.0247355,-0.14956947,0.033580314,-0.0026836947,0.015548029,0.0020586147,-0.007077994,0.037221037,0.007945342,0.025420813,-0.0030303665,-0.0318242,0.03231677,0.03769219,0.005123782,0.002529767,-0.019338664,-0.006071441,0.002484258,0.0029982424,0.006333787,-0.017721754,-0.06450504,0.005155906,0.012710406,0.0022406508,0.044716645,0.039191313,0.014605723,-0.0030972916,0.0010882014,0.0027546352,0.0195207,0.01790379,0.015976349,0.021201856,0.025120988,-0.029489856,0.001284961,-0.020666456,0.018353527,-0.026919933,0.002337023,-0.014455812,-0.042724956,0.0027653433,0.021437433,-0.0023129298,-0.019349372,-0.0236647,0.036000326,0.051355608,-0.008641363,0.026748605,-0.013642003,-0.029425608,0.023793194,0.023514787,-0.0010801704,-0.000638465,-0.0032579117,0.01946716,-0.007163658,0.000320571,0.029661184,0.19188751,-0.021972833,-0.0030464286,0.017935915,-0.015312453,0.0029795035,-0.006526531,-0.006071441,0.022679562,0.029704016,0.037713606,0.0044786246,0.0023557618,-0.019552823,-0.049471,0.022037081,0.0052763713,-0.0069976836,0.01279607,-0.021126902,0.012067926,0.0014977827,0.028140647,-0.02349337,0.012089342,-0.013513507,-0.0010687931,0.00095033576,-0.007442066,-0.0053834515,0.00052268466,-0.023643283,-0.016822282,-0.011018541,0.027412502,-0.0022607283,0.019584948,-0.0069655594,-0.0021068007,-0.0016396638,-0.0022352969,-0.02377178,-0.0007328293,-0.0035336427,-0.012410582,0.007806138,-0.019659905,-0.018706892,-0.027027015,-0.015601569,-0.007383172,-0.021694425,0.011339781,0.009712164,0.041868314,0.03501519,-0.003919131,-0.0045857048,-0.014316607,0.007254676,-0.01779671,-0.004208247,-0.0159121,-0.017871667,0.032273937,0.012828195,0.018225031,0.0025070126,-0.022079913,0.030153751,0.013288639,0.009942386,0.003814728,-0.008239812,0.00024176676,-0.0070833475,-0.00044572086,-0.010986417,0.010959647,-0.0032150797,0.0057073687,0.023536203,-0.0053406195,0.006494407,0.016929362,-0.006114273,0.016029889,-0.008539637,-0.01968132,-0.0055788723,0.009969156,-0.008512867,0.0155051965,0.0058733425,0.033665977,-0.027241174,-0.010145838,-0.008266583,-0.004802542,-0.021737257,0.024478508,-0.011671729,-0.025228068,0.013449259,-0.0096586235,-0.007372464,0.0014067646,-0.03469395,0.0019381496,-0.03897715,0.014102448,-0.017186353,-0.021930002,-0.015440948,-0.0022794674,-0.019167336,0.02119115,0.014134571,0.00049959554,0.018246446,0.017668214,-0.008180918,-0.015730064,-0.0066603813,-0.0066068415,0.041011672,-0.012806779,0.038099095,-0.033623148,0.02392169,0.016950777,0.0058733425,-0.006087503,-0.020527253,-0.009214241,0.0022580514,-0.02769091,0.021565929,-0.024885412,-0.0006046679,-0.0028777772,-0.008759151,-0.030410744,0.007169012,0.033687394,0.008561053,-0.08729169,0.023407707,-0.006167813,0.009738934,0.0038120511,-0.009722872,-0.013502799,-0.0016128938,-0.012988814,0.00030233394,0.0041413223,0.016640246,-0.005022056,0.010718716,-0.013288639,-0.00013619248,0.002417333,-0.011607481,-0.00030651674,0.001912718,0.0038040201,0.00084927893,0.011928721,0.013824039,-0.0011357182,-0.008480743,0.017732462,-0.00057522085,-0.005942945,-0.0036434,0.0029125784,-0.045144964,-0.013267223,0.0027947903,-0.0043233586,0.01220713,0.0258063,-0.027498167,0.008978665,-0.007538438,-0.021865753,0.0027466042,-0.026898518,-0.01199297,0.022872306,-0.006055379,0.014552183,0.016211925,-0.013020938,0.026877102,-0.024928244,0.0003617299,0.040733267,0.0007810154,0.043538764,0.014016783,0.0068959575,-0.033151995,-0.018728307,0.0025899997,0.005137167,-0.046601254,0.00017266664,-0.0014817207,-0.011414737,0.030710569,0.01656529,-0.010044112,0.00022152193,0.007843616,-0.01585856,0.0057876785,-0.017250601,-0.020248845,-0.00035671055,-0.008459327,0.014145279,0.07003038,-0.018000163,0.0057930327,0.026384532,-0.016811574,-0.0026435396,0.0041118753,0.0068959575,-0.034329876,0.010515264,0.05915104,0.016094137,0.042189553,-0.04270354,-0.038505998,0.015237496,0.005038118,0.02886879,0.002511028,-0.012271378,-0.00000851203,-0.011350489,-0.023214962,-0.015751481,-0.017732462,-0.027862238,0.006478345,-0.02978968,0.0019863355,-0.025999045,0.032723673,0.00986743,-0.009540835,0.030474992,0.017989455,-0.021747965,0.0071422416,-0.008876939,0.021437433,-0.104510166,0.026662942,0.0064997612,0.020131057,0.018578395,-0.0057769706,0.02569922,0.030260833,-0.0054584076,-0.002067984,0.011371905,0.014595016,0.021255396,0.038677327,0.016790157,-0.008743089,0.024371428,-0.0020023976,-0.03360173,0.010333228,0.0019836586,0.0045214565,-0.037606526,-0.013824039,-0.021598054,-0.03510085,-0.020784244,-0.0054075443,-0.007591978,0.0008171549,0.034287043,0.0101779625,0.026234621,0.016875822,0.018075118,0.02936136,-0.016094137,0.020098932,-0.010708009,0.014862716,0.027134094,0.025228068,0.008566407,-0.002460165,-0.00078168465,-0.0044063455,-0.03188845,0.014509352,0.084935926,0.023793194,0.013427842,-0.0030865835,-0.03769219,-0.036899798,0.01576219,-0.016929362,0.0045857048,-0.005056857,0.013010231,-0.016254757,-0.018610518,0.007163658,0.00717972,-0.010525973,0.0014388886,0.037135374,-0.008850169,-0.0035952139,0.021169733,0.00938557,-0.08450761,0.0016369869,-0.019178044,-0.006055379,0.016136969,-0.0007401911,-0.014691388,-0.020623624,-0.018021578,-0.0038548831,-0.0021429402,0.00032458652,-0.03827042,-0.02925428,-0.0022486818,-0.0112434095,0.012592618,0.038634494,0.007886448,0.0291472,0.012646158,0.015408824,-0.051655434,0.019145919,-0.006012547,-0.0014723511,-0.018535564,0.022658147,-0.003525612,0.03649289,0.018139366,-0.04942817,0.019381495,0.026213204,-0.022015667,-0.015569445,0.005048826,0.019456452,0.017464763,0.008105963,0.02387886,0.013856163,-0.0031160305,0.019766985,0.032016944,-0.047029573,-0.01263545,-0.0067942315,-0.040990256,0.01586927,-0.0058733425,0.028676048,-0.008834107,0.00039418857,-0.012517662,-0.03827042,-0.0104296,0.020869909,0.030346496,0.04043344,0.016383253,-0.004850728,0.012057218,-0.01887822,0.030410744,-0.025313733,-0.031845618,0.008379017,0.005782325,-0.0043153274,-0.02559214,-0.010274334,0.015398117,-0.026984181,0.0013960566,-0.0031187076,0.013128019,-0.042981945,0.013438551,0.001960904,0.0015687232,0.008951895,-0.025356565,0.04377434,0.01763609,0.021619469,0.016950777,-0.0066014873,0.023557618,0.015987057,-0.02070929,0.02672719,-0.05593864,0.027947903,-0.026020462,-0.017807418,-0.009149994,-0.02619179,-0.0148412995,-0.03994087,-0.005035441,-0.0033435756,-0.0057180766,-0.0021442787,-0.0056377663,-0.009423047,-0.011521817,-0.0067942315,-0.02430718,-0.0144665195,-0.018342819,0.010611637,0.039384056,-0.0009389585,-0.004845374,0.012217837,-0.001805638,0.009995926,0.0030410744,-0.021308938,-0.00006947657,0.009819244,-0.02494966,0.007324278,0.013053062,-0.018192906,-0.025613558,-0.00002973982,-0.045401957,-0.0057073687,-0.003576475,-0.008909063,-0.03747803,-0.007918572,-0.030175168,-0.040069368,0.0103225205,0.0101619,-0.03764936,-0.00038481905,-0.0010781626,0.026363118,0.01580502,0.0033542837,-0.020313092,0.023257794,0.01785025,0.01002805,-0.032895003,-0.026919933,0.010499203,0.005841219,-0.041589905,-0.0030383975,0.028419055,-0.065361686,-0.019595657,0.00004071971,0.016319005,-0.0062695392,-0.0019756276,-0.004751679,0.011264825,-0.013470675,-0.016640246,-0.018310694,-0.044802308,0.0247355,-0.018578395,-0.011971554,-0.0150447525,0.013277931,-0.022486819,-0.0011283564,-0.0057609086,0.088148326,0.0055735186,-0.026770022,0.0040395963,0.00008742085,0.0033194828,-0.018417776,-0.03520793,0.007988174,-0.0060232547,0.013791915,0.018246446,-0.0051933844,-0.030346496,0.0044357926,-0.0073617557,0.0005193384,0.006355203,-0.008004236,0.0091714095,-0.008641363,-0.029040119,-0.004674046,0.011307657,-0.007484898,0.014702096,0.011896597,-0.022465402,-0.004963162,-0.0042992653,-0.011757393,-0.043688674,0.0015165217,0.029639767,0.00383079,0.009985218,-0.007388526,0.0034693948,0.028397638,-0.026148956,-0.018203614,0.011971554,-0.007907865,0.0051184283,-0.024157267,0.028526135,-0.008223751,-0.0012976768,-0.027776575,-0.016319005,0.021490972,0.013577755,0.021587346,-0.026984181,-0.014916256,-0.004923007,-0.0036166299,0.0071154716,-0.040990256,-0.0066978596,-0.02430718,-0.022251243,-0.017571842,0.022572482,-0.013053062,0.020816369,-0.01188589,-0.007806138,0.058637056,-0.0081916265,-0.022700978,-0.0023999324,0.025784886,0.014648556,0.030025257,0.022508234,-0.0026850333,0.008930479,0.005043472,-0.001762806,0.002583307,0.010857921,0.01694007,-0.018128658,-0.02140531,-0.014059615,-0.017721754,0.027176926,0.016586706,0.008025653,0.0034827797,0.03193128,-0.00095502054,0.0014000721,0.028054982,0.023750363,-0.01580502,0.008502159,0.010686592,0.03334474,-0.020184597,-0.018642643,0.008122024,-0.034051467,-0.0029634414,0.015462364,-0.006189229,0.0101619,0.017764587,0.009053621,0.03865591,0.025249485,-0.0066657355,0.010231502,0.03687838,0.005825157,-0.027433919,-0.038291838,0.03330191,-0.007334986,0.023750363,0.020645041,-0.005867989,-0.010017342,0.0019488576,0.0011685115,-0.023964522,0.04570178,-0.014006075,-0.010766903,-0.019670611,0.028376224,0.013395719,0.013931119,0.04356018,0.012614034,-0.013727667,0.026320286,0.017893082,0.008405787,-0.016329713,0.00943911,-0.03188845,0.02726259,0.015333869,0.00086266396,-0.016222633,0.014712804,-0.011650314,-0.01040283,0.003584506,-0.009005435,-0.022294074,0.0032097255,-0.041225832,-0.01994902,-0.006612195,0.0057448465,-0.04199681,-0.01736839,0.018267862,-0.0044759475,-0.012067926,0.042853452,0.015419533,0.0020104286,-0.008834107,0.032873586,-0.0013157466,0.037306704,-0.003640723,-0.015398117,0.018739015,-0.021844337,0.0006685813,0.029082952,-0.023429124,0.0012789378,-0.01236775,-0.018257154,-0.034115717,-0.030153751,0.018053703,-0.0004092467,-0.014402271,-0.029982423,-0.017839542,0.018096535,-0.045016468,-0.014980504,-0.019874064,0.026620109,-0.014338024,-0.008159502,-0.013095895,0.00058358646,0.0065479474,-0.016211925,-0.037306704,0.0015740773,-0.030731985,0.016383253,-0.02833339,0.0013244469,0.04715807,-0.009963802,0.0030116274,0.027198343,0.003635369,-0.0002993223,-0.0017895759,0.020302385,0.009390923,-0.00744742,0.00046044437,-0.044159826,0.022593899,0.007907865,-0.003707648,0.0030035963,-0.020473713,0.023471955,0.013556339,-0.0060821488,0.02796932,-0.009048267,0.055296157,0.0018391005,0.018867511,-0.009364153,-0.008662779,0.033794474,0.012196422,0.028311975,-0.023450539,0.011628897,-0.00037779193,-0.0040128264,-0.00984066,0.01854627,0.0058626346,0.02441426,0.03520793,-0.012614034,-0.0029687954,-0.006253477,0.04527346,0.046858247,0.006130335,0.011221993,0.021051945,0.025442228,0.014819884,-0.022700978,0.040347777,0.017432638,0.011907306,0.0041306145,0.03576475,-0.0018203615,0.0021322323,0.015548029,0.011661021,0.0035791518,-0.026534446,-0.0055895806,-0.015473072,0.030474992,0.03683555,0.02274381,0.0080470685,0.019327955,0.008437911,0.00032341533,0.0029125784,-0.009829952,-0.0066068415,-0.008898355,-0.02726259,0.056795277,-0.0024454414,-0.012142882,0.009856722,-0.036278732,0.0010580851,-0.0068638334,-0.007211844,-0.02936136,-0.022551065,0.010643761,-0.0032686195,-0.00024427645,-0.005115751,0.0022299427,0.006494407,0.03370881,-0.009037559,-0.0030812295,0.016854405,0.005158583,0.01021544,-0.034222797,0.0020639687,0.011918014,-0.0117895175,0.0155908605,-0.011414737,-0.01005482,-0.010959647,0.000516996,0.003721033,-0.022786641,-0.010274334,0.0012427983,0.013288639,0.020441588,0.012881734,0.0034158546,0.014220236,-0.0053647123,-0.0029473794,0.0071850736,-0.026791438,0.016554581,-0.048485864,-0.0016410024,0.014370147,0.006628257,0.01612626,0.020591501,-0.0043581594,0.0031588625,0.0045990897,0.011864473,-0.014637847,0.03370881,0.015109,-0.006478345,0.0073028617,0.011393321,0.029511271,-0.01002805,-0.0058037406,0.0357005,-0.0015539997,-0.0231293,-0.0031936637,-0.009776412,-0.026491614,-0.004615152,-0.026320286,-0.010017342,-0.0043420973,0.026491614,0.008512867,0.0029125784,-0.029404191,-0.025613558,0.034929525,-0.06313442,0.0073028617,-0.03167429,0.028311975,-0.009765704,0.009969156,-0.003731741,0.0088822935,0.037777856,-0.012035802,0.008202335,0.0025458292,-0.020077515,-0.00830406,0.01736839,0.0159121,-0.0120786335,0.0070994096,-0.027733743,-0.031096058,-0.03520793,-0.01581573,-0.013620587,0.02377178,-0.015655108,-0.022058498,0.05559598,-0.025206652,0.020987697,0.024071604,-0.03876299,-0.007094056,-0.026770022,-0.0016289558,0.060050514,0.0045696427,0.0014723511,-0.0286118,0.0057127224,0.028783128,0.0013866872,0.018503439,0.0055895806,-0.011896597,-0.0014884132,-0.013438551,0.01843919,-0.0064729913,-0.021972833,0.00089947274,0.002038537,-0.0019501961,0.042939115,0.015408824,-0.017593259,-0.035507757,-0.0045562577,-0.038206175,0.028204896,-0.0026234621,-0.01263545,-0.006494407,0.021598054,0.00510772,-0.0012514985,0.04617293,0.018449899,-0.009578314,0.0052201543,0.060735825,-0.0070083914,0.014316607,-0.030774817,-0.007918572,-0.0057020145,-0.017518302,0.009872784,0.0031053226,0.014648556,-0.023900276,0.0018297309,-0.023343459,-0.016008472,-0.023836028,0.014016783,-0.021319645,-0.009000082,0.011639605,0.0087966295,0.0030276894,0.004917653,0.02494966,0.020998405,0.016543873,-0.0070565776,0.006162459,-0.028247727,0.028526135,0.0041252603,-0.01667237,-0.020570084,-0.011607481,0.0029795035,-0.010536681,-0.033665977,0.0129138585,0.0055306866,-0.0044384697,-0.0067567537,-0.024178684,0.016768742,0.0053058183,0.0045401957,-0.00078837713,0.029168615,0.00401818,-0.055253323,-0.012271378,0.0022714364,0.025999045,0.034244213,0.004457209,0.036899798,0.011082789,0.0068477714,0.017464763,0.011864473,-0.012292794,-0.0022526972,-0.021673009,-0.0052977875,-0.008925125,0.032059778,-0.018310694,-0.0008606562,0.039105646,-0.02494966,-0.018085826,0.01607272,0.02758383,0.0003694263,-0.017454054,0.018867511,-0.0012073279,0.018749723,-0.0032793276,0.022679562,0.0034399477,-0.0028697464,-0.024928244,-0.008271936,0.0017507594,-0.004657984,-0.03844175,0.016768742,0.013063771,0.005303141,0.014884132,0.0005906136,0.0028911624,-0.013042355,-0.023000803,-0.0023544233,-0.016854405,0.033623148,0.022379737,-0.0033275136,0.010365352,0.052469242,-0.006478345,-0.02349337,0.01823574,-0.021116193,-0.022122746,0.013481383,0.07349977,-0.0057020145,-0.004963162,-0.034436956,0.001263545,-0.029489856,-0.0079614045,-0.024756916,0.0033489298,0.014113155,-0.006151751,-0.005059534,-0.028097814,0.016811574,0.01720777,0.017711047,0.027905071,-0.0041788,-0.023107883,-0.0032739737,0.015151832,-0.018674767,0.01279607,-0.0026622787,0.00021349092,-0.015837144,-0.024585588,-0.018085826,0.04086176,-0.005388805,0.009535481,0.0116181895,-0.022829475,-0.036385812,-0.0011671729,0.015087584,-0.004968516,-0.007591978,0.0022205734,0.012838902,0.025634972,0.046001606,-0.034115717,-0.0197884,0.032466684,0.032573763,0.0048426967,-0.03188845,0.036707055,-0.033366155,-0.0065425932,-0.023022218,-0.039512552,-0.022679562,-0.01629759,0.0019809816,0.006130335,-0.013417135,-0.013866872,0.041804064,-0.014113155,-0.04371009,0.023750363,0.025827717,0.023107883,-0.008769859,-0.038955737,-0.021715842,-0.008566407,-0.0027024336,0.007297508,-0.0023169455,0.04587311,0.009224949,-0.017346974,-0.009995926,0.10708009,0.034051467,-0.04060477,0.0009228965,0.0070887017,-0.05576731,0.042339467,0.0134599665,0.029040119,-0.0039994414,0.0006381304,-0.0032043715,-0.0008526252,-0.022443986,-0.0012073279,0.0252709,0.025527893,-0.016393961,0.025377981,0.0015365992,-0.022058498,0.007254676,-0.012014385,0.016211925,-0.013128019,-0.004500041,0.042832036,0.012282086,0.005019379,0.0021844339,-0.010210087,0.021598054,-0.002492289,0.007399234,-0.0056698904,0.023750363,-0.022144161,0.03925556,-0.0024374104,0.020152472,0.022486819,-0.00083924015,-0.013813331,0.009642562,0.005431637,-0.00077633065,-0.0029741493,0.011982261,-0.031181721,-0.010488494,-0.034222797,-0.0026060615,0.035293598,0.023814611,0.011307657,0.0034586869,-0.018428482,0.014637847,0.025013909,0.003517581,-0.012978107,-0.0068370635,-0.018021578,-0.0057555544,-0.054139692,0.009208888,-0.030367913,-0.030817648,0.020773537,-0.00008056103,-0.0022393123,-0.012282086,-0.008571761,-0.0263417,-0.0033542837,-0.007950696,0.01909238,0.024478508,0.018310694,0.008336185,0.0032820047,-0.024564171,-0.012592618,-0.012624742,-0.0057555544,0.01462714,0.0012729146,0.023643283,0.0012220514,-0.0042564333,-0.032895003,-0.0105527425,-0.006114273,-0.00486679,0.011971554,-0.03280934,0.012089342,-0.011918014,-0.03989804,-0.05371137,0.008866231,-0.012110758,0.0122499615,-0.00540219,0.036535725,0.031952698,0.014081031,0.0007810154,0.00954619,0.010472433,-0.008834107,0.00073684484,0.013791915,0.019981144,0.02925428,0.038998567,-0.014059615,0.026020462,0.02338629,0.004775772,0.016115554,-0.01468068,0.01667237,-0.016468918,0.008828753,-0.01968132,-0.0068745418,-0.021533806,-0.021201856,-0.016201217,-0.0023048988,-0.004869467,-0.019766985,0.00014999577,0.022936555,0.016650954,-0.011768102,0.0055413945,-0.016704494,-0.017400514,-0.007704412,-0.009219595,-0.013877579,-0.023450539,0.037606526,-0.019745568,0.011586065,-0.009685393,0.0033703458,0.00486679,-0.006215999,-0.0038977151,0.015023336,-0.01962778,-0.038912904,0.0008773875,-0.010285042,0.0015031367,-0.06985905,-0.003745126,0.01849273,-0.016233342,-0.025206652,0.037927765,0.010145838,-0.006001839,-0.011350489,0.0019542116,-0.009139285,-0.026791438,-0.013631295,0.017175646,-0.013866872,-0.0041038445,-0.025335148,-0.01946716,0.0024695345,-0.0077097663,-0.013331471,-0.02065575,0.037456613,-0.042981945,-0.017925207,-0.011746685,0.0040583354,0.0044652396,-0.037242454,-0.0018805941,-0.005019379,-0.0023035603,0.0004647945,-0.009808536,-0.04844303,0.021041237,-0.007463482,0.024285764,-0.01468068,-0.008903709,0.021640886,-0.0135456305,0.0045937356,-0.020195303,-0.004762387,-0.03253093,-0.06082149,-0.0019542116,-0.01828928,-0.013181559,0.0029366713,0.0043447744,0.0013579093,-0.021715842,0.0236647,0.03452262,-0.015933517,0.009369507,-0.013524215,-0.019178044,0.017550426,-0.0011163099,0.00505418,0.006103565,-0.013481383,0.0028242373,0.009267782,0.052297913,-0.018963883,-0.03775644,0.031203138,0.0011337104,0.029746847,-0.008909063,0.00088006444,-0.017357683,0.0094284015,0.032059778,-0.0036166299,-0.0076669343,-0.000072362716,-0.012592618,0.001220713,-0.07654084,0.0027867593,-0.0012079972,0.010097652,0.045616116,-0.006087503,-0.03103181,-0.009637208,-0.024221515,0.0060821488,0.004882852,-0.013202975,-0.005926883,-0.0051799994,-0.0018364235,-0.008962603,-0.0011076096,-0.001966258,0.0007181058,-0.01468068,0.01435944,-0.015226788,0.018888928,0.016083429,-0.0236647,-0.016415378,-0.024885412,-0.016040597,0.035957493,-0.027947903,-0.0031106765,-0.0150447525,0.04570178,0.028419055,0.0014121187,0.01918875,-0.0068584797,-0.033687394,0.0002252028,0.0017092659,0.017860958,-0.020463005,0.015076876,0.022144161,-0.030860482,0.012357042,-0.00050394563,-0.0052040922,-0.0081916265,0.028933039,-0.025634972,0.024457091,0.026791438,-0.01946716,-0.0082772905,0.012399874,-0.008646717,-0.029082952,0.03640723,-0.022401154,-0.012699698,0.0401122,-0.009728226,-0.010740133,0.04060477,0.044074163,-0.022015667,0.0024454414,0.015494488,0.024328595,0.007618748,0.0005618358,0.020409465,-0.018524855,0.0034988418,0.00022018343,-0.032081194,-0.025120988,-0.011639605,-0.0117895175,0.03936264,0.00068932807,0.02516382,-0.00954619,0.006001839,-0.005287079,-0.0045401957,-0.034329876,0.03897715,-0.0093427375,0.0064729913,-0.030325081,0.0015673848,0.04951383,0.024221515,-0.016865114,-0.009107161,-0.0071422416,-0.02075212,0.022358323,0.007966759,0.015644401,-0.02338629,-0.0027412502,-0.013149435,-0.016254757,-0.008400433,0.024200099,-0.022722395,0.018471316,0.019167336,-0.004896237,-0.0031990176,-0.03576475,-0.0030276894,0.027412502,-0.026427366,-0.05409686,-0.051741097,-0.0159121,0.0027653433,0.010611637,-0.0010614314,-0.044459652,-0.017925207,0.024114436,-0.0032525577,0.004109198,-0.028247727,-0.0021911263,-0.0054932083,0.019649196,0.007334986,0.015601569,0.019606363,0.007533084,-0.0009690748,0.0064997612,0.00019910204,0.02694135,-0.03968388,-0.0075652082,-0.030817648,-0.019874064,-0.0068906033,0.022936555,-0.027326837,-0.037735023,0.018203614,0.016393961,-0.006408743,-0.0025873226,-0.009872784,-0.030967562,-0.01882468,-0.027605247,0.047714885,0.02505674,0.030517824,-0.010756195,0.029853929,0.0035416738,0.0016517104,-0.0054396684,-0.013042355,0.0091981795,0.00080176216,0.032166857,-0.006976268,0.037927765,0.001322439,-0.006596133,0.05221225,0.037520863,0.015954932,0.007870386,0.009979864,0.030453576,0.0021938032,0.012217837,0.013631295,0.0029848574,-0.01984194,-0.033109162,0.010890045,0.037285287,-0.00986743,-0.0054717925,-0.011586065,-0.025527893,0.015976349,-0.018781846,-0.019638488,-0.0117038535,-0.023707531,0.002508351,0.020152472,-0.0043233586,0.003972671,-0.010649115,-0.0071261795,0.005857281,-0.018610518,-0.025206652,-0.01040283,-0.02199425,0.016522458,-0.0016436793,-0.017828835,-0.012763946,-0.012324918,-0.006553301,-0.034265626,-0.01585856,0.012924567,0.031502962,0.0038495292,-0.024671253,-0.033687394,0.015537321,0.005975069,-0.0017641444,-0.014241652,0.039598215,-0.039790962,-0.022572482,-0.01526962,-0.00075692235],"index":0,"object":"embedding"}],"model":"embedding-3","object":"list","usage":{"completion_tokens":0,"prompt_tokens":407,"total_tokens":407}}

2026-03-27 21:06:43.050 [tomcat-handler-22] DEBUG c.a.rag.gateway.cache.EmbeddingCache - Cached embedding for textHash: 3759357292029160a57353a291b2bef7d42ef91d6d366792481d024102ed1a4b, vector dimension: 2048
2026-03-27 21:06:43.050 [tomcat-handler-22] DEBUG c.a.rag.gateway.EmbeddingGateway - Embedding 已缓存：textHash=37593572
2026-03-27 21:06:43.065 [tomcat-handler-22] DEBUG c.a.r.service.impl.VectorServiceImpl - 向量已写入 Redis: chunkId=12, vectorSize=8192 bytes
2026-03-27 21:06:43.065 [tomcat-handler-22] DEBUG c.a.r.service.impl.VectorServiceImpl - 切片向量化成功: chunkId=12
2026-03-27 21:06:43.065 [tomcat-handler-22] DEBUG org.mybatis.spring.SqlSessionUtils - Fetched SqlSession [org.apache.ibatis.session.defaults.DefaultSqlSession@2dc351a2] from current transaction
2026-03-27 21:06:43.065 [tomcat-handler-22] DEBUG c.a.r.m.C.batchUpdateVectorized - ==>  Preparing: UPDATE resource_chunks SET vectorized = ? WHERE id IN ( ? , ? )
2026-03-27 21:06:43.066 [tomcat-handler-22] DEBUG c.a.r.m.C.batchUpdateVectorized - ==> Parameters: true(Boolean), 11(Long), 12(Long)
2026-03-27 21:06:43.072 [tomcat-handler-22] DEBUG c.a.r.m.C.batchUpdateVectorized - <==    Updates: 2
2026-03-27 21:06:43.072 [tomcat-handler-22] DEBUG org.mybatis.spring.SqlSessionUtils - Releasing transactional SqlSession [org.apache.ibatis.session.defaults.DefaultSqlSession@2dc351a2]
2026-03-27 21:06:43.072 [tomcat-handler-22] INFO  c.a.r.service.impl.VectorServiceImpl - 批量更新向量化状态: 2 个切片
2026-03-27 21:06:43.072 [tomcat-handler-22] DEBUG org.mybatis.spring.SqlSessionUtils - Fetched SqlSession [org.apache.ibatis.session.defaults.DefaultSqlSession@2dc351a2] from current transaction
2026-03-27 21:06:43.072 [tomcat-handler-22] DEBUG c.a.r.m.ChunkMapper.findByResourceId - ==>  Preparing: SELECT id, resource_id, chunk_index, chunk_text, location_info, page_start, page_end, chapter_path, text_hash, vectorized, created_at FROM resource_chunks WHERE resource_id = ? ORDER BY chunk_index ASC
2026-03-27 21:06:43.072 [tomcat-handler-22] DEBUG c.a.r.m.ChunkMapper.findByResourceId - ==> Parameters: 6(Long)
2026-03-27 21:06:43.078 [tomcat-handler-22] DEBUG c.a.r.m.ChunkMapper.findByResourceId - <==      Total: 2
2026-03-27 21:06:43.080 [tomcat-handler-22] DEBUG org.mybatis.spring.SqlSessionUtils - Releasing transactional SqlSession [org.apache.ibatis.session.defaults.DefaultSqlSession@2dc351a2]
2026-03-27 21:06:43.081 [tomcat-handler-22] DEBUG org.mybatis.spring.SqlSessionUtils - Fetched SqlSession [org.apache.ibatis.session.defaults.DefaultSqlSession@2dc351a2] from current transaction
2026-03-27 21:06:43.081 [tomcat-handler-22] DEBUG c.a.r.m.R.updateChunkStatus - ==>  Preparing: UPDATE resources SET chunk_count = ?, vectorized = ? WHERE id = ?
2026-03-27 21:06:43.081 [tomcat-handler-22] DEBUG c.a.r.m.R.updateChunkStatus - ==> Parameters: 2(Integer), true(Boolean), 6(Long)
2026-03-27 21:06:43.088 [tomcat-handler-22] DEBUG c.a.r.m.R.updateChunkStatus - <==    Updates: 1
2026-03-27 21:06:43.088 [tomcat-handler-22] DEBUG org.mybatis.spring.SqlSessionUtils - Releasing transactional SqlSession [org.apache.ibatis.session.defaults.DefaultSqlSession@2dc351a2]
2026-03-27 21:06:43.088 [tomcat-handler-22] DEBUG c.a.r.s.impl.ResourceServiceImpl - 资源切片状态已更新: resourceId=6, chunkCount=2, vectorized=true
2026-03-27 21:06:43.088 [tomcat-handler-22] INFO  c.a.r.service.impl.VectorServiceImpl - 资源向量化完成: resourceId=6, chunkCount=2
2026-03-27 21:06:43.088 [tomcat-handler-22] INFO  c.a.r.s.impl.ProcessingServiceImpl - 向量化任务已触发: 资源ID=6
2026-03-27 21:06:43.097 [tomcat-handler-22] DEBUG c.a.r.s.impl.ProcessingServiceImpl - 已释放分布式锁: resource:upload:5ed84e5af38c10f467662da3ac9e4c74cd877dd3d318690ddc9d1525f30b80cf
2026-03-27 21:06:43.097 [tomcat-handler-22] DEBUG org.mybatis.spring.SqlSessionUtils - Transaction synchronization committing SqlSession [org.apache.ibatis.session.defaults.DefaultSqlSession@2dc351a2]
2026-03-27 21:06:43.097 [tomcat-handler-22] DEBUG org.mybatis.spring.SqlSessionUtils - Transaction synchronization deregistering SqlSession [org.apache.ibatis.session.defaults.DefaultSqlSession@2dc351a2]
2026-03-27 21:06:43.097 [tomcat-handler-22] DEBUG org.mybatis.spring.SqlSessionUtils - Transaction synchronization closing SqlSession [org.apache.ibatis.session.defaults.DefaultSqlSession@2dc351a2]
2026-03-27 21:06:46.474 [tomcat-handler-23] DEBUG c.a.r.c.SecurityConfig$JwtAuthenticationFilter - Authenticated user: 2
2026-03-27 21:06:46.476 [tomcat-handler-23] INFO  c.a.r.controller.ResourceController - GET /api/resources - page=0, size=10
2026-03-27 21:06:46.476 [tomcat-handler-23] DEBUG org.mybatis.spring.SqlSessionUtils - Creating a new SqlSession
2026-03-27 21:06:46.476 [tomcat-handler-23] DEBUG org.mybatis.spring.SqlSessionUtils - SqlSession [org.apache.ibatis.session.defaults.DefaultSqlSession@161fae1f] was not registered for synchronization because synchronization is not active
2026-03-27 21:06:46.479 [tomcat-handler-23] DEBUG o.m.s.t.SpringManagedTransaction - JDBC Connection [HikariProxyConnection@916995364 wrapping com.mysql.cj.jdbc.ConnectionImpl@42789ae9] will not be managed by Spring
2026-03-27 21:06:46.479 [tomcat-handler-23] DEBUG c.a.r.m.ResourceMapper.findPaged - ==>  Preparing: SELECT id, title, tags, file_type, file_path, file_size, description, content_hash, uploaded_by, upload_time, chunk_count, vectorized FROM resources ORDER BY upload_time DESC LIMIT ?, ?
2026-03-27 21:06:46.479 [tomcat-handler-23] DEBUG c.a.r.m.ResourceMapper.findPaged - ==> Parameters: 0(Integer), 10(Integer)
2026-03-27 21:06:46.485 [tomcat-handler-23] DEBUG c.a.r.m.ResourceMapper.findPaged - <==      Total: 6
2026-03-27 21:06:46.485 [tomcat-handler-23] DEBUG org.mybatis.spring.SqlSessionUtils - Closing non transactional SqlSession [org.apache.ibatis.session.defaults.DefaultSqlSession@161fae1f]
2026-03-27 21:06:46.485 [tomcat-handler-23] DEBUG org.mybatis.spring.SqlSessionUtils - Creating a new SqlSession
2026-03-27 21:06:46.485 [tomcat-handler-23] DEBUG org.mybatis.spring.SqlSessionUtils - SqlSession [org.apache.ibatis.session.defaults.DefaultSqlSession@31b53bb8] was not registered for synchronization because synchronization is not active
2026-03-27 21:06:46.485 [tomcat-handler-23] DEBUG o.m.s.t.SpringManagedTransaction - JDBC Connection [HikariProxyConnection@72632184 wrapping com.mysql.cj.jdbc.ConnectionImpl@42789ae9] will not be managed by Spring
2026-03-27 21:06:46.485 [tomcat-handler-23] DEBUG c.a.rag.mapper.ResourceMapper.count - ==>  Preparing: SELECT COUNT(*) FROM resources
2026-03-27 21:06:46.485 [tomcat-handler-23] DEBUG c.a.rag.mapper.ResourceMapper.count - ==> Parameters: 
2026-03-27 21:06:46.487 [tomcat-handler-23] DEBUG c.a.rag.mapper.ResourceMapper.count - <==      Total: 1
2026-03-27 21:06:46.487 [tomcat-handler-23] DEBUG org.mybatis.spring.SqlSessionUtils - Closing non transactional SqlSession [org.apache.ibatis.session.defaults.DefaultSqlSession@31b53bb8]
2026-03-27 21:06:50.442 [tomcat-handler-24] DEBUG c.a.r.c.SecurityConfig$JwtAuthenticationFilter - Authenticated user: 2
2026-03-27 21:06:50.443 [tomcat-handler-24] INFO  c.a.r.controller.ResourceController - GET /api/resources/1
2026-03-27 21:06:50.443 [tomcat-handler-24] DEBUG org.mybatis.spring.SqlSessionUtils - Creating a new SqlSession
2026-03-27 21:06:50.443 [tomcat-handler-24] DEBUG org.mybatis.spring.SqlSessionUtils - SqlSession [org.apache.ibatis.session.defaults.DefaultSqlSession@406ba1a6] was not registered for synchronization because synchronization is not active
2026-03-27 21:06:50.444 [tomcat-handler-25] DEBUG c.a.r.c.SecurityConfig$JwtAuthenticationFilter - Authenticated user: 2
2026-03-27 21:06:50.444 [tomcat-handler-24] DEBUG o.m.s.t.SpringManagedTransaction - JDBC Connection [HikariProxyConnection@1216079727 wrapping com.mysql.cj.jdbc.ConnectionImpl@42789ae9] will not be managed by Spring
2026-03-27 21:06:50.444 [tomcat-handler-24] DEBUG c.a.r.mapper.ResourceMapper.findById - ==>  Preparing: SELECT id, title, tags, file_type, file_path, file_size, description, content_hash, uploaded_by, upload_time, chunk_count, vectorized FROM resources WHERE id = ?
2026-03-27 21:06:50.444 [tomcat-handler-24] DEBUG c.a.r.mapper.ResourceMapper.findById - ==> Parameters: 1(Long)
2026-03-27 21:06:50.445 [tomcat-handler-25] INFO  c.a.r.controller.ResourceController - GET /api/resources/1/chunks
2026-03-27 21:06:50.445 [tomcat-handler-25] DEBUG org.mybatis.spring.SqlSessionUtils - Creating a new SqlSession
2026-03-27 21:06:50.445 [tomcat-handler-25] DEBUG org.mybatis.spring.SqlSessionUtils - SqlSession [org.apache.ibatis.session.defaults.DefaultSqlSession@7806a8c7] was not registered for synchronization because synchronization is not active
2026-03-27 21:06:50.446 [tomcat-handler-25] DEBUG o.m.s.t.SpringManagedTransaction - JDBC Connection [HikariProxyConnection@1763489637 wrapping com.mysql.cj.jdbc.ConnectionImpl@4200d31d] will not be managed by Spring
2026-03-27 21:06:50.446 [tomcat-handler-25] DEBUG c.a.r.m.ChunkMapper.findByResourceId - ==>  Preparing: SELECT id, resource_id, chunk_index, chunk_text, location_info, page_start, page_end, chapter_path, text_hash, vectorized, created_at FROM resource_chunks WHERE resource_id = ? ORDER BY chunk_index ASC
2026-03-27 21:06:50.446 [tomcat-handler-24] DEBUG c.a.r.mapper.ResourceMapper.findById - <==      Total: 1
2026-03-27 21:06:50.446 [tomcat-handler-25] DEBUG c.a.r.m.ChunkMapper.findByResourceId - ==> Parameters: 1(Long)
2026-03-27 21:06:50.446 [tomcat-handler-24] DEBUG org.mybatis.spring.SqlSessionUtils - Closing non transactional SqlSession [org.apache.ibatis.session.defaults.DefaultSqlSession@406ba1a6]
2026-03-27 21:06:50.448 [tomcat-handler-25] DEBUG c.a.r.m.ChunkMapper.findByResourceId - <==      Total: 3
2026-03-27 21:06:50.449 [tomcat-handler-25] DEBUG org.mybatis.spring.SqlSessionUtils - Closing non transactional SqlSession [org.apache.ibatis.session.defaults.DefaultSqlSession@7806a8c7]
2026-03-27 21:06:54.552 [tomcat-handler-26] DEBUG c.a.r.c.SecurityConfig$JwtAuthenticationFilter - Authenticated user: 2
2026-03-27 21:06:54.554 [tomcat-handler-26] INFO  c.a.r.controller.ResourceController - GET /api/resources - page=0, size=10
2026-03-27 21:06:54.554 [tomcat-handler-26] DEBUG org.mybatis.spring.SqlSessionUtils - Creating a new SqlSession
2026-03-27 21:06:54.555 [tomcat-handler-26] DEBUG org.mybatis.spring.SqlSessionUtils - SqlSession [org.apache.ibatis.session.defaults.DefaultSqlSession@70a311c6] was not registered for synchronization because synchronization is not active
2026-03-27 21:06:54.558 [tomcat-handler-26] DEBUG o.m.s.t.SpringManagedTransaction - JDBC Connection [HikariProxyConnection@1194740161 wrapping com.mysql.cj.jdbc.ConnectionImpl@42789ae9] will not be managed by Spring
2026-03-27 21:06:54.558 [tomcat-handler-26] DEBUG c.a.r.m.ResourceMapper.findPaged - ==>  Preparing: SELECT id, title, tags, file_type, file_path, file_size, description, content_hash, uploaded_by, upload_time, chunk_count, vectorized FROM resources ORDER BY upload_time DESC LIMIT ?, ?
2026-03-27 21:06:54.559 [tomcat-handler-26] DEBUG c.a.r.m.ResourceMapper.findPaged - ==> Parameters: 0(Integer), 10(Integer)
2026-03-27 21:06:54.561 [tomcat-handler-26] DEBUG c.a.r.m.ResourceMapper.findPaged - <==      Total: 6
2026-03-27 21:06:54.561 [tomcat-handler-26] DEBUG org.mybatis.spring.SqlSessionUtils - Closing non transactional SqlSession [org.apache.ibatis.session.defaults.DefaultSqlSession@70a311c6]
2026-03-27 21:06:54.562 [tomcat-handler-26] DEBUG org.mybatis.spring.SqlSessionUtils - Creating a new SqlSession
2026-03-27 21:06:54.562 [tomcat-handler-26] DEBUG org.mybatis.spring.SqlSessionUtils - SqlSession [org.apache.ibatis.session.defaults.DefaultSqlSession@4520b38c] was not registered for synchronization because synchronization is not active
2026-03-27 21:06:54.562 [tomcat-handler-26] DEBUG o.m.s.t.SpringManagedTransaction - JDBC Connection [HikariProxyConnection@774148705 wrapping com.mysql.cj.jdbc.ConnectionImpl@42789ae9] will not be managed by Spring
2026-03-27 21:06:54.562 [tomcat-handler-26] DEBUG c.a.rag.mapper.ResourceMapper.count - ==>  Preparing: SELECT COUNT(*) FROM resources
2026-03-27 21:06:54.562 [tomcat-handler-26] DEBUG c.a.rag.mapper.ResourceMapper.count - ==> Parameters: 
2026-03-27 21:06:54.565 [tomcat-handler-26] DEBUG c.a.rag.mapper.ResourceMapper.count - <==      Total: 1
2026-03-27 21:06:54.566 [tomcat-handler-26] DEBUG org.mybatis.spring.SqlSessionUtils - Closing non transactional SqlSession [org.apache.ibatis.session.defaults.DefaultSqlSession@4520b38c]
2026-03-27 21:07:02.220 [tomcat-handler-27] DEBUG c.a.r.c.SecurityConfig$JwtAuthenticationFilter - Authenticated user: 2
2026-03-27 21:07:02.223 [tomcat-handler-27] INFO  c.a.r.controller.ResourceController - POST /api/resources - userId=2, title=machine_learning_basics, file=machine_learning_basics.md
2026-03-27 21:07:02.230 [tomcat-handler-27] INFO  c.a.r.s.impl.ProcessingServiceImpl - 开始处理资源上传: title=machine_learning_basics, file=machine_learning_basics.md
2026-03-27 21:07:02.230 [tomcat-handler-27] DEBUG c.a.r.s.impl.ProcessingServiceImpl - 文件内容哈希: 6651205576c54d5d0be305bb073d8f289a3559ca277a254181129ddb4f0ec751
2026-03-27 21:07:02.230 [tomcat-handler-27] DEBUG org.mybatis.spring.SqlSessionUtils - Creating a new SqlSession
2026-03-27 21:07:02.230 [tomcat-handler-27] DEBUG org.mybatis.spring.SqlSessionUtils - Registering transaction synchronization for SqlSession [org.apache.ibatis.session.defaults.DefaultSqlSession@3626f19]
2026-03-27 21:07:02.230 [tomcat-handler-27] DEBUG o.m.s.t.SpringManagedTransaction - JDBC Connection [HikariProxyConnection@2075264487 wrapping com.mysql.cj.jdbc.ConnectionImpl@42789ae9] will be managed by Spring
2026-03-27 21:07:02.231 [tomcat-handler-27] DEBUG c.a.r.m.R.findByContentHash - ==>  Preparing: SELECT id, title, tags, file_type, file_path, file_size, description, content_hash, uploaded_by, upload_time, chunk_count, vectorized FROM resources WHERE content_hash = ?
2026-03-27 21:07:02.231 [tomcat-handler-27] DEBUG c.a.r.m.R.findByContentHash - ==> Parameters: 6651205576c54d5d0be305bb073d8f289a3559ca277a254181129ddb4f0ec751(String)
2026-03-27 21:07:02.234 [tomcat-handler-27] DEBUG c.a.r.m.R.findByContentHash - <==      Total: 1
2026-03-27 21:07:02.234 [tomcat-handler-27] DEBUG org.mybatis.spring.SqlSessionUtils - Releasing transactional SqlSession [org.apache.ibatis.session.defaults.DefaultSqlSession@3626f19]
2026-03-27 21:07:02.234 [tomcat-handler-27] INFO  c.a.r.s.impl.ProcessingServiceImpl - 资源已存在（内容哈希重复）: 1
2026-03-27 21:07:02.234 [tomcat-handler-27] INFO  c.a.r.s.impl.ProcessingServiceImpl - 资源已向量化，跳过: 资源ID=1
2026-03-27 21:07:02.234 [tomcat-handler-27] DEBUG org.mybatis.spring.SqlSessionUtils - Transaction synchronization committing SqlSession [org.apache.ibatis.session.defaults.DefaultSqlSession@3626f19]
2026-03-27 21:07:02.234 [tomcat-handler-27] DEBUG org.mybatis.spring.SqlSessionUtils - Transaction synchronization deregistering SqlSession [org.apache.ibatis.session.defaults.DefaultSqlSession@3626f19]
2026-03-27 21:07:02.234 [tomcat-handler-27] DEBUG org.mybatis.spring.SqlSessionUtils - Transaction synchronization closing SqlSession [org.apache.ibatis.session.defaults.DefaultSqlSession@3626f19]
2026-03-27 21:07:27.400 [tomcat-handler-28] DEBUG c.a.r.c.SecurityConfig$JwtAuthenticationFilter - Authenticated user: 2
2026-03-27 21:07:27.404 [tomcat-handler-28] INFO  c.a.r.controller.ResourceController - POST /api/resources - userId=2, title=machine, file=machine_learning_basics.md
2026-03-27 21:07:27.406 [tomcat-handler-28] INFO  c.a.r.s.impl.ProcessingServiceImpl - 开始处理资源上传: title=machine, file=machine_learning_basics.md
2026-03-27 21:07:27.407 [tomcat-handler-28] DEBUG c.a.r.s.impl.ProcessingServiceImpl - 文件内容哈希: 6651205576c54d5d0be305bb073d8f289a3559ca277a254181129ddb4f0ec751
2026-03-27 21:07:27.407 [tomcat-handler-28] DEBUG org.mybatis.spring.SqlSessionUtils - Creating a new SqlSession
2026-03-27 21:07:27.407 [tomcat-handler-28] DEBUG org.mybatis.spring.SqlSessionUtils - Registering transaction synchronization for SqlSession [org.apache.ibatis.session.defaults.DefaultSqlSession@bc01958]
2026-03-27 21:07:27.408 [tomcat-handler-28] DEBUG o.m.s.t.SpringManagedTransaction - JDBC Connection [HikariProxyConnection@340946220 wrapping com.mysql.cj.jdbc.ConnectionImpl@42789ae9] will be managed by Spring
2026-03-27 21:07:27.408 [tomcat-handler-28] DEBUG c.a.r.m.R.findByContentHash - ==>  Preparing: SELECT id, title, tags, file_type, file_path, file_size, description, content_hash, uploaded_by, upload_time, chunk_count, vectorized FROM resources WHERE content_hash = ?
2026-03-27 21:07:27.408 [tomcat-handler-28] DEBUG c.a.r.m.R.findByContentHash - ==> Parameters: 6651205576c54d5d0be305bb073d8f289a3559ca277a254181129ddb4f0ec751(String)
2026-03-27 21:07:27.416 [tomcat-handler-28] DEBUG c.a.r.m.R.findByContentHash - <==      Total: 1
2026-03-27 21:07:27.416 [tomcat-handler-28] DEBUG org.mybatis.spring.SqlSessionUtils - Releasing transactional SqlSession [org.apache.ibatis.session.defaults.DefaultSqlSession@bc01958]
2026-03-27 21:07:27.417 [tomcat-handler-28] INFO  c.a.r.s.impl.ProcessingServiceImpl - 资源已存在（内容哈希重复）: 1
2026-03-27 21:07:27.417 [tomcat-handler-28] INFO  c.a.r.s.impl.ProcessingServiceImpl - 资源已向量化，跳过: 资源ID=1
2026-03-27 21:07:27.417 [tomcat-handler-28] DEBUG org.mybatis.spring.SqlSessionUtils - Transaction synchronization committing SqlSession [org.apache.ibatis.session.defaults.DefaultSqlSession@bc01958]
2026-03-27 21:07:27.417 [tomcat-handler-28] DEBUG org.mybatis.spring.SqlSessionUtils - Transaction synchronization deregistering SqlSession [org.apache.ibatis.session.defaults.DefaultSqlSession@bc01958]
2026-03-27 21:07:27.417 [tomcat-handler-28] DEBUG org.mybatis.spring.SqlSessionUtils - Transaction synchronization closing SqlSession [org.apache.ibatis.session.defaults.DefaultSqlSession@bc01958]
2026-03-27 21:07:30.499 [tomcat-handler-29] DEBUG c.a.r.c.SecurityConfig$JwtAuthenticationFilter - Authenticated user: 2
2026-03-27 21:07:30.500 [tomcat-handler-29] INFO  c.a.r.controller.ResourceController - GET /api/resources - page=0, size=10
2026-03-27 21:07:30.500 [tomcat-handler-29] DEBUG org.mybatis.spring.SqlSessionUtils - Creating a new SqlSession
2026-03-27 21:07:30.500 [tomcat-handler-29] DEBUG org.mybatis.spring.SqlSessionUtils - SqlSession [org.apache.ibatis.session.defaults.DefaultSqlSession@7b215def] was not registered for synchronization because synchronization is not active
2026-03-27 21:07:30.502 [tomcat-handler-29] DEBUG o.m.s.t.SpringManagedTransaction - JDBC Connection [HikariProxyConnection@2090693802 wrapping com.mysql.cj.jdbc.ConnectionImpl@42789ae9] will not be managed by Spring
2026-03-27 21:07:30.502 [tomcat-handler-29] DEBUG c.a.r.m.ResourceMapper.findPaged - ==>  Preparing: SELECT id, title, tags, file_type, file_path, file_size, description, content_hash, uploaded_by, upload_time, chunk_count, vectorized FROM resources ORDER BY upload_time DESC LIMIT ?, ?
2026-03-27 21:07:30.502 [tomcat-handler-29] DEBUG c.a.r.m.ResourceMapper.findPaged - ==> Parameters: 0(Integer), 10(Integer)
2026-03-27 21:07:30.504 [tomcat-handler-29] DEBUG c.a.r.m.ResourceMapper.findPaged - <==      Total: 6
2026-03-27 21:07:30.505 [tomcat-handler-29] DEBUG org.mybatis.spring.SqlSessionUtils - Closing non transactional SqlSession [org.apache.ibatis.session.defaults.DefaultSqlSession@7b215def]
2026-03-27 21:07:30.505 [tomcat-handler-29] DEBUG org.mybatis.spring.SqlSessionUtils - Creating a new SqlSession
2026-03-27 21:07:30.505 [tomcat-handler-29] DEBUG org.mybatis.spring.SqlSessionUtils - SqlSession [org.apache.ibatis.session.defaults.DefaultSqlSession@79a09362] was not registered for synchronization because synchronization is not active
2026-03-27 21:07:30.505 [tomcat-handler-29] DEBUG o.m.s.t.SpringManagedTransaction - JDBC Connection [HikariProxyConnection@144664476 wrapping com.mysql.cj.jdbc.ConnectionImpl@42789ae9] will not be managed by Spring
2026-03-27 21:07:30.505 [tomcat-handler-29] DEBUG c.a.rag.mapper.ResourceMapper.count - ==>  Preparing: SELECT COUNT(*) FROM resources
2026-03-27 21:07:30.505 [tomcat-handler-29] DEBUG c.a.rag.mapper.ResourceMapper.count - ==> Parameters: 
2026-03-27 21:07:30.506 [tomcat-handler-29] DEBUG c.a.rag.mapper.ResourceMapper.count - <==      Total: 1
2026-03-27 21:07:30.507 [tomcat-handler-29] DEBUG org.mybatis.spring.SqlSessionUtils - Closing non transactional SqlSession [org.apache.ibatis.session.defaults.DefaultSqlSession@79a09362]
2026-03-27 21:07:42.300 [tomcat-handler-31] DEBUG c.a.r.c.SecurityConfig$JwtAuthenticationFilter - Authenticated user: 2
2026-03-27 21:07:42.301 [tomcat-handler-30] DEBUG c.a.r.c.SecurityConfig$JwtAuthenticationFilter - Authenticated user: 2
2026-03-27 21:07:42.308 [tomcat-handler-30] INFO  c.a.r.controller.ResourceController - GET /api/resources/1
2026-03-27 21:07:42.308 [tomcat-handler-31] INFO  c.a.r.controller.ResourceController - GET /api/resources/1/chunks
2026-03-27 21:07:42.308 [tomcat-handler-30] DEBUG org.mybatis.spring.SqlSessionUtils - Creating a new SqlSession
2026-03-27 21:07:42.308 [tomcat-handler-31] DEBUG org.mybatis.spring.SqlSessionUtils - Creating a new SqlSession
2026-03-27 21:07:42.308 [tomcat-handler-30] DEBUG org.mybatis.spring.SqlSessionUtils - SqlSession [org.apache.ibatis.session.defaults.DefaultSqlSession@e8b3a77] was not registered for synchronization because synchronization is not active
2026-03-27 21:07:42.308 [tomcat-handler-31] DEBUG org.mybatis.spring.SqlSessionUtils - SqlSession [org.apache.ibatis.session.defaults.DefaultSqlSession@754bb1f1] was not registered for synchronization because synchronization is not active
2026-03-27 21:07:42.318 [tomcat-handler-31] DEBUG o.m.s.t.SpringManagedTransaction - JDBC Connection [HikariProxyConnection@887963885 wrapping com.mysql.cj.jdbc.ConnectionImpl@4200d31d] will not be managed by Spring
2026-03-27 21:07:42.319 [tomcat-handler-30] DEBUG o.m.s.t.SpringManagedTransaction - JDBC Connection [HikariProxyConnection@1662133865 wrapping com.mysql.cj.jdbc.ConnectionImpl@42789ae9] will not be managed by Spring
2026-03-27 21:07:42.319 [tomcat-handler-30] DEBUG c.a.r.mapper.ResourceMapper.findById - ==>  Preparing: SELECT id, title, tags, file_type, file_path, file_size, description, content_hash, uploaded_by, upload_time, chunk_count, vectorized FROM resources WHERE id = ?
2026-03-27 21:07:42.319 [tomcat-handler-31] DEBUG c.a.r.m.ChunkMapper.findByResourceId - ==>  Preparing: SELECT id, resource_id, chunk_index, chunk_text, location_info, page_start, page_end, chapter_path, text_hash, vectorized, created_at FROM resource_chunks WHERE resource_id = ? ORDER BY chunk_index ASC
2026-03-27 21:07:42.320 [tomcat-handler-31] DEBUG c.a.r.m.ChunkMapper.findByResourceId - ==> Parameters: 1(Long)
2026-03-27 21:07:42.320 [tomcat-handler-30] DEBUG c.a.r.mapper.ResourceMapper.findById - ==> Parameters: 1(Long)
2026-03-27 21:07:42.323 [tomcat-handler-30] DEBUG c.a.r.mapper.ResourceMapper.findById - <==      Total: 1
2026-03-27 21:07:42.323 [tomcat-handler-30] DEBUG org.mybatis.spring.SqlSessionUtils - Closing non transactional SqlSession [org.apache.ibatis.session.defaults.DefaultSqlSession@e8b3a77]
2026-03-27 21:07:42.324 [tomcat-handler-31] DEBUG c.a.r.m.ChunkMapper.findByResourceId - <==      Total: 3
2026-03-27 21:07:42.324 [tomcat-handler-31] DEBUG org.mybatis.spring.SqlSessionUtils - Closing non transactional SqlSession [org.apache.ibatis.session.defaults.DefaultSqlSession@754bb1f1]
2026-03-27 21:07:51.813 [tomcat-handler-32] DEBUG c.a.r.c.SecurityConfig$JwtAuthenticationFilter - Authenticated user: 2
2026-03-27 21:07:51.825 [tomcat-handler-32] INFO  c.a.rag.controller.VectorController - POST /api/vectors/resources/1/vectorize - userId=2
2026-03-27 21:07:51.825 [tomcat-handler-32] DEBUG org.mybatis.spring.SqlSessionUtils - Creating a new SqlSession
2026-03-27 21:07:51.825 [tomcat-handler-32] DEBUG org.mybatis.spring.SqlSessionUtils - SqlSession [org.apache.ibatis.session.defaults.DefaultSqlSession@3cf13ae] was not registered for synchronization because synchronization is not active
2026-03-27 21:07:51.828 [tomcat-handler-32] DEBUG o.m.s.t.SpringManagedTransaction - JDBC Connection [HikariProxyConnection@784862760 wrapping com.mysql.cj.jdbc.ConnectionImpl@42789ae9] will not be managed by Spring
2026-03-27 21:07:51.828 [tomcat-handler-32] DEBUG c.a.r.mapper.ResourceMapper.findById - ==>  Preparing: SELECT id, title, tags, file_type, file_path, file_size, description, content_hash, uploaded_by, upload_time, chunk_count, vectorized FROM resources WHERE id = ?
2026-03-27 21:07:51.829 [tomcat-handler-32] DEBUG c.a.r.mapper.ResourceMapper.findById - ==> Parameters: 1(Long)
2026-03-27 21:07:51.837 [tomcat-handler-32] DEBUG c.a.r.mapper.ResourceMapper.findById - <==      Total: 1
2026-03-27 21:07:51.837 [tomcat-handler-32] DEBUG org.mybatis.spring.SqlSessionUtils - Closing non transactional SqlSession [org.apache.ibatis.session.defaults.DefaultSqlSession@3cf13ae]
2026-03-27 21:07:51.842 [ForkJoinPool.commonPool-worker-1] INFO  c.a.r.service.impl.VectorServiceImpl - 开始向量化资源切片: resourceId=1
2026-03-27 21:07:51.842 [ForkJoinPool.commonPool-worker-1] DEBUG org.mybatis.spring.SqlSessionUtils - Creating a new SqlSession
2026-03-27 21:07:51.842 [ForkJoinPool.commonPool-worker-1] DEBUG org.mybatis.spring.SqlSessionUtils - SqlSession [org.apache.ibatis.session.defaults.DefaultSqlSession@7520b81f] was not registered for synchronization because synchronization is not active
2026-03-27 21:07:51.842 [ForkJoinPool.commonPool-worker-1] DEBUG o.m.s.t.SpringManagedTransaction - JDBC Connection [HikariProxyConnection@2078755019 wrapping com.mysql.cj.jdbc.ConnectionImpl@42789ae9] will not be managed by Spring
2026-03-27 21:07:51.842 [ForkJoinPool.commonPool-worker-1] DEBUG c.a.r.m.C.findUnvectorizedByResourceId - ==>  Preparing: SELECT id, resource_id, chunk_index, chunk_text, location_info, page_start, page_end, chapter_path, text_hash, vectorized, created_at FROM resource_chunks WHERE resource_id = ? AND vectorized = FALSE ORDER BY chunk_index ASC
2026-03-27 21:07:51.843 [ForkJoinPool.commonPool-worker-1] DEBUG c.a.r.m.C.findUnvectorizedByResourceId - ==> Parameters: 1(Long)
2026-03-27 21:07:51.847 [ForkJoinPool.commonPool-worker-1] DEBUG c.a.r.m.C.findUnvectorizedByResourceId - <==      Total: 0
2026-03-27 21:07:51.847 [ForkJoinPool.commonPool-worker-1] DEBUG org.mybatis.spring.SqlSessionUtils - Closing non transactional SqlSession [org.apache.ibatis.session.defaults.DefaultSqlSession@7520b81f]
2026-03-27 21:07:51.848 [ForkJoinPool.commonPool-worker-1] DEBUG org.mybatis.spring.SqlSessionUtils - Creating a new SqlSession
2026-03-27 21:07:51.848 [ForkJoinPool.commonPool-worker-1] DEBUG org.mybatis.spring.SqlSessionUtils - SqlSession [org.apache.ibatis.session.defaults.DefaultSqlSession@3ada42f0] was not registered for synchronization because synchronization is not active
2026-03-27 21:07:51.848 [ForkJoinPool.commonPool-worker-1] DEBUG o.m.s.t.SpringManagedTransaction - JDBC Connection [HikariProxyConnection@1246426612 wrapping com.mysql.cj.jdbc.ConnectionImpl@42789ae9] will not be managed by Spring
2026-03-27 21:07:51.848 [ForkJoinPool.commonPool-worker-1] DEBUG c.a.r.m.ChunkMapper.findByResourceId - ==>  Preparing: SELECT id, resource_id, chunk_index, chunk_text, location_info, page_start, page_end, chapter_path, text_hash, vectorized, created_at FROM resource_chunks WHERE resource_id = ? ORDER BY chunk_index ASC
2026-03-27 21:07:51.848 [ForkJoinPool.commonPool-worker-1] DEBUG c.a.r.m.ChunkMapper.findByResourceId - ==> Parameters: 1(Long)
2026-03-27 21:07:51.852 [ForkJoinPool.commonPool-worker-1] DEBUG c.a.r.m.ChunkMapper.findByResourceId - <==      Total: 3
2026-03-27 21:07:51.853 [ForkJoinPool.commonPool-worker-1] DEBUG org.mybatis.spring.SqlSessionUtils - Closing non transactional SqlSession [org.apache.ibatis.session.defaults.DefaultSqlSession@3ada42f0]
2026-03-27 21:07:51.853 [ForkJoinPool.commonPool-worker-1] DEBUG org.mybatis.spring.SqlSessionUtils - Creating a new SqlSession
2026-03-27 21:07:51.853 [ForkJoinPool.commonPool-worker-1] DEBUG org.mybatis.spring.SqlSessionUtils - SqlSession [org.apache.ibatis.session.defaults.DefaultSqlSession@5af5bdbf] was not registered for synchronization because synchronization is not active
2026-03-27 21:07:51.853 [ForkJoinPool.commonPool-worker-1] DEBUG o.m.s.t.SpringManagedTransaction - JDBC Connection [HikariProxyConnection@1200424512 wrapping com.mysql.cj.jdbc.ConnectionImpl@42789ae9] will not be managed by Spring
2026-03-27 21:07:51.853 [ForkJoinPool.commonPool-worker-1] DEBUG c.a.r.m.R.updateChunkStatus - ==>  Preparing: UPDATE resources SET chunk_count = ?, vectorized = ? WHERE id = ?
2026-03-27 21:07:51.853 [ForkJoinPool.commonPool-worker-1] DEBUG c.a.r.m.R.updateChunkStatus - ==> Parameters: 3(Integer), true(Boolean), 1(Long)
2026-03-27 21:07:51.857 [ForkJoinPool.commonPool-worker-1] DEBUG c.a.r.m.R.updateChunkStatus - <==    Updates: 1
2026-03-27 21:07:51.857 [ForkJoinPool.commonPool-worker-1] DEBUG org.mybatis.spring.SqlSessionUtils - Closing non transactional SqlSession [org.apache.ibatis.session.defaults.DefaultSqlSession@5af5bdbf]
2026-03-27 21:07:51.857 [ForkJoinPool.commonPool-worker-1] INFO  c.a.r.service.impl.VectorServiceImpl - 资源所有切片已向量化，状态已确认: resourceId=1, chunkCount=3
2026-03-27 21:07:53.871 [tomcat-handler-33] DEBUG c.a.r.c.SecurityConfig$JwtAuthenticationFilter - Authenticated user: 2
2026-03-27 21:07:53.872 [tomcat-handler-33] INFO  c.a.r.controller.ResourceController - GET /api/resources/1
2026-03-27 21:07:53.872 [tomcat-handler-33] DEBUG org.mybatis.spring.SqlSessionUtils - Creating a new SqlSession
2026-03-27 21:07:53.872 [tomcat-handler-33] DEBUG org.mybatis.spring.SqlSessionUtils - SqlSession [org.apache.ibatis.session.defaults.DefaultSqlSession@38492219] was not registered for synchronization because synchronization is not active
2026-03-27 21:07:53.875 [tomcat-handler-33] DEBUG o.m.s.t.SpringManagedTransaction - JDBC Connection [HikariProxyConnection@922511326 wrapping com.mysql.cj.jdbc.ConnectionImpl@42789ae9] will not be managed by Spring
2026-03-27 21:07:53.875 [tomcat-handler-33] DEBUG c.a.r.mapper.ResourceMapper.findById - ==>  Preparing: SELECT id, title, tags, file_type, file_path, file_size, description, content_hash, uploaded_by, upload_time, chunk_count, vectorized FROM resources WHERE id = ?
2026-03-27 21:07:53.875 [tomcat-handler-33] DEBUG c.a.r.mapper.ResourceMapper.findById - ==> Parameters: 1(Long)
2026-03-27 21:07:53.877 [tomcat-handler-33] DEBUG c.a.r.mapper.ResourceMapper.findById - <==      Total: 1
2026-03-27 21:07:53.877 [tomcat-handler-33] DEBUG org.mybatis.spring.SqlSessionUtils - Closing non transactional SqlSession [org.apache.ibatis.session.defaults.DefaultSqlSession@38492219]
2026-03-27 21:07:57.106 [tomcat-handler-34] DEBUG c.a.r.c.SecurityConfig$JwtAuthenticationFilter - Authenticated user: 2
2026-03-27 21:07:57.108 [tomcat-handler-34] INFO  c.a.r.controller.ResourceController - GET /api/resources - page=0, size=10
2026-03-27 21:07:57.109 [tomcat-handler-34] DEBUG org.mybatis.spring.SqlSessionUtils - Creating a new SqlSession
2026-03-27 21:07:57.109 [tomcat-handler-34] DEBUG org.mybatis.spring.SqlSessionUtils - SqlSession [org.apache.ibatis.session.defaults.DefaultSqlSession@3e476499] was not registered for synchronization because synchronization is not active
2026-03-27 21:07:57.112 [tomcat-handler-34] DEBUG o.m.s.t.SpringManagedTransaction - JDBC Connection [HikariProxyConnection@1344327254 wrapping com.mysql.cj.jdbc.ConnectionImpl@42789ae9] will not be managed by Spring
2026-03-27 21:07:57.112 [tomcat-handler-34] DEBUG c.a.r.m.ResourceMapper.findPaged - ==>  Preparing: SELECT id, title, tags, file_type, file_path, file_size, description, content_hash, uploaded_by, upload_time, chunk_count, vectorized FROM resources ORDER BY upload_time DESC LIMIT ?, ?
2026-03-27 21:07:57.113 [tomcat-handler-34] DEBUG c.a.r.m.ResourceMapper.findPaged - ==> Parameters: 0(Integer), 10(Integer)
2026-03-27 21:07:57.117 [tomcat-handler-34] DEBUG c.a.r.m.ResourceMapper.findPaged - <==      Total: 6
2026-03-27 21:07:57.117 [tomcat-handler-34] DEBUG org.mybatis.spring.SqlSessionUtils - Closing non transactional SqlSession [org.apache.ibatis.session.defaults.DefaultSqlSession@3e476499]
2026-03-27 21:07:57.118 [tomcat-handler-34] DEBUG org.mybatis.spring.SqlSessionUtils - Creating a new SqlSession
2026-03-27 21:07:57.118 [tomcat-handler-34] DEBUG org.mybatis.spring.SqlSessionUtils - SqlSession [org.apache.ibatis.session.defaults.DefaultSqlSession@158f747c] was not registered for synchronization because synchronization is not active
2026-03-27 21:07:57.118 [tomcat-handler-34] DEBUG o.m.s.t.SpringManagedTransaction - JDBC Connection [HikariProxyConnection@1734097354 wrapping com.mysql.cj.jdbc.ConnectionImpl@42789ae9] will not be managed by Spring
2026-03-27 21:07:57.118 [tomcat-handler-34] DEBUG c.a.rag.mapper.ResourceMapper.count - ==>  Preparing: SELECT COUNT(*) FROM resources
2026-03-27 21:07:57.118 [tomcat-handler-34] DEBUG c.a.rag.mapper.ResourceMapper.count - ==> Parameters: 
2026-03-27 21:07:57.123 [tomcat-handler-34] DEBUG c.a.rag.mapper.ResourceMapper.count - <==      Total: 1
2026-03-27 21:07:57.123 [tomcat-handler-34] DEBUG org.mybatis.spring.SqlSessionUtils - Closing non transactional SqlSession [org.apache.ibatis.session.defaults.DefaultSqlSession@158f747c]
2026-03-27 21:07:58.362 [tomcat-handler-35] DEBUG c.a.r.c.SecurityConfig$JwtAuthenticationFilter - Authenticated user: 2
2026-03-27 21:07:58.365 [tomcat-handler-36] DEBUG c.a.r.c.SecurityConfig$JwtAuthenticationFilter - Authenticated user: 2
2026-03-27 21:07:58.365 [tomcat-handler-35] INFO  c.a.r.controller.ResourceController - GET /api/resources/1
2026-03-27 21:07:58.366 [tomcat-handler-35] DEBUG org.mybatis.spring.SqlSessionUtils - Creating a new SqlSession
2026-03-27 21:07:58.366 [tomcat-handler-35] DEBUG org.mybatis.spring.SqlSessionUtils - SqlSession [org.apache.ibatis.session.defaults.DefaultSqlSession@1eff9906] was not registered for synchronization because synchronization is not active
2026-03-27 21:07:58.370 [tomcat-handler-36] INFO  c.a.r.controller.ResourceController - GET /api/resources/1/chunks
2026-03-27 21:07:58.370 [tomcat-handler-36] DEBUG org.mybatis.spring.SqlSessionUtils - Creating a new SqlSession
2026-03-27 21:07:58.370 [tomcat-handler-36] DEBUG org.mybatis.spring.SqlSessionUtils - SqlSession [org.apache.ibatis.session.defaults.DefaultSqlSession@487bf888] was not registered for synchronization because synchronization is not active
2026-03-27 21:07:58.373 [tomcat-handler-36] DEBUG o.m.s.t.SpringManagedTransaction - JDBC Connection [HikariProxyConnection@1585984025 wrapping com.mysql.cj.jdbc.ConnectionImpl@4200d31d] will not be managed by Spring
2026-03-27 21:07:58.373 [tomcat-handler-35] DEBUG o.m.s.t.SpringManagedTransaction - JDBC Connection [HikariProxyConnection@1142262088 wrapping com.mysql.cj.jdbc.ConnectionImpl@42789ae9] will not be managed by Spring
2026-03-27 21:07:58.373 [tomcat-handler-36] DEBUG c.a.r.m.ChunkMapper.findByResourceId - ==>  Preparing: SELECT id, resource_id, chunk_index, chunk_text, location_info, page_start, page_end, chapter_path, text_hash, vectorized, created_at FROM resource_chunks WHERE resource_id = ? ORDER BY chunk_index ASC
2026-03-27 21:07:58.373 [tomcat-handler-35] DEBUG c.a.r.mapper.ResourceMapper.findById - ==>  Preparing: SELECT id, title, tags, file_type, file_path, file_size, description, content_hash, uploaded_by, upload_time, chunk_count, vectorized FROM resources WHERE id = ?
2026-03-27 21:07:58.373 [tomcat-handler-35] DEBUG c.a.r.mapper.ResourceMapper.findById - ==> Parameters: 1(Long)
2026-03-27 21:07:58.374 [tomcat-handler-36] DEBUG c.a.r.m.ChunkMapper.findByResourceId - ==> Parameters: 1(Long)
2026-03-27 21:07:58.383 [tomcat-handler-35] DEBUG c.a.r.mapper.ResourceMapper.findById - <==      Total: 1
2026-03-27 21:07:58.384 [tomcat-handler-36] DEBUG c.a.r.m.ChunkMapper.findByResourceId - <==      Total: 3
2026-03-27 21:07:58.384 [tomcat-handler-36] DEBUG org.mybatis.spring.SqlSessionUtils - Closing non transactional SqlSession [org.apache.ibatis.session.defaults.DefaultSqlSession@487bf888]
2026-03-27 21:07:58.384 [tomcat-handler-35] DEBUG org.mybatis.spring.SqlSessionUtils - Closing non transactional SqlSession [org.apache.ibatis.session.defaults.DefaultSqlSession@1eff9906]
2026-03-27 21:08:17.554 [tomcat-handler-37] DEBUG c.a.r.c.SecurityConfig$JwtAuthenticationFilter - Authenticated user: 2
2026-03-27 21:08:17.556 [tomcat-handler-37] INFO  c.a.r.controller.ResourceController - GET /api/resources - page=0, size=10
2026-03-27 21:08:17.556 [tomcat-handler-37] DEBUG org.mybatis.spring.SqlSessionUtils - Creating a new SqlSession
2026-03-27 21:08:17.557 [tomcat-handler-37] DEBUG org.mybatis.spring.SqlSessionUtils - SqlSession [org.apache.ibatis.session.defaults.DefaultSqlSession@64d83143] was not registered for synchronization because synchronization is not active
2026-03-27 21:08:17.560 [tomcat-handler-37] DEBUG o.m.s.t.SpringManagedTransaction - JDBC Connection [HikariProxyConnection@526980233 wrapping com.mysql.cj.jdbc.ConnectionImpl@42789ae9] will not be managed by Spring
2026-03-27 21:08:17.560 [tomcat-handler-37] DEBUG c.a.r.m.ResourceMapper.findPaged - ==>  Preparing: SELECT id, title, tags, file_type, file_path, file_size, description, content_hash, uploaded_by, upload_time, chunk_count, vectorized FROM resources ORDER BY upload_time DESC LIMIT ?, ?
2026-03-27 21:08:17.560 [tomcat-handler-37] DEBUG c.a.r.m.ResourceMapper.findPaged - ==> Parameters: 0(Integer), 10(Integer)
2026-03-27 21:08:17.562 [tomcat-handler-37] DEBUG c.a.r.m.ResourceMapper.findPaged - <==      Total: 6
2026-03-27 21:08:17.562 [tomcat-handler-37] DEBUG org.mybatis.spring.SqlSessionUtils - Closing non transactional SqlSession [org.apache.ibatis.session.defaults.DefaultSqlSession@64d83143]
2026-03-27 21:08:17.563 [tomcat-handler-37] DEBUG org.mybatis.spring.SqlSessionUtils - Creating a new SqlSession
2026-03-27 21:08:17.563 [tomcat-handler-37] DEBUG org.mybatis.spring.SqlSessionUtils - SqlSession [org.apache.ibatis.session.defaults.DefaultSqlSession@4b0cb9b3] was not registered for synchronization because synchronization is not active
2026-03-27 21:08:17.563 [tomcat-handler-37] DEBUG o.m.s.t.SpringManagedTransaction - JDBC Connection [HikariProxyConnection@1861999544 wrapping com.mysql.cj.jdbc.ConnectionImpl@42789ae9] will not be managed by Spring
2026-03-27 21:08:17.563 [tomcat-handler-37] DEBUG c.a.rag.mapper.ResourceMapper.count - ==>  Preparing: SELECT COUNT(*) FROM resources
2026-03-27 21:08:17.563 [tomcat-handler-37] DEBUG c.a.rag.mapper.ResourceMapper.count - ==> Parameters: 
2026-03-27 21:08:17.565 [tomcat-handler-37] DEBUG c.a.rag.mapper.ResourceMapper.count - <==      Total: 1
2026-03-27 21:08:17.565 [tomcat-handler-37] DEBUG org.mybatis.spring.SqlSessionUtils - Closing non transactional SqlSession [org.apache.ibatis.session.defaults.DefaultSqlSession@4b0cb9b3]
2026-03-27 21:08:19.679 [tomcat-handler-38] DEBUG c.a.r.c.SecurityConfig$JwtAuthenticationFilter - Authenticated user: 2
2026-03-27 21:08:19.683 [tomcat-handler-39] DEBUG c.a.r.c.SecurityConfig$JwtAuthenticationFilter - Authenticated user: 2
2026-03-27 21:08:19.683 [tomcat-handler-38] INFO  c.a.r.controller.ResourceController - GET /api/resources/5
2026-03-27 21:08:19.684 [tomcat-handler-38] DEBUG org.mybatis.spring.SqlSessionUtils - Creating a new SqlSession
2026-03-27 21:08:19.684 [tomcat-handler-38] DEBUG org.mybatis.spring.SqlSessionUtils - SqlSession [org.apache.ibatis.session.defaults.DefaultSqlSession@d2a0ca7] was not registered for synchronization because synchronization is not active
2026-03-27 21:08:19.685 [tomcat-handler-39] INFO  c.a.r.controller.ResourceController - GET /api/resources/5/chunks
2026-03-27 21:08:19.685 [tomcat-handler-39] DEBUG org.mybatis.spring.SqlSessionUtils - Creating a new SqlSession
2026-03-27 21:08:19.685 [tomcat-handler-39] DEBUG org.mybatis.spring.SqlSessionUtils - SqlSession [org.apache.ibatis.session.defaults.DefaultSqlSession@57333c18] was not registered for synchronization because synchronization is not active
2026-03-27 21:08:19.688 [tomcat-handler-38] DEBUG o.m.s.t.SpringManagedTransaction - JDBC Connection [HikariProxyConnection@1044747879 wrapping com.mysql.cj.jdbc.ConnectionImpl@42789ae9] will not be managed by Spring
2026-03-27 21:08:19.688 [tomcat-handler-39] DEBUG o.m.s.t.SpringManagedTransaction - JDBC Connection [HikariProxyConnection@2043563650 wrapping com.mysql.cj.jdbc.ConnectionImpl@4200d31d] will not be managed by Spring
2026-03-27 21:08:19.689 [tomcat-handler-38] DEBUG c.a.r.mapper.ResourceMapper.findById - ==>  Preparing: SELECT id, title, tags, file_type, file_path, file_size, description, content_hash, uploaded_by, upload_time, chunk_count, vectorized FROM resources WHERE id = ?
2026-03-27 21:08:19.689 [tomcat-handler-39] DEBUG c.a.r.m.ChunkMapper.findByResourceId - ==>  Preparing: SELECT id, resource_id, chunk_index, chunk_text, location_info, page_start, page_end, chapter_path, text_hash, vectorized, created_at FROM resource_chunks WHERE resource_id = ? ORDER BY chunk_index ASC
2026-03-27 21:08:19.689 [tomcat-handler-38] DEBUG c.a.r.mapper.ResourceMapper.findById - ==> Parameters: 5(Long)
2026-03-27 21:08:19.689 [tomcat-handler-39] DEBUG c.a.r.m.ChunkMapper.findByResourceId - ==> Parameters: 5(Long)
2026-03-27 21:08:19.693 [tomcat-handler-38] DEBUG c.a.r.mapper.ResourceMapper.findById - <==      Total: 1
2026-03-27 21:08:19.694 [tomcat-handler-38] DEBUG org.mybatis.spring.SqlSessionUtils - Closing non transactional SqlSession [org.apache.ibatis.session.defaults.DefaultSqlSession@d2a0ca7]
2026-03-27 21:08:19.693 [tomcat-handler-39] DEBUG c.a.r.m.ChunkMapper.findByResourceId - <==      Total: 4
2026-03-27 21:08:19.694 [tomcat-handler-39] DEBUG org.mybatis.spring.SqlSessionUtils - Closing non transactional SqlSession [org.apache.ibatis.session.defaults.DefaultSqlSession@57333c18]
2026-03-27 21:08:26.327 [tomcat-handler-40] DEBUG c.a.r.c.SecurityConfig$JwtAuthenticationFilter - Authenticated user: 2
2026-03-27 21:08:26.330 [tomcat-handler-40] INFO  c.a.r.controller.ResourceController - GET /api/resources - page=0, size=10
2026-03-27 21:08:26.330 [tomcat-handler-40] DEBUG org.mybatis.spring.SqlSessionUtils - Creating a new SqlSession
2026-03-27 21:08:26.331 [tomcat-handler-40] DEBUG org.mybatis.spring.SqlSessionUtils - SqlSession [org.apache.ibatis.session.defaults.DefaultSqlSession@cd517b0] was not registered for synchronization because synchronization is not active
2026-03-27 21:08:26.334 [tomcat-handler-40] DEBUG o.m.s.t.SpringManagedTransaction - JDBC Connection [HikariProxyConnection@337011063 wrapping com.mysql.cj.jdbc.ConnectionImpl@42789ae9] will not be managed by Spring
2026-03-27 21:08:26.334 [tomcat-handler-40] DEBUG c.a.r.m.ResourceMapper.findPaged - ==>  Preparing: SELECT id, title, tags, file_type, file_path, file_size, description, content_hash, uploaded_by, upload_time, chunk_count, vectorized FROM resources ORDER BY upload_time DESC LIMIT ?, ?
2026-03-27 21:08:26.335 [tomcat-handler-40] DEBUG c.a.r.m.ResourceMapper.findPaged - ==> Parameters: 0(Integer), 10(Integer)
2026-03-27 21:08:26.342 [tomcat-handler-40] DEBUG c.a.r.m.ResourceMapper.findPaged - <==      Total: 6
2026-03-27 21:08:26.343 [tomcat-handler-40] DEBUG org.mybatis.spring.SqlSessionUtils - Closing non transactional SqlSession [org.apache.ibatis.session.defaults.DefaultSqlSession@cd517b0]
2026-03-27 21:08:26.343 [tomcat-handler-40] DEBUG org.mybatis.spring.SqlSessionUtils - Creating a new SqlSession
2026-03-27 21:08:26.343 [tomcat-handler-40] DEBUG org.mybatis.spring.SqlSessionUtils - SqlSession [org.apache.ibatis.session.defaults.DefaultSqlSession@6f6cdd82] was not registered for synchronization because synchronization is not active
2026-03-27 21:08:26.343 [tomcat-handler-40] DEBUG o.m.s.t.SpringManagedTransaction - JDBC Connection [HikariProxyConnection@855550972 wrapping com.mysql.cj.jdbc.ConnectionImpl@42789ae9] will not be managed by Spring
2026-03-27 21:08:26.344 [tomcat-handler-40] DEBUG c.a.rag.mapper.ResourceMapper.count - ==>  Preparing: SELECT COUNT(*) FROM resources
2026-03-27 21:08:26.344 [tomcat-handler-40] DEBUG c.a.rag.mapper.ResourceMapper.count - ==> Parameters: 
2026-03-27 21:08:26.346 [tomcat-handler-40] DEBUG c.a.rag.mapper.ResourceMapper.count - <==      Total: 1
2026-03-27 21:08:26.347 [tomcat-handler-40] DEBUG org.mybatis.spring.SqlSessionUtils - Closing non transactional SqlSession [org.apache.ibatis.session.defaults.DefaultSqlSession@6f6cdd82]
2026-03-27 21:08:28.428 [tomcat-handler-41] DEBUG c.a.r.c.SecurityConfig$JwtAuthenticationFilter - Authenticated user: 2
2026-03-27 21:08:28.432 [tomcat-handler-41] INFO  c.a.r.controller.ResourceController - GET /api/resources/1
2026-03-27 21:08:28.432 [tomcat-handler-41] DEBUG org.mybatis.spring.SqlSessionUtils - Creating a new SqlSession
2026-03-27 21:08:28.432 [tomcat-handler-41] DEBUG org.mybatis.spring.SqlSessionUtils - SqlSession [org.apache.ibatis.session.defaults.DefaultSqlSession@1653b574] was not registered for synchronization because synchronization is not active
2026-03-27 21:08:28.428 [tomcat-handler-42] DEBUG c.a.r.c.SecurityConfig$JwtAuthenticationFilter - Authenticated user: 2
2026-03-27 21:08:28.434 [tomcat-handler-42] INFO  c.a.r.controller.ResourceController - GET /api/resources/1/chunks
2026-03-27 21:08:28.436 [tomcat-handler-42] DEBUG org.mybatis.spring.SqlSessionUtils - Creating a new SqlSession
2026-03-27 21:08:28.436 [tomcat-handler-42] DEBUG org.mybatis.spring.SqlSessionUtils - SqlSession [org.apache.ibatis.session.defaults.DefaultSqlSession@590cf505] was not registered for synchronization because synchronization is not active
2026-03-27 21:08:28.437 [tomcat-handler-41] DEBUG o.m.s.t.SpringManagedTransaction - JDBC Connection [HikariProxyConnection@585963820 wrapping com.mysql.cj.jdbc.ConnectionImpl@42789ae9] will not be managed by Spring
2026-03-27 21:08:28.437 [tomcat-handler-41] DEBUG c.a.r.mapper.ResourceMapper.findById - ==>  Preparing: SELECT id, title, tags, file_type, file_path, file_size, description, content_hash, uploaded_by, upload_time, chunk_count, vectorized FROM resources WHERE id = ?
2026-03-27 21:08:28.438 [tomcat-handler-42] DEBUG o.m.s.t.SpringManagedTransaction - JDBC Connection [HikariProxyConnection@542029556 wrapping com.mysql.cj.jdbc.ConnectionImpl@4200d31d] will not be managed by Spring
2026-03-27 21:08:28.438 [tomcat-handler-41] DEBUG c.a.r.mapper.ResourceMapper.findById - ==> Parameters: 1(Long)
2026-03-27 21:08:28.438 [tomcat-handler-42] DEBUG c.a.r.m.ChunkMapper.findByResourceId - ==>  Preparing: SELECT id, resource_id, chunk_index, chunk_text, location_info, page_start, page_end, chapter_path, text_hash, vectorized, created_at FROM resource_chunks WHERE resource_id = ? ORDER BY chunk_index ASC
2026-03-27 21:08:28.438 [tomcat-handler-42] DEBUG c.a.r.m.ChunkMapper.findByResourceId - ==> Parameters: 1(Long)
2026-03-27 21:08:28.439 [tomcat-handler-41] DEBUG c.a.r.mapper.ResourceMapper.findById - <==      Total: 1
2026-03-27 21:08:28.439 [tomcat-handler-41] DEBUG org.mybatis.spring.SqlSessionUtils - Closing non transactional SqlSession [org.apache.ibatis.session.defaults.DefaultSqlSession@1653b574]
2026-03-27 21:08:28.439 [tomcat-handler-42] DEBUG c.a.r.m.ChunkMapper.findByResourceId - <==      Total: 3
2026-03-27 21:08:28.440 [tomcat-handler-42] DEBUG org.mybatis.spring.SqlSessionUtils - Closing non transactional SqlSession [org.apache.ibatis.session.defaults.DefaultSqlSession@590cf505]
2026-03-27 21:10:52.155 [tomcat-handler-43] DEBUG c.a.r.c.SecurityConfig$JwtAuthenticationFilter - Authenticated user: 2
2026-03-27 21:10:52.162 [tomcat-handler-43] INFO  c.a.r.controller.ResourceController - GET /api/resources/1
2026-03-27 21:10:52.162 [tomcat-handler-43] DEBUG org.mybatis.spring.SqlSessionUtils - Creating a new SqlSession
2026-03-27 21:10:52.162 [tomcat-handler-43] DEBUG org.mybatis.spring.SqlSessionUtils - SqlSession [org.apache.ibatis.session.defaults.DefaultSqlSession@4c5cd785] was not registered for synchronization because synchronization is not active
2026-03-27 21:10:52.188 [tomcat-handler-43] DEBUG o.m.s.t.SpringManagedTransaction - JDBC Connection [HikariProxyConnection@1270451455 wrapping com.mysql.cj.jdbc.ConnectionImpl@42789ae9] will not be managed by Spring
2026-03-27 21:10:52.188 [tomcat-handler-43] DEBUG c.a.r.mapper.ResourceMapper.findById - ==>  Preparing: SELECT id, title, tags, file_type, file_path, file_size, description, content_hash, uploaded_by, upload_time, chunk_count, vectorized FROM resources WHERE id = ?
2026-03-27 21:10:52.190 [tomcat-handler-43] DEBUG c.a.r.mapper.ResourceMapper.findById - ==> Parameters: 1(Long)
2026-03-27 21:10:52.199 [tomcat-handler-43] DEBUG c.a.r.mapper.ResourceMapper.findById - <==      Total: 1
2026-03-27 21:10:52.200 [tomcat-handler-43] DEBUG org.mybatis.spring.SqlSessionUtils - Closing non transactional SqlSession [org.apache.ibatis.session.defaults.DefaultSqlSession@4c5cd785]
2026-03-27 21:11:06.592 [tomcat-handler-45] DEBUG c.a.r.c.SecurityConfig$JwtAuthenticationFilter - Authenticated user: 2
2026-03-27 21:11:06.593 [tomcat-handler-45] INFO  c.a.r.controller.ResourceController - GET /api/resources/1/chunks
2026-03-27 21:11:06.593 [tomcat-handler-45] DEBUG org.mybatis.spring.SqlSessionUtils - Creating a new SqlSession
2026-03-27 21:11:06.593 [tomcat-handler-45] DEBUG org.mybatis.spring.SqlSessionUtils - SqlSession [org.apache.ibatis.session.defaults.DefaultSqlSession@2f16bfd1] was not registered for synchronization because synchronization is not active
2026-03-27 21:11:06.594 [tomcat-handler-45] DEBUG o.m.s.t.SpringManagedTransaction - JDBC Connection [HikariProxyConnection@1164202777 wrapping com.mysql.cj.jdbc.ConnectionImpl@42789ae9] will not be managed by Spring
2026-03-27 21:11:06.595 [tomcat-handler-45] DEBUG c.a.r.m.ChunkMapper.findByResourceId - ==>  Preparing: SELECT id, resource_id, chunk_index, chunk_text, location_info, page_start, page_end, chapter_path, text_hash, vectorized, created_at FROM resource_chunks WHERE resource_id = ? ORDER BY chunk_index ASC
2026-03-27 21:11:06.595 [tomcat-handler-45] DEBUG c.a.r.m.ChunkMapper.findByResourceId - ==> Parameters: 1(Long)
2026-03-27 21:11:06.597 [tomcat-handler-45] DEBUG c.a.r.m.ChunkMapper.findByResourceId - <==      Total: 3
2026-03-27 21:11:06.598 [tomcat-handler-45] DEBUG org.mybatis.spring.SqlSessionUtils - Closing non transactional SqlSession [org.apache.ibatis.session.defaults.DefaultSqlSession@2f16bfd1]
2026-03-27 21:14:18.471 [tomcat-handler-47] DEBUG c.a.r.c.SecurityConfig$JwtAuthenticationFilter - Authenticated user: 2
2026-03-27 21:14:18.474 [tomcat-handler-47] INFO  c.a.r.controller.ResourceController - GET /api/resources - page=0, size=10
2026-03-27 21:14:18.475 [tomcat-handler-47] DEBUG org.mybatis.spring.SqlSessionUtils - Creating a new SqlSession
2026-03-27 21:14:18.476 [tomcat-handler-47] DEBUG org.mybatis.spring.SqlSessionUtils - SqlSession [org.apache.ibatis.session.defaults.DefaultSqlSession@51e753fa] was not registered for synchronization because synchronization is not active
2026-03-27 21:14:18.477 [tomcat-handler-47] DEBUG o.m.s.t.SpringManagedTransaction - JDBC Connection [HikariProxyConnection@1440271646 wrapping com.mysql.cj.jdbc.ConnectionImpl@42789ae9] will not be managed by Spring
2026-03-27 21:14:18.478 [tomcat-handler-47] DEBUG c.a.r.m.ResourceMapper.findPaged - ==>  Preparing: SELECT id, title, tags, file_type, file_path, file_size, description, content_hash, uploaded_by, upload_time, chunk_count, vectorized FROM resources ORDER BY upload_time DESC LIMIT ?, ?
2026-03-27 21:14:18.478 [tomcat-handler-47] DEBUG c.a.r.m.ResourceMapper.findPaged - ==> Parameters: 0(Integer), 10(Integer)
2026-03-27 21:14:18.485 [tomcat-handler-47] DEBUG c.a.r.m.ResourceMapper.findPaged - <==      Total: 6
2026-03-27 21:14:18.485 [tomcat-handler-47] DEBUG org.mybatis.spring.SqlSessionUtils - Closing non transactional SqlSession [org.apache.ibatis.session.defaults.DefaultSqlSession@51e753fa]
2026-03-27 21:14:18.486 [tomcat-handler-47] DEBUG org.mybatis.spring.SqlSessionUtils - Creating a new SqlSession
2026-03-27 21:14:18.486 [tomcat-handler-47] DEBUG org.mybatis.spring.SqlSessionUtils - SqlSession [org.apache.ibatis.session.defaults.DefaultSqlSession@4a938e62] was not registered for synchronization because synchronization is not active
2026-03-27 21:14:18.486 [tomcat-handler-47] DEBUG o.m.s.t.SpringManagedTransaction - JDBC Connection [HikariProxyConnection@553675849 wrapping com.mysql.cj.jdbc.ConnectionImpl@42789ae9] will not be managed by Spring
2026-03-27 21:14:18.486 [tomcat-handler-47] DEBUG c.a.rag.mapper.ResourceMapper.count - ==>  Preparing: SELECT COUNT(*) FROM resources
2026-03-27 21:14:18.486 [tomcat-handler-47] DEBUG c.a.rag.mapper.ResourceMapper.count - ==> Parameters: 
2026-03-27 21:14:18.492 [tomcat-handler-47] DEBUG c.a.rag.mapper.ResourceMapper.count - <==      Total: 1
2026-03-27 21:14:18.492 [tomcat-handler-47] DEBUG org.mybatis.spring.SqlSessionUtils - Closing non transactional SqlSession [org.apache.ibatis.session.defaults.DefaultSqlSession@4a938e62]
2026-03-27 21:17:21.681 [tomcat-handler-49] DEBUG c.a.r.c.SecurityConfig$JwtAuthenticationFilter - Authenticated user: 2
2026-03-27 21:17:21.691 [tomcat-handler-49] INFO  c.a.r.controller.ResourceController - GET /api/resources - page=0, size=10
2026-03-27 21:17:21.691 [tomcat-handler-49] DEBUG org.mybatis.spring.SqlSessionUtils - Creating a new SqlSession
2026-03-27 21:17:21.691 [tomcat-handler-49] DEBUG org.mybatis.spring.SqlSessionUtils - SqlSession [org.apache.ibatis.session.defaults.DefaultSqlSession@50e1d92] was not registered for synchronization because synchronization is not active
2026-03-27 21:17:21.694 [tomcat-handler-49] DEBUG o.m.s.t.SpringManagedTransaction - JDBC Connection [HikariProxyConnection@20027883 wrapping com.mysql.cj.jdbc.ConnectionImpl@42789ae9] will not be managed by Spring
2026-03-27 21:17:21.694 [tomcat-handler-49] DEBUG c.a.r.m.ResourceMapper.findPaged - ==>  Preparing: SELECT id, title, tags, file_type, file_path, file_size, description, content_hash, uploaded_by, upload_time, chunk_count, vectorized FROM resources ORDER BY upload_time DESC LIMIT ?, ?
2026-03-27 21:17:21.696 [tomcat-handler-49] DEBUG c.a.r.m.ResourceMapper.findPaged - ==> Parameters: 0(Integer), 10(Integer)
2026-03-27 21:17:21.702 [tomcat-handler-49] DEBUG c.a.r.m.ResourceMapper.findPaged - <==      Total: 6
2026-03-27 21:17:21.703 [tomcat-handler-49] DEBUG org.mybatis.spring.SqlSessionUtils - Closing non transactional SqlSession [org.apache.ibatis.session.defaults.DefaultSqlSession@50e1d92]
2026-03-27 21:17:21.703 [tomcat-handler-49] DEBUG org.mybatis.spring.SqlSessionUtils - Creating a new SqlSession
2026-03-27 21:17:21.703 [tomcat-handler-49] DEBUG org.mybatis.spring.SqlSessionUtils - SqlSession [org.apache.ibatis.session.defaults.DefaultSqlSession@aa689e] was not registered for synchronization because synchronization is not active
2026-03-27 21:17:21.703 [tomcat-handler-49] DEBUG o.m.s.t.SpringManagedTransaction - JDBC Connection [HikariProxyConnection@1966938004 wrapping com.mysql.cj.jdbc.ConnectionImpl@42789ae9] will not be managed by Spring
2026-03-27 21:17:21.703 [tomcat-handler-49] DEBUG c.a.rag.mapper.ResourceMapper.count - ==>  Preparing: SELECT COUNT(*) FROM resources
2026-03-27 21:17:21.703 [tomcat-handler-49] DEBUG c.a.rag.mapper.ResourceMapper.count - ==> Parameters: 
2026-03-27 21:17:21.705 [tomcat-handler-49] DEBUG c.a.rag.mapper.ResourceMapper.count - <==      Total: 1
2026-03-27 21:17:21.706 [tomcat-handler-49] DEBUG org.mybatis.spring.SqlSessionUtils - Closing non transactional SqlSession [org.apache.ibatis.session.defaults.DefaultSqlSession@aa689e]
2026-03-27 21:17:22.891 [tomcat-handler-50] DEBUG c.a.r.c.SecurityConfig$JwtAuthenticationFilter - Authenticated user: 2
2026-03-27 21:17:22.896 [tomcat-handler-50] INFO  c.a.r.controller.ResourceController - GET /api/resources/3
2026-03-27 21:17:22.893 [tomcat-handler-51] DEBUG c.a.r.c.SecurityConfig$JwtAuthenticationFilter - Authenticated user: 2
2026-03-27 21:17:22.900 [tomcat-handler-50] DEBUG org.mybatis.spring.SqlSessionUtils - Creating a new SqlSession
2026-03-27 21:17:22.903 [tomcat-handler-50] DEBUG org.mybatis.spring.SqlSessionUtils - SqlSession [org.apache.ibatis.session.defaults.DefaultSqlSession@235094a3] was not registered for synchronization because synchronization is not active
2026-03-27 21:17:22.903 [tomcat-handler-51] INFO  c.a.r.controller.ResourceController - GET /api/resources/3/chunks
2026-03-27 21:17:22.904 [tomcat-handler-51] DEBUG org.mybatis.spring.SqlSessionUtils - Creating a new SqlSession
2026-03-27 21:17:22.904 [tomcat-handler-51] DEBUG org.mybatis.spring.SqlSessionUtils - SqlSession [org.apache.ibatis.session.defaults.DefaultSqlSession@15f0384] was not registered for synchronization because synchronization is not active
2026-03-27 21:17:22.906 [tomcat-handler-50] DEBUG o.m.s.t.SpringManagedTransaction - JDBC Connection [HikariProxyConnection@322789172 wrapping com.mysql.cj.jdbc.ConnectionImpl@42789ae9] will not be managed by Spring
2026-03-27 21:17:22.906 [tomcat-handler-51] DEBUG o.m.s.t.SpringManagedTransaction - JDBC Connection [HikariProxyConnection@580842097 wrapping com.mysql.cj.jdbc.ConnectionImpl@4200d31d] will not be managed by Spring
2026-03-27 21:17:22.906 [tomcat-handler-50] DEBUG c.a.r.mapper.ResourceMapper.findById - ==>  Preparing: SELECT id, title, tags, file_type, file_path, file_size, description, content_hash, uploaded_by, upload_time, chunk_count, vectorized FROM resources WHERE id = ?
2026-03-27 21:17:22.906 [tomcat-handler-51] DEBUG c.a.r.m.ChunkMapper.findByResourceId - ==>  Preparing: SELECT id, resource_id, chunk_index, chunk_text, location_info, page_start, page_end, chapter_path, text_hash, vectorized, created_at FROM resource_chunks WHERE resource_id = ? ORDER BY chunk_index ASC
2026-03-27 21:17:22.907 [tomcat-handler-50] DEBUG c.a.r.mapper.ResourceMapper.findById - ==> Parameters: 3(Long)
2026-03-27 21:17:22.907 [tomcat-handler-51] DEBUG c.a.r.m.ChunkMapper.findByResourceId - ==> Parameters: 3(Long)
2026-03-27 21:17:22.912 [tomcat-handler-50] DEBUG c.a.r.mapper.ResourceMapper.findById - <==      Total: 1
2026-03-27 21:17:22.912 [tomcat-handler-51] DEBUG c.a.r.m.ChunkMapper.findByResourceId - <==      Total: 1
2026-03-27 21:17:22.912 [tomcat-handler-50] DEBUG org.mybatis.spring.SqlSessionUtils - Closing non transactional SqlSession [org.apache.ibatis.session.defaults.DefaultSqlSession@235094a3]
2026-03-27 21:17:22.912 [tomcat-handler-51] DEBUG org.mybatis.spring.SqlSessionUtils - Closing non transactional SqlSession [org.apache.ibatis.session.defaults.DefaultSqlSession@15f0384]
2026-03-27 21:17:24.703 [tomcat-handler-52] DEBUG c.a.r.c.SecurityConfig$JwtAuthenticationFilter - Authenticated user: 2
2026-03-27 21:17:24.705 [tomcat-handler-52] INFO  c.a.r.controller.ResourceController - GET /api/resources - page=0, size=10
2026-03-27 21:17:24.706 [tomcat-handler-52] DEBUG org.mybatis.spring.SqlSessionUtils - Creating a new SqlSession
2026-03-27 21:17:24.706 [tomcat-handler-52] DEBUG org.mybatis.spring.SqlSessionUtils - SqlSession [org.apache.ibatis.session.defaults.DefaultSqlSession@58f4f39] was not registered for synchronization because synchronization is not active
2026-03-27 21:17:24.709 [tomcat-handler-52] DEBUG o.m.s.t.SpringManagedTransaction - JDBC Connection [HikariProxyConnection@1653402086 wrapping com.mysql.cj.jdbc.ConnectionImpl@42789ae9] will not be managed by Spring
2026-03-27 21:17:24.709 [tomcat-handler-52] DEBUG c.a.r.m.ResourceMapper.findPaged - ==>  Preparing: SELECT id, title, tags, file_type, file_path, file_size, description, content_hash, uploaded_by, upload_time, chunk_count, vectorized FROM resources ORDER BY upload_time DESC LIMIT ?, ?
2026-03-27 21:17:24.715 [tomcat-handler-52] DEBUG c.a.r.m.ResourceMapper.findPaged - ==> Parameters: 0(Integer), 10(Integer)
2026-03-27 21:17:24.718 [tomcat-handler-52] DEBUG c.a.r.m.ResourceMapper.findPaged - <==      Total: 6
2026-03-27 21:17:24.718 [tomcat-handler-52] DEBUG org.mybatis.spring.SqlSessionUtils - Closing non transactional SqlSession [org.apache.ibatis.session.defaults.DefaultSqlSession@58f4f39]
2026-03-27 21:17:24.718 [tomcat-handler-52] DEBUG org.mybatis.spring.SqlSessionUtils - Creating a new SqlSession
2026-03-27 21:17:24.719 [tomcat-handler-52] DEBUG org.mybatis.spring.SqlSessionUtils - SqlSession [org.apache.ibatis.session.defaults.DefaultSqlSession@1aa9d29d] was not registered for synchronization because synchronization is not active
2026-03-27 21:17:24.719 [tomcat-handler-52] DEBUG o.m.s.t.SpringManagedTransaction - JDBC Connection [HikariProxyConnection@1705029750 wrapping com.mysql.cj.jdbc.ConnectionImpl@42789ae9] will not be managed by Spring
2026-03-27 21:17:24.719 [tomcat-handler-52] DEBUG c.a.rag.mapper.ResourceMapper.count - ==>  Preparing: SELECT COUNT(*) FROM resources
2026-03-27 21:17:24.719 [tomcat-handler-52] DEBUG c.a.rag.mapper.ResourceMapper.count - ==> Parameters: 
2026-03-27 21:17:24.721 [tomcat-handler-52] DEBUG c.a.rag.mapper.ResourceMapper.count - <==      Total: 1
2026-03-27 21:17:24.721 [tomcat-handler-52] DEBUG org.mybatis.spring.SqlSessionUtils - Closing non transactional SqlSession [org.apache.ibatis.session.defaults.DefaultSqlSession@1aa9d29d]
2026-03-27 21:18:06.024 [tomcat-handler-53] DEBUG c.a.r.c.SecurityConfig$JwtAuthenticationFilter - Authenticated user: 2
2026-03-27 21:18:06.040 [tomcat-handler-53] INFO  c.a.rag.controller.ChatController - POST /api/chat/ask - userId=2, question='什么是机器学习', topK=5
2026-03-27 21:18:06.040 [tomcat-handler-53] INFO  c.a.rag.service.impl.RagServiceImpl - 执行问答：userId=2, question='什么是机器学习', useRag=false, topK=5
2026-03-27 21:18:06.040 [tomcat-handler-53] INFO  c.a.rag.service.impl.RagServiceImpl - 纯 LLM 模式：跳过检索，直接调用 LLM
2026-03-27 21:18:06.041 [tomcat-handler-53] INFO  c.aetheris.rag.gateway.ChatGateway - 调用 Chat API（带系统提示）：model=glm-4-flash, systemPromptPreview=你是一个专业的学习助手，擅长回答各类学习相关问题。
请遵循以下要求：
1. 使用简洁清晰的语言回答问题
2. 如果遇到不确定的信息，明确说明
3. 避免添加不必要的主观推断
4. 回答应具有教育意义和实用性, userPromptPreview=什么是机器学习
2026-03-27 21:18:06.096 [tomcat-handler-53] INFO  d.l.h.client.log.LoggingHttpClient - HTTP request:
- method: POST
- url: https://open.bigmodel.cn/api/paas/v4/chat/completions
- headers: [Authorization: Beare...Tc], [Content-Type: application/json]
- body: {
  "model" : "glm-4-flash",
  "messages" : [ {
    "role" : "user",
    "content" : "[系统提示]你是一个专业的学习助手，擅长回答各类学习相关问题。\n请遵循以下要求：\n1. 使用简洁清晰的语言回答问题\n2. 如果遇到不确定的信息，明确说明\n3. 避免添加不必要的主观推断\n4. 回答应具有教育意义和实用性\n\n[用户问题]什么是机器学习"
  } ],
  "stream" : false,
  "temperature" : 0.7,
  "top_p" : 0.9,
  "max_tokens" : 512,
  "stop" : [ ],
  "tool_choice" : "auto"
}

2026-03-27 21:18:13.047 [tomcat-handler-53] INFO  d.l.h.client.log.LoggingHttpClient - HTTP response:
- status code: 200
- headers: [:status: 200], [content-length: 1125], [content-type: application/json; charset=UTF-8], [date: Fri, 27 Mar 2026 13:18:13 GMT], [server: ZenZGA/2.4], [set-cookie: acw_tc=2760777817746174866134430ebec22b09f2a7a47c65731ae6a47243a555f3;path=/;HttpOnly;Max-Age=1800], [strict-transport-security: max-age=31536000; includeSubDomains], [vary: [Accept-Encoding, Origin, Access-Control-Request-Method, Access-Control-Request-Headers, Origin, Access-Control-Request-Method, Access-Control-Request-Headers]], [x-log-id: 20260327211806da7e760a43024ac3]
- body: {"choices":[{"finish_reason":"stop","index":0,"message":{"content":"机器学习是一种使计算机系统能够从数据中学习并做出决策或预测的技术。它属于人工智能的一个分支，通过算法让计算机能够识别模式、进行分类、预测结果或做出决策，而无需显式编程。机器学习的关键点包括：\n\n1. **数据驱动**：机器学习依赖于大量数据来训练模型。\n2. **算法**：使用特定的算法来分析数据，从中提取模式和知识。\n3. **模型**：通过算法处理数据后形成的用于预测或决策的数学结构。\n4. **迭代学习**：模型会根据新的数据不断优化，提高其性能。\n\n常见的机器学习任务包括分类、回归、聚类、降维等。它在推荐系统、图像识别、自然语言处理、医疗诊断等多个领域都有广泛应用。","role":"assistant"}}],"created":1774617493,"id":"20260327211806da7e760a43024ac3","model":"glm-4-flash","object":"chat.completion","request_id":"20260327211806da7e760a43024ac3","usage":{"completion_tokens":163,"prompt_tokens":75,"total_tokens":238}}

2026-03-27 21:18:13.072 [tomcat-handler-53] INFO  c.a.rag.service.impl.RagServiceImpl - LLM 直接生成答案成功：userId=2, answerLength=290
2026-03-27 21:18:13.072 [tomcat-handler-53] DEBUG c.aetheris.rag.util.PerformanceTimer - Stage 'generation' completed in 7031 ms
2026-03-27 21:18:13.083 [tomcat-handler-53] DEBUG c.a.r.s.impl.BehaviorServiceImpl - 记录用户查询行为: userId=2, queryText=什么是机器学习
2026-03-27 21:18:13.084 [tomcat-handler-53] DEBUG org.mybatis.spring.SqlSessionUtils - Creating a new SqlSession
2026-03-27 21:18:13.084 [tomcat-handler-53] DEBUG org.mybatis.spring.SqlSessionUtils - Registering transaction synchronization for SqlSession [org.apache.ibatis.session.defaults.DefaultSqlSession@158e2e03]
2026-03-27 21:18:13.084 [tomcat-handler-53] DEBUG o.m.s.t.SpringManagedTransaction - JDBC Connection [HikariProxyConnection@1001566003 wrapping com.mysql.cj.jdbc.ConnectionImpl@42789ae9] will be managed by Spring
2026-03-27 21:18:13.084 [tomcat-handler-53] DEBUG c.a.r.m.UserBehaviorMapper.insert - ==>  Preparing: INSERT INTO user_behaviors ( user_id, behavior_type, resource_id, query_text, behavior_time, session_id, weight ) VALUES ( ?, ?, ?, ?, ?, ?, ? )
2026-03-27 21:18:13.085 [tomcat-handler-53] DEBUG c.a.r.m.UserBehaviorMapper.insert - ==> Parameters: 2(Long), QUERY(String), null, 什么是机器学习(String), 2026-03-27 21:18:13.084129(Timestamp), null, null
2026-03-27 21:18:13.090 [tomcat-handler-53] DEBUG c.a.r.m.UserBehaviorMapper.insert - <==    Updates: 1
2026-03-27 21:18:13.091 [tomcat-handler-53] DEBUG org.mybatis.spring.SqlSessionUtils - Releasing transactional SqlSession [org.apache.ibatis.session.defaults.DefaultSqlSession@158e2e03]
2026-03-27 21:18:13.091 [tomcat-handler-53] INFO  c.a.r.s.impl.BehaviorServiceImpl - 查询行为已记录: behaviorId=4, userId=2
2026-03-27 21:18:13.091 [tomcat-handler-53] DEBUG org.mybatis.spring.SqlSessionUtils - Transaction synchronization committing SqlSession [org.apache.ibatis.session.defaults.DefaultSqlSession@158e2e03]
2026-03-27 21:18:13.091 [tomcat-handler-53] DEBUG org.mybatis.spring.SqlSessionUtils - Transaction synchronization deregistering SqlSession [org.apache.ibatis.session.defaults.DefaultSqlSession@158e2e03]
2026-03-27 21:18:13.091 [tomcat-handler-53] DEBUG org.mybatis.spring.SqlSessionUtils - Transaction synchronization closing SqlSession [org.apache.ibatis.session.defaults.DefaultSqlSession@158e2e03]
2026-03-27 21:18:13.096 [tomcat-handler-53] DEBUG c.a.rag.service.impl.RagServiceImpl - 查询行为记录成功：userId=2, query='什么是机器学习'
2026-03-27 21:18:13.096 [tomcat-handler-53] INFO  c.a.rag.service.impl.RagServiceImpl - 问答完成：userId=2, latencyMs=7056ms, useRag=false, citationsCount=0
2026-03-27 21:18:13.096 [tomcat-handler-53] INFO  c.a.rag.controller.ChatController - RAG 问答完成：userId=2, latencyMs=7056ms, evidenceInsufficient=false
2026-03-27 21:20:13.400 [tomcat-handler-54] DEBUG c.a.r.c.SecurityConfig$JwtAuthenticationFilter - Authenticated user: 2
2026-03-27 21:20:13.404 [tomcat-handler-54] INFO  c.a.rag.controller.ChatController - POST /api/chat/ask - userId=2, question='什么是机器学习', topK=5
2026-03-27 21:20:13.404 [tomcat-handler-54] INFO  c.a.rag.service.impl.RagServiceImpl - 执行问答：userId=2, question='什么是机器学习', useRag=true, topK=5
2026-03-27 21:20:13.405 [tomcat-handler-54] INFO  c.a.r.service.impl.SearchServiceImpl - 执行聚合语义检索：query='什么是机器学习', topK=5
2026-03-27 21:20:13.405 [tomcat-handler-54] INFO  c.a.r.service.impl.SearchServiceImpl - 执行语义检索：query='什么是机器学习', topK=10
2026-03-27 21:20:13.409 [tomcat-handler-54] DEBUG c.a.rag.gateway.cache.EmbeddingCache - Embedding cache miss for textHash: ba312180480566d5ee92b1789f2f869779e9c5bea3bd5995fb12b1c3fe953793
2026-03-27 21:20:13.409 [tomcat-handler-54] INFO  c.a.rag.gateway.EmbeddingGateway - 调用 Embedding API：model=embedding-3, textPreview=什么是机器学习
2026-03-27 21:20:13.410 [tomcat-handler-54] INFO  d.l.h.client.log.LoggingHttpClient - HTTP request:
- method: POST
- url: https://open.bigmodel.cn/api/paas/v4/embeddings
- headers: [Authorization: Beare...co], [Content-Type: application/json]
- body: {
  "input" : "什么是机器学习",
  "model" : "embedding-3"
}

2026-03-27 21:20:13.755 [tomcat-handler-54] ERROR d.l.c.model.zhipu.ZhipuAiClient - Error response: status code: 429; body: {"error":{"code":"1113","message":"余额不足或无可用资源包,请充值。"}}
2026-03-27 21:20:13.756 [tomcat-handler-54] WARN  dev.langchain4j.internal.RetryUtils - A retriable exception occurred. Remaining retries: 3 of 3
java.lang.RuntimeException: dev.langchain4j.exception.HttpException: {"error":{"code":"1113","message":"余额不足或无可用资源包,请充值。"}}
	at dev.langchain4j.community.model.zhipu.ZhipuAiClient.embedAll(ZhipuAiClient.java:106)
	at dev.langchain4j.community.model.zhipu.ZhipuAiEmbeddingModel.lambda$embedAll$1(ZhipuAiEmbeddingModel.java:70)
	at dev.langchain4j.internal.RetryUtils$RetryPolicy.withRetry(RetryUtils.java:204)
	at dev.langchain4j.internal.RetryUtils.withRetry(RetryUtils.java:259)
	at dev.langchain4j.community.model.zhipu.ZhipuAiEmbeddingModel.lambda$embedAll$2(ZhipuAiEmbeddingModel.java:70)
	at java.base/java.util.stream.ReferencePipeline$3$1.accept(ReferencePipeline.java:197)
	at java.base/java.util.stream.ReferencePipeline$3$1.accept(ReferencePipeline.java:197)
	at java.base/java.util.AbstractList$RandomAccessSpliterator.forEachRemaining(AbstractList.java:722)
	at java.base/java.util.stream.AbstractPipeline.copyInto(AbstractPipeline.java:509)
	at java.base/java.util.stream.AbstractPipeline.wrapAndCopyInto(AbstractPipeline.java:499)
	at java.base/java.util.stream.ReduceOps$ReduceOp.evaluateSequential(ReduceOps.java:921)
	at java.base/java.util.stream.AbstractPipeline.evaluate(AbstractPipeline.java:234)
	at java.base/java.util.stream.ReferencePipeline.collect(ReferencePipeline.java:682)
	at dev.langchain4j.community.model.zhipu.ZhipuAiEmbeddingModel.embedAll(ZhipuAiEmbeddingModel.java:71)
	at com.aetheris.rag.gateway.EmbeddingGateway.lambda$embed$0(EmbeddingGateway.java:123)
	at com.aetheris.rag.gateway.retry.ModelRetryStrategy.executeWithRetry(ModelRetryStrategy.java:106)
	at com.aetheris.rag.gateway.EmbeddingGateway.embed(EmbeddingGateway.java:119)
	at com.aetheris.rag.service.impl.SearchServiceImpl.search(SearchServiceImpl.java:101)
	at com.aetheris.rag.service.impl.SearchServiceImpl.searchAggregated(SearchServiceImpl.java:492)
	at com.aetheris.rag.service.impl.RagServiceImpl.ask(RagServiceImpl.java:76)
	at java.base/jdk.internal.reflect.DirectMethodHandleAccessor.invoke(DirectMethodHandleAccessor.java:103)
	at java.base/java.lang.reflect.Method.invoke(Method.java:580)
	at org.springframework.aop.support.AopUtils.invokeJoinpointUsingReflection(AopUtils.java:360)
	at org.springframework.aop.framework.JdkDynamicAopProxy.invoke(JdkDynamicAopProxy.java:216)
	at jdk.proxy2/jdk.proxy2.$Proxy135.ask(Unknown Source)
	at com.aetheris.rag.controller.ChatController.ask(ChatController.java:76)
	at java.base/jdk.internal.reflect.DirectMethodHandleAccessor.invoke(DirectMethodHandleAccessor.java:103)
	at java.base/java.lang.reflect.Method.invoke(Method.java:580)
	at org.springframework.web.method.support.InvocableHandlerMethod.doInvoke(InvocableHandlerMethod.java:258)
	at org.springframework.web.method.support.InvocableHandlerMethod.invokeForRequest(InvocableHandlerMethod.java:191)
	at org.springframework.web.servlet.mvc.method.annotation.ServletInvocableHandlerMethod.invokeAndHandle(ServletInvocableHandlerMethod.java:118)
	at org.springframework.web.servlet.mvc.method.annotation.RequestMappingHandlerAdapter.invokeHandlerMethod(RequestMappingHandlerAdapter.java:991)
	at org.springframework.web.servlet.mvc.method.annotation.RequestMappingHandlerAdapter.handleInternal(RequestMappingHandlerAdapter.java:896)
	at org.springframework.web.servlet.mvc.method.AbstractHandlerMethodAdapter.handle(AbstractHandlerMethodAdapter.java:87)
	at org.springframework.web.servlet.DispatcherServlet.doDispatch(DispatcherServlet.java:1089)
	at org.springframework.web.servlet.DispatcherServlet.doService(DispatcherServlet.java:979)
	at org.springframework.web.servlet.FrameworkServlet.processRequest(FrameworkServlet.java:1014)
	at org.springframework.web.servlet.FrameworkServlet.doPost(FrameworkServlet.java:914)
	at jakarta.servlet.http.HttpServlet.service(HttpServlet.java:590)
	at org.springframework.web.servlet.FrameworkServlet.service(FrameworkServlet.java:885)
	at jakarta.servlet.http.HttpServlet.service(HttpServlet.java:658)
	at org.apache.catalina.core.ApplicationFilterChain.internalDoFilter(ApplicationFilterChain.java:193)
	at org.apache.catalina.core.ApplicationFilterChain.doFilter(ApplicationFilterChain.java:138)
	at org.apache.tomcat.websocket.server.WsFilter.doFilter(WsFilter.java:51)
	at org.apache.catalina.core.ApplicationFilterChain.internalDoFilter(ApplicationFilterChain.java:162)
	at org.apache.catalina.core.ApplicationFilterChain.doFilter(ApplicationFilterChain.java:138)
	at org.springframework.web.filter.CompositeFilter$VirtualFilterChain.doFilter(CompositeFilter.java:108)
	at org.springframework.web.filter.CompositeFilter$VirtualFilterChain.doFilter(CompositeFilter.java:108)
	at org.springframework.security.web.FilterChainProxy.lambda$doFilterInternal$3(FilterChainProxy.java:231)
	at org.springframework.security.web.ObservationFilterChainDecorator$FilterObservation$SimpleFilterObservation.lambda$wrap$1(ObservationFilterChainDecorator.java:490)
	at org.springframework.security.web.ObservationFilterChainDecorator$AroundFilterObservation$SimpleAroundFilterObservation.lambda$wrap$1(ObservationFilterChainDecorator.java:351)
	at org.springframework.security.web.ObservationFilterChainDecorator.lambda$wrapSecured$0(ObservationFilterChainDecorator.java:83)
	at org.springframework.security.web.ObservationFilterChainDecorator$VirtualFilterChain.doFilter(ObservationFilterChainDecorator.java:129)
	at org.springframework.security.web.access.intercept.AuthorizationFilter.doFilter(AuthorizationFilter.java:101)
	at org.springframework.security.web.ObservationFilterChainDecorator$ObservationFilter.wrapFilter(ObservationFilterChainDecorator.java:241)
	at org.springframework.security.web.ObservationFilterChainDecorator$ObservationFilter.doFilter(ObservationFilterChainDecorator.java:228)
	at org.springframework.security.web.ObservationFilterChainDecorator$VirtualFilterChain.doFilter(ObservationFilterChainDecorator.java:138)
	at org.springframework.security.web.access.ExceptionTranslationFilter.doFilter(ExceptionTranslationFilter.java:125)
	at org.springframework.security.web.access.ExceptionTranslationFilter.doFilter(ExceptionTranslationFilter.java:119)
	at org.springframework.security.web.ObservationFilterChainDecorator$ObservationFilter.wrapFilter(ObservationFilterChainDecorator.java:241)
	at org.springframework.security.web.ObservationFilterChainDecorator$ObservationFilter.doFilter(ObservationFilterChainDecorator.java:228)
	at org.springframework.security.web.ObservationFilterChainDecorator$VirtualFilterChain.doFilter(ObservationFilterChainDecorator.java:138)
	at org.springframework.security.web.session.SessionManagementFilter.doFilter(SessionManagementFilter.java:131)
	at org.springframework.security.web.session.SessionManagementFilter.doFilter(SessionManagementFilter.java:85)
	at org.springframework.security.web.ObservationFilterChainDecorator$ObservationFilter.wrapFilter(ObservationFilterChainDecorator.java:241)
	at org.springframework.security.web.ObservationFilterChainDecorator$ObservationFilter.doFilter(ObservationFilterChainDecorator.java:228)
	at org.springframework.security.web.ObservationFilterChainDecorator$VirtualFilterChain.doFilter(ObservationFilterChainDecorator.java:138)
	at org.springframework.security.web.authentication.AnonymousAuthenticationFilter.doFilter(AnonymousAuthenticationFilter.java:100)
	at org.springframework.security.web.ObservationFilterChainDecorator$ObservationFilter.wrapFilter(ObservationFilterChainDecorator.java:241)
	at org.springframework.security.web.ObservationFilterChainDecorator$ObservationFilter.doFilter(ObservationFilterChainDecorator.java:228)
	at org.springframework.security.web.ObservationFilterChainDecorator$VirtualFilterChain.doFilter(ObservationFilterChainDecorator.java:138)
	at org.springframework.security.web.servletapi.SecurityContextHolderAwareRequestFilter.doFilter(SecurityContextHolderAwareRequestFilter.java:179)
	at org.springframework.security.web.ObservationFilterChainDecorator$ObservationFilter.wrapFilter(ObservationFilterChainDecorator.java:241)
	at org.springframework.security.web.ObservationFilterChainDecorator$ObservationFilter.doFilter(ObservationFilterChainDecorator.java:228)
	at org.springframework.security.web.ObservationFilterChainDecorator$VirtualFilterChain.doFilter(ObservationFilterChainDecorator.java:138)
	at org.springframework.security.web.savedrequest.RequestCacheAwareFilter.doFilter(RequestCacheAwareFilter.java:63)
	at org.springframework.security.web.ObservationFilterChainDecorator$ObservationFilter.wrapFilter(ObservationFilterChainDecorator.java:241)
	at org.springframework.security.web.ObservationFilterChainDecorator$ObservationFilter.doFilter(ObservationFilterChainDecorator.java:228)
	at org.springframework.security.web.ObservationFilterChainDecorator$VirtualFilterChain.doFilter(ObservationFilterChainDecorator.java:138)
	at com.aetheris.rag.config.SecurityConfig$JwtAuthenticationFilter.doFilterInternal(SecurityConfig.java:141)
	at org.springframework.web.filter.OncePerRequestFilter.doFilter(OncePerRequestFilter.java:116)
	at org.springframework.security.web.ObservationFilterChainDecorator$ObservationFilter.wrapFilter(ObservationFilterChainDecorator.java:241)
	at org.springframework.security.web.ObservationFilterChainDecorator$ObservationFilter.doFilter(ObservationFilterChainDecorator.java:228)
	at org.springframework.security.web.ObservationFilterChainDecorator$VirtualFilterChain.doFilter(ObservationFilterChainDecorator.java:138)
	at org.springframework.security.web.authentication.logout.LogoutFilter.doFilter(LogoutFilter.java:107)
	at org.springframework.security.web.authentication.logout.LogoutFilter.doFilter(LogoutFilter.java:93)
	at org.springframework.security.web.ObservationFilterChainDecorator$ObservationFilter.wrapFilter(ObservationFilterChainDecorator.java:241)
	at org.springframework.security.web.ObservationFilterChainDecorator$ObservationFilter.doFilter(ObservationFilterChainDecorator.java:228)
	at org.springframework.security.web.ObservationFilterChainDecorator$VirtualFilterChain.doFilter(ObservationFilterChainDecorator.java:138)
	at org.springframework.web.filter.CorsFilter.doFilterInternal(CorsFilter.java:91)
	at org.springframework.web.filter.OncePerRequestFilter.doFilter(OncePerRequestFilter.java:116)
	at org.springframework.security.web.ObservationFilterChainDecorator$ObservationFilter.wrapFilter(ObservationFilterChainDecorator.java:241)
	at org.springframework.security.web.ObservationFilterChainDecorator$ObservationFilter.doFilter(ObservationFilterChainDecorator.java:228)
	at org.springframework.security.web.ObservationFilterChainDecorator$VirtualFilterChain.doFilter(ObservationFilterChainDecorator.java:138)
	at org.springframework.security.web.header.HeaderWriterFilter.doHeadersAfter(HeaderWriterFilter.java:90)
	at org.springframework.security.web.header.HeaderWriterFilter.doFilterInternal(HeaderWriterFilter.java:75)
	at org.springframework.web.filter.OncePerRequestFilter.doFilter(OncePerRequestFilter.java:116)
	at org.springframework.security.web.ObservationFilterChainDecorator$ObservationFilter.wrapFilter(ObservationFilterChainDecorator.java:241)
	at org.springframework.security.web.ObservationFilterChainDecorator$ObservationFilter.doFilter(ObservationFilterChainDecorator.java:228)
	at org.springframework.security.web.ObservationFilterChainDecorator$VirtualFilterChain.doFilter(ObservationFilterChainDecorator.java:138)
	at org.springframework.security.web.context.SecurityContextHolderFilter.doFilter(SecurityContextHolderFilter.java:82)
	at org.springframework.security.web.context.SecurityContextHolderFilter.doFilter(SecurityContextHolderFilter.java:69)
	at org.springframework.security.web.ObservationFilterChainDecorator$ObservationFilter.wrapFilter(ObservationFilterChainDecorator.java:241)
	at org.springframework.security.web.ObservationFilterChainDecorator$ObservationFilter.doFilter(ObservationFilterChainDecorator.java:228)
	at org.springframework.security.web.ObservationFilterChainDecorator$VirtualFilterChain.doFilter(ObservationFilterChainDecorator.java:138)
	at org.springframework.security.web.context.request.async.WebAsyncManagerIntegrationFilter.doFilterInternal(WebAsyncManagerIntegrationFilter.java:62)
	at org.springframework.web.filter.OncePerRequestFilter.doFilter(OncePerRequestFilter.java:116)
	at org.springframework.security.web.ObservationFilterChainDecorator$ObservationFilter.wrapFilter(ObservationFilterChainDecorator.java:241)
	at org.springframework.security.web.ObservationFilterChainDecorator$ObservationFilter.doFilter(ObservationFilterChainDecorator.java:228)
	at org.springframework.security.web.ObservationFilterChainDecorator$VirtualFilterChain.doFilter(ObservationFilterChainDecorator.java:138)
	at org.springframework.security.web.session.DisableEncodeUrlFilter.doFilterInternal(DisableEncodeUrlFilter.java:42)
	at org.springframework.web.filter.OncePerRequestFilter.doFilter(OncePerRequestFilter.java:116)
	at org.springframework.security.web.ObservationFilterChainDecorator$ObservationFilter.wrapFilter(ObservationFilterChainDecorator.java:241)
	at org.springframework.security.web.ObservationFilterChainDecorator$AroundFilterObservation$SimpleAroundFilterObservation.lambda$wrap$0(ObservationFilterChainDecorator.java:334)
	at org.springframework.security.web.ObservationFilterChainDecorator$ObservationFilter.doFilter(ObservationFilterChainDecorator.java:225)
	at org.springframework.security.web.ObservationFilterChainDecorator$VirtualFilterChain.doFilter(ObservationFilterChainDecorator.java:138)
	at org.springframework.security.web.FilterChainProxy.doFilterInternal(FilterChainProxy.java:233)
	at org.springframework.security.web.FilterChainProxy.doFilter(FilterChainProxy.java:191)
	at org.springframework.web.filter.CompositeFilter$VirtualFilterChain.doFilter(CompositeFilter.java:113)
	at org.springframework.web.filter.ServletRequestPathFilter.doFilter(ServletRequestPathFilter.java:52)
	at org.springframework.web.filter.CompositeFilter$VirtualFilterChain.doFilter(CompositeFilter.java:113)
	at org.springframework.web.filter.CompositeFilter.doFilter(CompositeFilter.java:74)
	at org.springframework.security.config.annotation.web.configuration.WebSecurityConfiguration$CompositeFilterChainProxy.doFilter(WebSecurityConfiguration.java:319)
	at org.springframework.web.filter.CompositeFilter$VirtualFilterChain.doFilter(CompositeFilter.java:113)
	at org.springframework.web.servlet.handler.HandlerMappingIntrospector.lambda$createCacheFilter$4(HandlerMappingIntrospector.java:267)
	at org.springframework.web.filter.CompositeFilter$VirtualFilterChain.doFilter(CompositeFilter.java:113)
	at org.springframework.web.filter.CompositeFilter.doFilter(CompositeFilter.java:74)
	at org.springframework.security.config.annotation.web.configuration.WebMvcSecurityConfiguration$CompositeFilterChainProxy.doFilter(WebMvcSecurityConfiguration.java:240)
	at org.springframework.web.filter.DelegatingFilterProxy.invokeDelegate(DelegatingFilterProxy.java:362)
	at org.springframework.web.filter.DelegatingFilterProxy.doFilter(DelegatingFilterProxy.java:278)
	at org.apache.catalina.core.ApplicationFilterChain.internalDoFilter(ApplicationFilterChain.java:162)
	at org.apache.catalina.core.ApplicationFilterChain.doFilter(ApplicationFilterChain.java:138)
	at org.springframework.web.filter.RequestContextFilter.doFilterInternal(RequestContextFilter.java:100)
	at org.springframework.web.filter.OncePerRequestFilter.doFilter(OncePerRequestFilter.java:116)
	at org.apache.catalina.core.ApplicationFilterChain.internalDoFilter(ApplicationFilterChain.java:162)
	at org.apache.catalina.core.ApplicationFilterChain.doFilter(ApplicationFilterChain.java:138)
	at org.springframework.web.filter.FormContentFilter.doFilterInternal(FormContentFilter.java:93)
	at org.springframework.web.filter.OncePerRequestFilter.doFilter(OncePerRequestFilter.java:116)
	at org.apache.catalina.core.ApplicationFilterChain.internalDoFilter(ApplicationFilterChain.java:162)
	at org.apache.catalina.core.ApplicationFilterChain.doFilter(ApplicationFilterChain.java:138)
	at org.springframework.web.filter.ServerHttpObservationFilter.doFilterInternal(ServerHttpObservationFilter.java:110)
	at org.springframework.web.filter.OncePerRequestFilter.doFilter(OncePerRequestFilter.java:116)
	at org.apache.catalina.core.ApplicationFilterChain.internalDoFilter(ApplicationFilterChain.java:162)
	at org.apache.catalina.core.ApplicationFilterChain.doFilter(ApplicationFilterChain.java:138)
	at org.springframework.web.filter.CharacterEncodingFilter.doFilterInternal(CharacterEncodingFilter.java:201)
	at org.springframework.web.filter.OncePerRequestFilter.doFilter(OncePerRequestFilter.java:116)
	at org.apache.catalina.core.ApplicationFilterChain.internalDoFilter(ApplicationFilterChain.java:162)
	at org.apache.catalina.core.ApplicationFilterChain.doFilter(ApplicationFilterChain.java:138)
	at org.apache.catalina.core.StandardWrapperValve.invoke(StandardWrapperValve.java:165)
	at org.apache.catalina.core.StandardContextValve.invoke(StandardContextValve.java:88)
	at org.apache.catalina.authenticator.AuthenticatorBase.invoke(AuthenticatorBase.java:482)
	at org.apache.catalina.core.StandardHostValve.invoke(StandardHostValve.java:113)
	at org.apache.catalina.valves.ErrorReportValve.invoke(ErrorReportValve.java:83)
	at org.apache.catalina.core.StandardEngineValve.invoke(StandardEngineValve.java:72)
	at org.apache.catalina.connector.CoyoteAdapter.service(CoyoteAdapter.java:342)
	at org.apache.coyote.http11.Http11Processor.service(Http11Processor.java:399)
	at org.apache.coyote.AbstractProcessorLight.process(AbstractProcessorLight.java:63)
	at org.apache.coyote.AbstractProtocol$ConnectionHandler.process(AbstractProtocol.java:903)
	at org.apache.tomcat.util.net.NioEndpoint$SocketProcessor.doRun(NioEndpoint.java:1774)
	at org.apache.tomcat.util.net.SocketProcessorBase.run(SocketProcessorBase.java:52)
	at java.base/java.lang.VirtualThread.run(VirtualThread.java:329)
Caused by: dev.langchain4j.exception.HttpException: {"error":{"code":"1113","message":"余额不足或无可用资源包,请充值。"}}
	at dev.langchain4j.http.client.jdk.JdkHttpClient.execute(JdkHttpClient.java:53)
	at dev.langchain4j.http.client.log.LoggingHttpClient.execute(LoggingHttpClient.java:49)
	at dev.langchain4j.community.model.zhipu.ZhipuAiClient.embedAll(ZhipuAiClient.java:102)
	... 160 common frames omitted
2026-03-27 21:20:14.292 [tomcat-handler-54] INFO  d.l.h.client.log.LoggingHttpClient - HTTP request:
- method: POST
- url: https://open.bigmodel.cn/api/paas/v4/embeddings
- headers: [Authorization: Beare...CM], [Content-Type: application/json]
- body: {
  "input" : "什么是机器学习",
  "model" : "embedding-3"
}

2026-03-27 21:20:14.468 [tomcat-handler-54] ERROR d.l.c.model.zhipu.ZhipuAiClient - Error response: status code: 429; body: {"error":{"code":"1113","message":"余额不足或无可用资源包,请充值。"}}
2026-03-27 21:20:14.468 [tomcat-handler-54] WARN  dev.langchain4j.internal.RetryUtils - A retriable exception occurred. Remaining retries: 2 of 3
java.lang.RuntimeException: dev.langchain4j.exception.HttpException: {"error":{"code":"1113","message":"余额不足或无可用资源包,请充值。"}}
	at dev.langchain4j.community.model.zhipu.ZhipuAiClient.embedAll(ZhipuAiClient.java:106)
	at dev.langchain4j.community.model.zhipu.ZhipuAiEmbeddingModel.lambda$embedAll$1(ZhipuAiEmbeddingModel.java:70)
	at dev.langchain4j.internal.RetryUtils$RetryPolicy.withRetry(RetryUtils.java:204)
	at dev.langchain4j.internal.RetryUtils.withRetry(RetryUtils.java:259)
	at dev.langchain4j.community.model.zhipu.ZhipuAiEmbeddingModel.lambda$embedAll$2(ZhipuAiEmbeddingModel.java:70)
	at java.base/java.util.stream.ReferencePipeline$3$1.accept(ReferencePipeline.java:197)
	at java.base/java.util.stream.ReferencePipeline$3$1.accept(ReferencePipeline.java:197)
	at java.base/java.util.AbstractList$RandomAccessSpliterator.forEachRemaining(AbstractList.java:722)
	at java.base/java.util.stream.AbstractPipeline.copyInto(AbstractPipeline.java:509)
	at java.base/java.util.stream.AbstractPipeline.wrapAndCopyInto(AbstractPipeline.java:499)
	at java.base/java.util.stream.ReduceOps$ReduceOp.evaluateSequential(ReduceOps.java:921)
	at java.base/java.util.stream.AbstractPipeline.evaluate(AbstractPipeline.java:234)
	at java.base/java.util.stream.ReferencePipeline.collect(ReferencePipeline.java:682)
	at dev.langchain4j.community.model.zhipu.ZhipuAiEmbeddingModel.embedAll(ZhipuAiEmbeddingModel.java:71)
	at com.aetheris.rag.gateway.EmbeddingGateway.lambda$embed$0(EmbeddingGateway.java:123)
	at com.aetheris.rag.gateway.retry.ModelRetryStrategy.executeWithRetry(ModelRetryStrategy.java:106)
	at com.aetheris.rag.gateway.EmbeddingGateway.embed(EmbeddingGateway.java:119)
	at com.aetheris.rag.service.impl.SearchServiceImpl.search(SearchServiceImpl.java:101)
	at com.aetheris.rag.service.impl.SearchServiceImpl.searchAggregated(SearchServiceImpl.java:492)
	at com.aetheris.rag.service.impl.RagServiceImpl.ask(RagServiceImpl.java:76)
	at java.base/jdk.internal.reflect.DirectMethodHandleAccessor.invoke(DirectMethodHandleAccessor.java:103)
	at java.base/java.lang.reflect.Method.invoke(Method.java:580)
	at org.springframework.aop.support.AopUtils.invokeJoinpointUsingReflection(AopUtils.java:360)
	at org.springframework.aop.framework.JdkDynamicAopProxy.invoke(JdkDynamicAopProxy.java:216)
	at jdk.proxy2/jdk.proxy2.$Proxy135.ask(Unknown Source)
	at com.aetheris.rag.controller.ChatController.ask(ChatController.java:76)
	at java.base/jdk.internal.reflect.DirectMethodHandleAccessor.invoke(DirectMethodHandleAccessor.java:103)
	at java.base/java.lang.reflect.Method.invoke(Method.java:580)
	at org.springframework.web.method.support.InvocableHandlerMethod.doInvoke(InvocableHandlerMethod.java:258)
	at org.springframework.web.method.support.InvocableHandlerMethod.invokeForRequest(InvocableHandlerMethod.java:191)
	at org.springframework.web.servlet.mvc.method.annotation.ServletInvocableHandlerMethod.invokeAndHandle(ServletInvocableHandlerMethod.java:118)
	at org.springframework.web.servlet.mvc.method.annotation.RequestMappingHandlerAdapter.invokeHandlerMethod(RequestMappingHandlerAdapter.java:991)
	at org.springframework.web.servlet.mvc.method.annotation.RequestMappingHandlerAdapter.handleInternal(RequestMappingHandlerAdapter.java:896)
	at org.springframework.web.servlet.mvc.method.AbstractHandlerMethodAdapter.handle(AbstractHandlerMethodAdapter.java:87)
	at org.springframework.web.servlet.DispatcherServlet.doDispatch(DispatcherServlet.java:1089)
	at org.springframework.web.servlet.DispatcherServlet.doService(DispatcherServlet.java:979)
	at org.springframework.web.servlet.FrameworkServlet.processRequest(FrameworkServlet.java:1014)
	at org.springframework.web.servlet.FrameworkServlet.doPost(FrameworkServlet.java:914)
	at jakarta.servlet.http.HttpServlet.service(HttpServlet.java:590)
	at org.springframework.web.servlet.FrameworkServlet.service(FrameworkServlet.java:885)
	at jakarta.servlet.http.HttpServlet.service(HttpServlet.java:658)
	at org.apache.catalina.core.ApplicationFilterChain.internalDoFilter(ApplicationFilterChain.java:193)
	at org.apache.catalina.core.ApplicationFilterChain.doFilter(ApplicationFilterChain.java:138)
	at org.apache.tomcat.websocket.server.WsFilter.doFilter(WsFilter.java:51)
	at org.apache.catalina.core.ApplicationFilterChain.internalDoFilter(ApplicationFilterChain.java:162)
	at org.apache.catalina.core.ApplicationFilterChain.doFilter(ApplicationFilterChain.java:138)
	at org.springframework.web.filter.CompositeFilter$VirtualFilterChain.doFilter(CompositeFilter.java:108)
	at org.springframework.web.filter.CompositeFilter$VirtualFilterChain.doFilter(CompositeFilter.java:108)
	at org.springframework.security.web.FilterChainProxy.lambda$doFilterInternal$3(FilterChainProxy.java:231)
	at org.springframework.security.web.ObservationFilterChainDecorator$FilterObservation$SimpleFilterObservation.lambda$wrap$1(ObservationFilterChainDecorator.java:490)
	at org.springframework.security.web.ObservationFilterChainDecorator$AroundFilterObservation$SimpleAroundFilterObservation.lambda$wrap$1(ObservationFilterChainDecorator.java:351)
	at org.springframework.security.web.ObservationFilterChainDecorator.lambda$wrapSecured$0(ObservationFilterChainDecorator.java:83)
	at org.springframework.security.web.ObservationFilterChainDecorator$VirtualFilterChain.doFilter(ObservationFilterChainDecorator.java:129)
	at org.springframework.security.web.access.intercept.AuthorizationFilter.doFilter(AuthorizationFilter.java:101)
	at org.springframework.security.web.ObservationFilterChainDecorator$ObservationFilter.wrapFilter(ObservationFilterChainDecorator.java:241)
	at org.springframework.security.web.ObservationFilterChainDecorator$ObservationFilter.doFilter(ObservationFilterChainDecorator.java:228)
	at org.springframework.security.web.ObservationFilterChainDecorator$VirtualFilterChain.doFilter(ObservationFilterChainDecorator.java:138)
	at org.springframework.security.web.access.ExceptionTranslationFilter.doFilter(ExceptionTranslationFilter.java:125)
	at org.springframework.security.web.access.ExceptionTranslationFilter.doFilter(ExceptionTranslationFilter.java:119)
	at org.springframework.security.web.ObservationFilterChainDecorator$ObservationFilter.wrapFilter(ObservationFilterChainDecorator.java:241)
	at org.springframework.security.web.ObservationFilterChainDecorator$ObservationFilter.doFilter(ObservationFilterChainDecorator.java:228)
	at org.springframework.security.web.ObservationFilterChainDecorator$VirtualFilterChain.doFilter(ObservationFilterChainDecorator.java:138)
	at org.springframework.security.web.session.SessionManagementFilter.doFilter(SessionManagementFilter.java:131)
	at org.springframework.security.web.session.SessionManagementFilter.doFilter(SessionManagementFilter.java:85)
	at org.springframework.security.web.ObservationFilterChainDecorator$ObservationFilter.wrapFilter(ObservationFilterChainDecorator.java:241)
	at org.springframework.security.web.ObservationFilterChainDecorator$ObservationFilter.doFilter(ObservationFilterChainDecorator.java:228)
	at org.springframework.security.web.ObservationFilterChainDecorator$VirtualFilterChain.doFilter(ObservationFilterChainDecorator.java:138)
	at org.springframework.security.web.authentication.AnonymousAuthenticationFilter.doFilter(AnonymousAuthenticationFilter.java:100)
	at org.springframework.security.web.ObservationFilterChainDecorator$ObservationFilter.wrapFilter(ObservationFilterChainDecorator.java:241)
	at org.springframework.security.web.ObservationFilterChainDecorator$ObservationFilter.doFilter(ObservationFilterChainDecorator.java:228)
	at org.springframework.security.web.ObservationFilterChainDecorator$VirtualFilterChain.doFilter(ObservationFilterChainDecorator.java:138)
	at org.springframework.security.web.servletapi.SecurityContextHolderAwareRequestFilter.doFilter(SecurityContextHolderAwareRequestFilter.java:179)
	at org.springframework.security.web.ObservationFilterChainDecorator$ObservationFilter.wrapFilter(ObservationFilterChainDecorator.java:241)
	at org.springframework.security.web.ObservationFilterChainDecorator$ObservationFilter.doFilter(ObservationFilterChainDecorator.java:228)
	at org.springframework.security.web.ObservationFilterChainDecorator$VirtualFilterChain.doFilter(ObservationFilterChainDecorator.java:138)
	at org.springframework.security.web.savedrequest.RequestCacheAwareFilter.doFilter(RequestCacheAwareFilter.java:63)
	at org.springframework.security.web.ObservationFilterChainDecorator$ObservationFilter.wrapFilter(ObservationFilterChainDecorator.java:241)
	at org.springframework.security.web.ObservationFilterChainDecorator$ObservationFilter.doFilter(ObservationFilterChainDecorator.java:228)
	at org.springframework.security.web.ObservationFilterChainDecorator$VirtualFilterChain.doFilter(ObservationFilterChainDecorator.java:138)
	at com.aetheris.rag.config.SecurityConfig$JwtAuthenticationFilter.doFilterInternal(SecurityConfig.java:141)
	at org.springframework.web.filter.OncePerRequestFilter.doFilter(OncePerRequestFilter.java:116)
	at org.springframework.security.web.ObservationFilterChainDecorator$ObservationFilter.wrapFilter(ObservationFilterChainDecorator.java:241)
	at org.springframework.security.web.ObservationFilterChainDecorator$ObservationFilter.doFilter(ObservationFilterChainDecorator.java:228)
	at org.springframework.security.web.ObservationFilterChainDecorator$VirtualFilterChain.doFilter(ObservationFilterChainDecorator.java:138)
	at org.springframework.security.web.authentication.logout.LogoutFilter.doFilter(LogoutFilter.java:107)
	at org.springframework.security.web.authentication.logout.LogoutFilter.doFilter(LogoutFilter.java:93)
	at org.springframework.security.web.ObservationFilterChainDecorator$ObservationFilter.wrapFilter(ObservationFilterChainDecorator.java:241)
	at org.springframework.security.web.ObservationFilterChainDecorator$ObservationFilter.doFilter(ObservationFilterChainDecorator.java:228)
	at org.springframework.security.web.ObservationFilterChainDecorator$VirtualFilterChain.doFilter(ObservationFilterChainDecorator.java:138)
	at org.springframework.web.filter.CorsFilter.doFilterInternal(CorsFilter.java:91)
	at org.springframework.web.filter.OncePerRequestFilter.doFilter(OncePerRequestFilter.java:116)
	at org.springframework.security.web.ObservationFilterChainDecorator$ObservationFilter.wrapFilter(ObservationFilterChainDecorator.java:241)
	at org.springframework.security.web.ObservationFilterChainDecorator$ObservationFilter.doFilter(ObservationFilterChainDecorator.java:228)
	at org.springframework.security.web.ObservationFilterChainDecorator$VirtualFilterChain.doFilter(ObservationFilterChainDecorator.java:138)
	at org.springframework.security.web.header.HeaderWriterFilter.doHeadersAfter(HeaderWriterFilter.java:90)
	at org.springframework.security.web.header.HeaderWriterFilter.doFilterInternal(HeaderWriterFilter.java:75)
	at org.springframework.web.filter.OncePerRequestFilter.doFilter(OncePerRequestFilter.java:116)
	at org.springframework.security.web.ObservationFilterChainDecorator$ObservationFilter.wrapFilter(ObservationFilterChainDecorator.java:241)
	at org.springframework.security.web.ObservationFilterChainDecorator$ObservationFilter.doFilter(ObservationFilterChainDecorator.java:228)
	at org.springframework.security.web.ObservationFilterChainDecorator$VirtualFilterChain.doFilter(ObservationFilterChainDecorator.java:138)
	at org.springframework.security.web.context.SecurityContextHolderFilter.doFilter(SecurityContextHolderFilter.java:82)
	at org.springframework.security.web.context.SecurityContextHolderFilter.doFilter(SecurityContextHolderFilter.java:69)
	at org.springframework.security.web.ObservationFilterChainDecorator$ObservationFilter.wrapFilter(ObservationFilterChainDecorator.java:241)
	at org.springframework.security.web.ObservationFilterChainDecorator$ObservationFilter.doFilter(ObservationFilterChainDecorator.java:228)
	at org.springframework.security.web.ObservationFilterChainDecorator$VirtualFilterChain.doFilter(ObservationFilterChainDecorator.java:138)
	at org.springframework.security.web.context.request.async.WebAsyncManagerIntegrationFilter.doFilterInternal(WebAsyncManagerIntegrationFilter.java:62)
	at org.springframework.web.filter.OncePerRequestFilter.doFilter(OncePerRequestFilter.java:116)
	at org.springframework.security.web.ObservationFilterChainDecorator$ObservationFilter.wrapFilter(ObservationFilterChainDecorator.java:241)
	at org.springframework.security.web.ObservationFilterChainDecorator$ObservationFilter.doFilter(ObservationFilterChainDecorator.java:228)
	at org.springframework.security.web.ObservationFilterChainDecorator$VirtualFilterChain.doFilter(ObservationFilterChainDecorator.java:138)
	at org.springframework.security.web.session.DisableEncodeUrlFilter.doFilterInternal(DisableEncodeUrlFilter.java:42)
	at org.springframework.web.filter.OncePerRequestFilter.doFilter(OncePerRequestFilter.java:116)
	at org.springframework.security.web.ObservationFilterChainDecorator$ObservationFilter.wrapFilter(ObservationFilterChainDecorator.java:241)
	at org.springframework.security.web.ObservationFilterChainDecorator$AroundFilterObservation$SimpleAroundFilterObservation.lambda$wrap$0(ObservationFilterChainDecorator.java:334)
	at org.springframework.security.web.ObservationFilterChainDecorator$ObservationFilter.doFilter(ObservationFilterChainDecorator.java:225)
	at org.springframework.security.web.ObservationFilterChainDecorator$VirtualFilterChain.doFilter(ObservationFilterChainDecorator.java:138)
	at org.springframework.security.web.FilterChainProxy.doFilterInternal(FilterChainProxy.java:233)
	at org.springframework.security.web.FilterChainProxy.doFilter(FilterChainProxy.java:191)
	at org.springframework.web.filter.CompositeFilter$VirtualFilterChain.doFilter(CompositeFilter.java:113)
	at org.springframework.web.filter.ServletRequestPathFilter.doFilter(ServletRequestPathFilter.java:52)
	at org.springframework.web.filter.CompositeFilter$VirtualFilterChain.doFilter(CompositeFilter.java:113)
	at org.springframework.web.filter.CompositeFilter.doFilter(CompositeFilter.java:74)
	at org.springframework.security.config.annotation.web.configuration.WebSecurityConfiguration$CompositeFilterChainProxy.doFilter(WebSecurityConfiguration.java:319)
	at org.springframework.web.filter.CompositeFilter$VirtualFilterChain.doFilter(CompositeFilter.java:113)
	at org.springframework.web.servlet.handler.HandlerMappingIntrospector.lambda$createCacheFilter$4(HandlerMappingIntrospector.java:267)
	at org.springframework.web.filter.CompositeFilter$VirtualFilterChain.doFilter(CompositeFilter.java:113)
	at org.springframework.web.filter.CompositeFilter.doFilter(CompositeFilter.java:74)
	at org.springframework.security.config.annotation.web.configuration.WebMvcSecurityConfiguration$CompositeFilterChainProxy.doFilter(WebMvcSecurityConfiguration.java:240)
	at org.springframework.web.filter.DelegatingFilterProxy.invokeDelegate(DelegatingFilterProxy.java:362)
	at org.springframework.web.filter.DelegatingFilterProxy.doFilter(DelegatingFilterProxy.java:278)
	at org.apache.catalina.core.ApplicationFilterChain.internalDoFilter(ApplicationFilterChain.java:162)
	at org.apache.catalina.core.ApplicationFilterChain.doFilter(ApplicationFilterChain.java:138)
	at org.springframework.web.filter.RequestContextFilter.doFilterInternal(RequestContextFilter.java:100)
	at org.springframework.web.filter.OncePerRequestFilter.doFilter(OncePerRequestFilter.java:116)
	at org.apache.catalina.core.ApplicationFilterChain.internalDoFilter(ApplicationFilterChain.java:162)
	at org.apache.catalina.core.ApplicationFilterChain.doFilter(ApplicationFilterChain.java:138)
	at org.springframework.web.filter.FormContentFilter.doFilterInternal(FormContentFilter.java:93)
	at org.springframework.web.filter.OncePerRequestFilter.doFilter(OncePerRequestFilter.java:116)
	at org.apache.catalina.core.ApplicationFilterChain.internalDoFilter(ApplicationFilterChain.java:162)
	at org.apache.catalina.core.ApplicationFilterChain.doFilter(ApplicationFilterChain.java:138)
	at org.springframework.web.filter.ServerHttpObservationFilter.doFilterInternal(ServerHttpObservationFilter.java:110)
	at org.springframework.web.filter.OncePerRequestFilter.doFilter(OncePerRequestFilter.java:116)
	at org.apache.catalina.core.ApplicationFilterChain.internalDoFilter(ApplicationFilterChain.java:162)
	at org.apache.catalina.core.ApplicationFilterChain.doFilter(ApplicationFilterChain.java:138)
	at org.springframework.web.filter.CharacterEncodingFilter.doFilterInternal(CharacterEncodingFilter.java:201)
	at org.springframework.web.filter.OncePerRequestFilter.doFilter(OncePerRequestFilter.java:116)
	at org.apache.catalina.core.ApplicationFilterChain.internalDoFilter(ApplicationFilterChain.java:162)
	at org.apache.catalina.core.ApplicationFilterChain.doFilter(ApplicationFilterChain.java:138)
	at org.apache.catalina.core.StandardWrapperValve.invoke(StandardWrapperValve.java:165)
	at org.apache.catalina.core.StandardContextValve.invoke(StandardContextValve.java:88)
	at org.apache.catalina.authenticator.AuthenticatorBase.invoke(AuthenticatorBase.java:482)
	at org.apache.catalina.core.StandardHostValve.invoke(StandardHostValve.java:113)
	at org.apache.catalina.valves.ErrorReportValve.invoke(ErrorReportValve.java:83)
	at org.apache.catalina.core.StandardEngineValve.invoke(StandardEngineValve.java:72)
	at org.apache.catalina.connector.CoyoteAdapter.service(CoyoteAdapter.java:342)
	at org.apache.coyote.http11.Http11Processor.service(Http11Processor.java:399)
	at org.apache.coyote.AbstractProcessorLight.process(AbstractProcessorLight.java:63)
	at org.apache.coyote.AbstractProtocol$ConnectionHandler.process(AbstractProtocol.java:903)
	at org.apache.tomcat.util.net.NioEndpoint$SocketProcessor.doRun(NioEndpoint.java:1774)
	at org.apache.tomcat.util.net.SocketProcessorBase.run(SocketProcessorBase.java:52)
	at java.base/java.lang.VirtualThread.run(VirtualThread.java:329)
Caused by: dev.langchain4j.exception.HttpException: {"error":{"code":"1113","message":"余额不足或无可用资源包,请充值。"}}
	at dev.langchain4j.http.client.jdk.JdkHttpClient.execute(JdkHttpClient.java:53)
	at dev.langchain4j.http.client.log.LoggingHttpClient.execute(LoggingHttpClient.java:49)
	at dev.langchain4j.community.model.zhipu.ZhipuAiClient.embedAll(ZhipuAiClient.java:102)
	... 160 common frames omitted
2026-03-27 21:20:15.287 [tomcat-handler-54] INFO  d.l.h.client.log.LoggingHttpClient - HTTP request:
- method: POST
- url: https://open.bigmodel.cn/api/paas/v4/embeddings
- headers: [Authorization: Beare...50], [Content-Type: application/json]
- body: {
  "input" : "什么是机器学习",
  "model" : "embedding-3"
}

2026-03-27 21:20:15.362 [tomcat-handler-54] ERROR d.l.c.model.zhipu.ZhipuAiClient - Error response: status code: 429; body: {"error":{"code":"1113","message":"余额不足或无可用资源包,请充值。"}}
2026-03-27 21:20:15.362 [tomcat-handler-54] WARN  dev.langchain4j.internal.RetryUtils - A retriable exception occurred. Remaining retries: 1 of 3
java.lang.RuntimeException: dev.langchain4j.exception.HttpException: {"error":{"code":"1113","message":"余额不足或无可用资源包,请充值。"}}
	at dev.langchain4j.community.model.zhipu.ZhipuAiClient.embedAll(ZhipuAiClient.java:106)
	at dev.langchain4j.community.model.zhipu.ZhipuAiEmbeddingModel.lambda$embedAll$1(ZhipuAiEmbeddingModel.java:70)
	at dev.langchain4j.internal.RetryUtils$RetryPolicy.withRetry(RetryUtils.java:204)
	at dev.langchain4j.internal.RetryUtils.withRetry(RetryUtils.java:259)
	at dev.langchain4j.community.model.zhipu.ZhipuAiEmbeddingModel.lambda$embedAll$2(ZhipuAiEmbeddingModel.java:70)
	at java.base/java.util.stream.ReferencePipeline$3$1.accept(ReferencePipeline.java:197)
	at java.base/java.util.stream.ReferencePipeline$3$1.accept(ReferencePipeline.java:197)
	at java.base/java.util.AbstractList$RandomAccessSpliterator.forEachRemaining(AbstractList.java:722)
	at java.base/java.util.stream.AbstractPipeline.copyInto(AbstractPipeline.java:509)
	at java.base/java.util.stream.AbstractPipeline.wrapAndCopyInto(AbstractPipeline.java:499)
	at java.base/java.util.stream.ReduceOps$ReduceOp.evaluateSequential(ReduceOps.java:921)
	at java.base/java.util.stream.AbstractPipeline.evaluate(AbstractPipeline.java:234)
	at java.base/java.util.stream.ReferencePipeline.collect(ReferencePipeline.java:682)
	at dev.langchain4j.community.model.zhipu.ZhipuAiEmbeddingModel.embedAll(ZhipuAiEmbeddingModel.java:71)
	at com.aetheris.rag.gateway.EmbeddingGateway.lambda$embed$0(EmbeddingGateway.java:123)
	at com.aetheris.rag.gateway.retry.ModelRetryStrategy.executeWithRetry(ModelRetryStrategy.java:106)
	at com.aetheris.rag.gateway.EmbeddingGateway.embed(EmbeddingGateway.java:119)
	at com.aetheris.rag.service.impl.SearchServiceImpl.search(SearchServiceImpl.java:101)
	at com.aetheris.rag.service.impl.SearchServiceImpl.searchAggregated(SearchServiceImpl.java:492)
	at com.aetheris.rag.service.impl.RagServiceImpl.ask(RagServiceImpl.java:76)
	at java.base/jdk.internal.reflect.DirectMethodHandleAccessor.invoke(DirectMethodHandleAccessor.java:103)
	at java.base/java.lang.reflect.Method.invoke(Method.java:580)
	at org.springframework.aop.support.AopUtils.invokeJoinpointUsingReflection(AopUtils.java:360)
	at org.springframework.aop.framework.JdkDynamicAopProxy.invoke(JdkDynamicAopProxy.java:216)
	at jdk.proxy2/jdk.proxy2.$Proxy135.ask(Unknown Source)
	at com.aetheris.rag.controller.ChatController.ask(ChatController.java:76)
	at java.base/jdk.internal.reflect.DirectMethodHandleAccessor.invoke(DirectMethodHandleAccessor.java:103)
	at java.base/java.lang.reflect.Method.invoke(Method.java:580)
	at org.springframework.web.method.support.InvocableHandlerMethod.doInvoke(InvocableHandlerMethod.java:258)
	at org.springframework.web.method.support.InvocableHandlerMethod.invokeForRequest(InvocableHandlerMethod.java:191)
	at org.springframework.web.servlet.mvc.method.annotation.ServletInvocableHandlerMethod.invokeAndHandle(ServletInvocableHandlerMethod.java:118)
	at org.springframework.web.servlet.mvc.method.annotation.RequestMappingHandlerAdapter.invokeHandlerMethod(RequestMappingHandlerAdapter.java:991)
	at org.springframework.web.servlet.mvc.method.annotation.RequestMappingHandlerAdapter.handleInternal(RequestMappingHandlerAdapter.java:896)
	at org.springframework.web.servlet.mvc.method.AbstractHandlerMethodAdapter.handle(AbstractHandlerMethodAdapter.java:87)
	at org.springframework.web.servlet.DispatcherServlet.doDispatch(DispatcherServlet.java:1089)
	at org.springframework.web.servlet.DispatcherServlet.doService(DispatcherServlet.java:979)
	at org.springframework.web.servlet.FrameworkServlet.processRequest(FrameworkServlet.java:1014)
	at org.springframework.web.servlet.FrameworkServlet.doPost(FrameworkServlet.java:914)
	at jakarta.servlet.http.HttpServlet.service(HttpServlet.java:590)
	at org.springframework.web.servlet.FrameworkServlet.service(FrameworkServlet.java:885)
	at jakarta.servlet.http.HttpServlet.service(HttpServlet.java:658)
	at org.apache.catalina.core.ApplicationFilterChain.internalDoFilter(ApplicationFilterChain.java:193)
	at org.apache.catalina.core.ApplicationFilterChain.doFilter(ApplicationFilterChain.java:138)
	at org.apache.tomcat.websocket.server.WsFilter.doFilter(WsFilter.java:51)
	at org.apache.catalina.core.ApplicationFilterChain.internalDoFilter(ApplicationFilterChain.java:162)
	at org.apache.catalina.core.ApplicationFilterChain.doFilter(ApplicationFilterChain.java:138)
	at org.springframework.web.filter.CompositeFilter$VirtualFilterChain.doFilter(CompositeFilter.java:108)
	at org.springframework.web.filter.CompositeFilter$VirtualFilterChain.doFilter(CompositeFilter.java:108)
	at org.springframework.security.web.FilterChainProxy.lambda$doFilterInternal$3(FilterChainProxy.java:231)
	at org.springframework.security.web.ObservationFilterChainDecorator$FilterObservation$SimpleFilterObservation.lambda$wrap$1(ObservationFilterChainDecorator.java:490)
	at org.springframework.security.web.ObservationFilterChainDecorator$AroundFilterObservation$SimpleAroundFilterObservation.lambda$wrap$1(ObservationFilterChainDecorator.java:351)
	at org.springframework.security.web.ObservationFilterChainDecorator.lambda$wrapSecured$0(ObservationFilterChainDecorator.java:83)
	at org.springframework.security.web.ObservationFilterChainDecorator$VirtualFilterChain.doFilter(ObservationFilterChainDecorator.java:129)
	at org.springframework.security.web.access.intercept.AuthorizationFilter.doFilter(AuthorizationFilter.java:101)
	at org.springframework.security.web.ObservationFilterChainDecorator$ObservationFilter.wrapFilter(ObservationFilterChainDecorator.java:241)
	at org.springframework.security.web.ObservationFilterChainDecorator$ObservationFilter.doFilter(ObservationFilterChainDecorator.java:228)
	at org.springframework.security.web.ObservationFilterChainDecorator$VirtualFilterChain.doFilter(ObservationFilterChainDecorator.java:138)
	at org.springframework.security.web.access.ExceptionTranslationFilter.doFilter(ExceptionTranslationFilter.java:125)
	at org.springframework.security.web.access.ExceptionTranslationFilter.doFilter(ExceptionTranslationFilter.java:119)
	at org.springframework.security.web.ObservationFilterChainDecorator$ObservationFilter.wrapFilter(ObservationFilterChainDecorator.java:241)
	at org.springframework.security.web.ObservationFilterChainDecorator$ObservationFilter.doFilter(ObservationFilterChainDecorator.java:228)
	at org.springframework.security.web.ObservationFilterChainDecorator$VirtualFilterChain.doFilter(ObservationFilterChainDecorator.java:138)
	at org.springframework.security.web.session.SessionManagementFilter.doFilter(SessionManagementFilter.java:131)
	at org.springframework.security.web.session.SessionManagementFilter.doFilter(SessionManagementFilter.java:85)
	at org.springframework.security.web.ObservationFilterChainDecorator$ObservationFilter.wrapFilter(ObservationFilterChainDecorator.java:241)
	at org.springframework.security.web.ObservationFilterChainDecorator$ObservationFilter.doFilter(ObservationFilterChainDecorator.java:228)
	at org.springframework.security.web.ObservationFilterChainDecorator$VirtualFilterChain.doFilter(ObservationFilterChainDecorator.java:138)
	at org.springframework.security.web.authentication.AnonymousAuthenticationFilter.doFilter(AnonymousAuthenticationFilter.java:100)
	at org.springframework.security.web.ObservationFilterChainDecorator$ObservationFilter.wrapFilter(ObservationFilterChainDecorator.java:241)
	at org.springframework.security.web.ObservationFilterChainDecorator$ObservationFilter.doFilter(ObservationFilterChainDecorator.java:228)
	at org.springframework.security.web.ObservationFilterChainDecorator$VirtualFilterChain.doFilter(ObservationFilterChainDecorator.java:138)
	at org.springframework.security.web.servletapi.SecurityContextHolderAwareRequestFilter.doFilter(SecurityContextHolderAwareRequestFilter.java:179)
	at org.springframework.security.web.ObservationFilterChainDecorator$ObservationFilter.wrapFilter(ObservationFilterChainDecorator.java:241)
	at org.springframework.security.web.ObservationFilterChainDecorator$ObservationFilter.doFilter(ObservationFilterChainDecorator.java:228)
	at org.springframework.security.web.ObservationFilterChainDecorator$VirtualFilterChain.doFilter(ObservationFilterChainDecorator.java:138)
	at org.springframework.security.web.savedrequest.RequestCacheAwareFilter.doFilter(RequestCacheAwareFilter.java:63)
	at org.springframework.security.web.ObservationFilterChainDecorator$ObservationFilter.wrapFilter(ObservationFilterChainDecorator.java:241)
	at org.springframework.security.web.ObservationFilterChainDecorator$ObservationFilter.doFilter(ObservationFilterChainDecorator.java:228)
	at org.springframework.security.web.ObservationFilterChainDecorator$VirtualFilterChain.doFilter(ObservationFilterChainDecorator.java:138)
	at com.aetheris.rag.config.SecurityConfig$JwtAuthenticationFilter.doFilterInternal(SecurityConfig.java:141)
	at org.springframework.web.filter.OncePerRequestFilter.doFilter(OncePerRequestFilter.java:116)
	at org.springframework.security.web.ObservationFilterChainDecorator$ObservationFilter.wrapFilter(ObservationFilterChainDecorator.java:241)
	at org.springframework.security.web.ObservationFilterChainDecorator$ObservationFilter.doFilter(ObservationFilterChainDecorator.java:228)
	at org.springframework.security.web.ObservationFilterChainDecorator$VirtualFilterChain.doFilter(ObservationFilterChainDecorator.java:138)
	at org.springframework.security.web.authentication.logout.LogoutFilter.doFilter(LogoutFilter.java:107)
	at org.springframework.security.web.authentication.logout.LogoutFilter.doFilter(LogoutFilter.java:93)
	at org.springframework.security.web.ObservationFilterChainDecorator$ObservationFilter.wrapFilter(ObservationFilterChainDecorator.java:241)
	at org.springframework.security.web.ObservationFilterChainDecorator$ObservationFilter.doFilter(ObservationFilterChainDecorator.java:228)
	at org.springframework.security.web.ObservationFilterChainDecorator$VirtualFilterChain.doFilter(ObservationFilterChainDecorator.java:138)
	at org.springframework.web.filter.CorsFilter.doFilterInternal(CorsFilter.java:91)
	at org.springframework.web.filter.OncePerRequestFilter.doFilter(OncePerRequestFilter.java:116)
	at org.springframework.security.web.ObservationFilterChainDecorator$ObservationFilter.wrapFilter(ObservationFilterChainDecorator.java:241)
	at org.springframework.security.web.ObservationFilterChainDecorator$ObservationFilter.doFilter(ObservationFilterChainDecorator.java:228)
	at org.springframework.security.web.ObservationFilterChainDecorator$VirtualFilterChain.doFilter(ObservationFilterChainDecorator.java:138)
	at org.springframework.security.web.header.HeaderWriterFilter.doHeadersAfter(HeaderWriterFilter.java:90)
	at org.springframework.security.web.header.HeaderWriterFilter.doFilterInternal(HeaderWriterFilter.java:75)
	at org.springframework.web.filter.OncePerRequestFilter.doFilter(OncePerRequestFilter.java:116)
	at org.springframework.security.web.ObservationFilterChainDecorator$ObservationFilter.wrapFilter(ObservationFilterChainDecorator.java:241)
	at org.springframework.security.web.ObservationFilterChainDecorator$ObservationFilter.doFilter(ObservationFilterChainDecorator.java:228)
	at org.springframework.security.web.ObservationFilterChainDecorator$VirtualFilterChain.doFilter(ObservationFilterChainDecorator.java:138)
	at org.springframework.security.web.context.SecurityContextHolderFilter.doFilter(SecurityContextHolderFilter.java:82)
	at org.springframework.security.web.context.SecurityContextHolderFilter.doFilter(SecurityContextHolderFilter.java:69)
	at org.springframework.security.web.ObservationFilterChainDecorator$ObservationFilter.wrapFilter(ObservationFilterChainDecorator.java:241)
	at org.springframework.security.web.ObservationFilterChainDecorator$ObservationFilter.doFilter(ObservationFilterChainDecorator.java:228)
	at org.springframework.security.web.ObservationFilterChainDecorator$VirtualFilterChain.doFilter(ObservationFilterChainDecorator.java:138)
	at org.springframework.security.web.context.request.async.WebAsyncManagerIntegrationFilter.doFilterInternal(WebAsyncManagerIntegrationFilter.java:62)
	at org.springframework.web.filter.OncePerRequestFilter.doFilter(OncePerRequestFilter.java:116)
	at org.springframework.security.web.ObservationFilterChainDecorator$ObservationFilter.wrapFilter(ObservationFilterChainDecorator.java:241)
	at org.springframework.security.web.ObservationFilterChainDecorator$ObservationFilter.doFilter(ObservationFilterChainDecorator.java:228)
	at org.springframework.security.web.ObservationFilterChainDecorator$VirtualFilterChain.doFilter(ObservationFilterChainDecorator.java:138)
	at org.springframework.security.web.session.DisableEncodeUrlFilter.doFilterInternal(DisableEncodeUrlFilter.java:42)
	at org.springframework.web.filter.OncePerRequestFilter.doFilter(OncePerRequestFilter.java:116)
	at org.springframework.security.web.ObservationFilterChainDecorator$ObservationFilter.wrapFilter(ObservationFilterChainDecorator.java:241)
	at org.springframework.security.web.ObservationFilterChainDecorator$AroundFilterObservation$SimpleAroundFilterObservation.lambda$wrap$0(ObservationFilterChainDecorator.java:334)
	at org.springframework.security.web.ObservationFilterChainDecorator$ObservationFilter.doFilter(ObservationFilterChainDecorator.java:225)
	at org.springframework.security.web.ObservationFilterChainDecorator$VirtualFilterChain.doFilter(ObservationFilterChainDecorator.java:138)
	at org.springframework.security.web.FilterChainProxy.doFilterInternal(FilterChainProxy.java:233)
	at org.springframework.security.web.FilterChainProxy.doFilter(FilterChainProxy.java:191)
	at org.springframework.web.filter.CompositeFilter$VirtualFilterChain.doFilter(CompositeFilter.java:113)
	at org.springframework.web.filter.ServletRequestPathFilter.doFilter(ServletRequestPathFilter.java:52)
	at org.springframework.web.filter.CompositeFilter$VirtualFilterChain.doFilter(CompositeFilter.java:113)
	at org.springframework.web.filter.CompositeFilter.doFilter(CompositeFilter.java:74)
	at org.springframework.security.config.annotation.web.configuration.WebSecurityConfiguration$CompositeFilterChainProxy.doFilter(WebSecurityConfiguration.java:319)
	at org.springframework.web.filter.CompositeFilter$VirtualFilterChain.doFilter(CompositeFilter.java:113)
	at org.springframework.web.servlet.handler.HandlerMappingIntrospector.lambda$createCacheFilter$4(HandlerMappingIntrospector.java:267)
	at org.springframework.web.filter.CompositeFilter$VirtualFilterChain.doFilter(CompositeFilter.java:113)
	at org.springframework.web.filter.CompositeFilter.doFilter(CompositeFilter.java:74)
	at org.springframework.security.config.annotation.web.configuration.WebMvcSecurityConfiguration$CompositeFilterChainProxy.doFilter(WebMvcSecurityConfiguration.java:240)
	at org.springframework.web.filter.DelegatingFilterProxy.invokeDelegate(DelegatingFilterProxy.java:362)
	at org.springframework.web.filter.DelegatingFilterProxy.doFilter(DelegatingFilterProxy.java:278)
	at org.apache.catalina.core.ApplicationFilterChain.internalDoFilter(ApplicationFilterChain.java:162)
	at org.apache.catalina.core.ApplicationFilterChain.doFilter(ApplicationFilterChain.java:138)
	at org.springframework.web.filter.RequestContextFilter.doFilterInternal(RequestContextFilter.java:100)
	at org.springframework.web.filter.OncePerRequestFilter.doFilter(OncePerRequestFilter.java:116)
	at org.apache.catalina.core.ApplicationFilterChain.internalDoFilter(ApplicationFilterChain.java:162)
	at org.apache.catalina.core.ApplicationFilterChain.doFilter(ApplicationFilterChain.java:138)
	at org.springframework.web.filter.FormContentFilter.doFilterInternal(FormContentFilter.java:93)
	at org.springframework.web.filter.OncePerRequestFilter.doFilter(OncePerRequestFilter.java:116)
	at org.apache.catalina.core.ApplicationFilterChain.internalDoFilter(ApplicationFilterChain.java:162)
	at org.apache.catalina.core.ApplicationFilterChain.doFilter(ApplicationFilterChain.java:138)
	at org.springframework.web.filter.ServerHttpObservationFilter.doFilterInternal(ServerHttpObservationFilter.java:110)
	at org.springframework.web.filter.OncePerRequestFilter.doFilter(OncePerRequestFilter.java:116)
	at org.apache.catalina.core.ApplicationFilterChain.internalDoFilter(ApplicationFilterChain.java:162)
	at org.apache.catalina.core.ApplicationFilterChain.doFilter(ApplicationFilterChain.java:138)
	at org.springframework.web.filter.CharacterEncodingFilter.doFilterInternal(CharacterEncodingFilter.java:201)
	at org.springframework.web.filter.OncePerRequestFilter.doFilter(OncePerRequestFilter.java:116)
	at org.apache.catalina.core.ApplicationFilterChain.internalDoFilter(ApplicationFilterChain.java:162)
	at org.apache.catalina.core.ApplicationFilterChain.doFilter(ApplicationFilterChain.java:138)
	at org.apache.catalina.core.StandardWrapperValve.invoke(StandardWrapperValve.java:165)
	at org.apache.catalina.core.StandardContextValve.invoke(StandardContextValve.java:88)
	at org.apache.catalina.authenticator.AuthenticatorBase.invoke(AuthenticatorBase.java:482)
	at org.apache.catalina.core.StandardHostValve.invoke(StandardHostValve.java:113)
	at org.apache.catalina.valves.ErrorReportValve.invoke(ErrorReportValve.java:83)
	at org.apache.catalina.core.StandardEngineValve.invoke(StandardEngineValve.java:72)
	at org.apache.catalina.connector.CoyoteAdapter.service(CoyoteAdapter.java:342)
	at org.apache.coyote.http11.Http11Processor.service(Http11Processor.java:399)
	at org.apache.coyote.AbstractProcessorLight.process(AbstractProcessorLight.java:63)
	at org.apache.coyote.AbstractProtocol$ConnectionHandler.process(AbstractProtocol.java:903)
	at org.apache.tomcat.util.net.NioEndpoint$SocketProcessor.doRun(NioEndpoint.java:1774)
	at org.apache.tomcat.util.net.SocketProcessorBase.run(SocketProcessorBase.java:52)
	at java.base/java.lang.VirtualThread.run(VirtualThread.java:329)
Caused by: dev.langchain4j.exception.HttpException: {"error":{"code":"1113","message":"余额不足或无可用资源包,请充值。"}}
	at dev.langchain4j.http.client.jdk.JdkHttpClient.execute(JdkHttpClient.java:53)
	at dev.langchain4j.http.client.log.LoggingHttpClient.execute(LoggingHttpClient.java:49)
	at dev.langchain4j.community.model.zhipu.ZhipuAiClient.embedAll(ZhipuAiClient.java:102)
	... 160 common frames omitted
2026-03-27 21:20:16.498 [tomcat-handler-54] INFO  d.l.h.client.log.LoggingHttpClient - HTTP request:
- method: POST
- url: https://open.bigmodel.cn/api/paas/v4/embeddings
- headers: [Authorization: Beare...-A], [Content-Type: application/json]
- body: {
  "input" : "什么是机器学习",
  "model" : "embedding-3"
}

2026-03-27 21:20:16.581 [tomcat-handler-54] ERROR d.l.c.model.zhipu.ZhipuAiClient - Error response: status code: 429; body: {"error":{"code":"1113","message":"余额不足或无可用资源包,请充值。"}}
2026-03-27 21:20:16.581 [tomcat-handler-54] ERROR c.a.r.g.retry.ModelRetryStrategy - Non-retryable error occurred, failing immediately: java.lang.RuntimeException
2026-03-27 21:20:16.592 [tomcat-handler-54] ERROR c.a.r.e.GlobalExceptionHandler - 未处理的异常: Non-retryable error: dev.langchain4j.exception.HttpException: {"error":{"code":"1113","message":"余额不足或无可用资源包,请充值。"}}
com.aetheris.rag.gateway.ModelException: Non-retryable error: dev.langchain4j.exception.HttpException: {"error":{"code":"1113","message":"余额不足或无可用资源包,请充值。"}}
	at com.aetheris.rag.gateway.retry.ModelRetryStrategy.executeWithRetry(ModelRetryStrategy.java:113)
	at com.aetheris.rag.gateway.EmbeddingGateway.embed(EmbeddingGateway.java:119)
	at com.aetheris.rag.service.impl.SearchServiceImpl.search(SearchServiceImpl.java:101)
	at com.aetheris.rag.service.impl.SearchServiceImpl.searchAggregated(SearchServiceImpl.java:492)
	at com.aetheris.rag.service.impl.RagServiceImpl.ask(RagServiceImpl.java:76)
	at java.base/jdk.internal.reflect.DirectMethodHandleAccessor.invoke(DirectMethodHandleAccessor.java:103)
	at java.base/java.lang.reflect.Method.invoke(Method.java:580)
	at org.springframework.aop.support.AopUtils.invokeJoinpointUsingReflection(AopUtils.java:360)
	at org.springframework.aop.framework.JdkDynamicAopProxy.invoke(JdkDynamicAopProxy.java:216)
	at jdk.proxy2/jdk.proxy2.$Proxy135.ask(Unknown Source)
	at com.aetheris.rag.controller.ChatController.ask(ChatController.java:76)
	at java.base/jdk.internal.reflect.DirectMethodHandleAccessor.invoke(DirectMethodHandleAccessor.java:103)
	at java.base/java.lang.reflect.Method.invoke(Method.java:580)
	at org.springframework.web.method.support.InvocableHandlerMethod.doInvoke(InvocableHandlerMethod.java:258)
	at org.springframework.web.method.support.InvocableHandlerMethod.invokeForRequest(InvocableHandlerMethod.java:191)
	at org.springframework.web.servlet.mvc.method.annotation.ServletInvocableHandlerMethod.invokeAndHandle(ServletInvocableHandlerMethod.java:118)
	at org.springframework.web.servlet.mvc.method.annotation.RequestMappingHandlerAdapter.invokeHandlerMethod(RequestMappingHandlerAdapter.java:991)
	at org.springframework.web.servlet.mvc.method.annotation.RequestMappingHandlerAdapter.handleInternal(RequestMappingHandlerAdapter.java:896)
	at org.springframework.web.servlet.mvc.method.AbstractHandlerMethodAdapter.handle(AbstractHandlerMethodAdapter.java:87)
	at org.springframework.web.servlet.DispatcherServlet.doDispatch(DispatcherServlet.java:1089)
	at org.springframework.web.servlet.DispatcherServlet.doService(DispatcherServlet.java:979)
	at org.springframework.web.servlet.FrameworkServlet.processRequest(FrameworkServlet.java:1014)
	at org.springframework.web.servlet.FrameworkServlet.doPost(FrameworkServlet.java:914)
	at jakarta.servlet.http.HttpServlet.service(HttpServlet.java:590)
	at org.springframework.web.servlet.FrameworkServlet.service(FrameworkServlet.java:885)
	at jakarta.servlet.http.HttpServlet.service(HttpServlet.java:658)
	at org.apache.catalina.core.ApplicationFilterChain.internalDoFilter(ApplicationFilterChain.java:193)
	at org.apache.catalina.core.ApplicationFilterChain.doFilter(ApplicationFilterChain.java:138)
	at org.apache.tomcat.websocket.server.WsFilter.doFilter(WsFilter.java:51)
	at org.apache.catalina.core.ApplicationFilterChain.internalDoFilter(ApplicationFilterChain.java:162)
	at org.apache.catalina.core.ApplicationFilterChain.doFilter(ApplicationFilterChain.java:138)
	at org.springframework.web.filter.CompositeFilter$VirtualFilterChain.doFilter(CompositeFilter.java:108)
	at org.springframework.web.filter.CompositeFilter$VirtualFilterChain.doFilter(CompositeFilter.java:108)
	at org.springframework.security.web.FilterChainProxy.lambda$doFilterInternal$3(FilterChainProxy.java:231)
	at org.springframework.security.web.ObservationFilterChainDecorator$FilterObservation$SimpleFilterObservation.lambda$wrap$1(ObservationFilterChainDecorator.java:490)
	at org.springframework.security.web.ObservationFilterChainDecorator$AroundFilterObservation$SimpleAroundFilterObservation.lambda$wrap$1(ObservationFilterChainDecorator.java:351)
	at org.springframework.security.web.ObservationFilterChainDecorator.lambda$wrapSecured$0(ObservationFilterChainDecorator.java:83)
	at org.springframework.security.web.ObservationFilterChainDecorator$VirtualFilterChain.doFilter(ObservationFilterChainDecorator.java:129)
	at org.springframework.security.web.access.intercept.AuthorizationFilter.doFilter(AuthorizationFilter.java:101)
	at org.springframework.security.web.ObservationFilterChainDecorator$ObservationFilter.wrapFilter(ObservationFilterChainDecorator.java:241)
	at org.springframework.security.web.ObservationFilterChainDecorator$ObservationFilter.doFilter(ObservationFilterChainDecorator.java:228)
	at org.springframework.security.web.ObservationFilterChainDecorator$VirtualFilterChain.doFilter(ObservationFilterChainDecorator.java:138)
	at org.springframework.security.web.access.ExceptionTranslationFilter.doFilter(ExceptionTranslationFilter.java:125)
	at org.springframework.security.web.access.ExceptionTranslationFilter.doFilter(ExceptionTranslationFilter.java:119)
	at org.springframework.security.web.ObservationFilterChainDecorator$ObservationFilter.wrapFilter(ObservationFilterChainDecorator.java:241)
	at org.springframework.security.web.ObservationFilterChainDecorator$ObservationFilter.doFilter(ObservationFilterChainDecorator.java:228)
	at org.springframework.security.web.ObservationFilterChainDecorator$VirtualFilterChain.doFilter(ObservationFilterChainDecorator.java:138)
	at org.springframework.security.web.session.SessionManagementFilter.doFilter(SessionManagementFilter.java:131)
	at org.springframework.security.web.session.SessionManagementFilter.doFilter(SessionManagementFilter.java:85)
	at org.springframework.security.web.ObservationFilterChainDecorator$ObservationFilter.wrapFilter(ObservationFilterChainDecorator.java:241)
	at org.springframework.security.web.ObservationFilterChainDecorator$ObservationFilter.doFilter(ObservationFilterChainDecorator.java:228)
	at org.springframework.security.web.ObservationFilterChainDecorator$VirtualFilterChain.doFilter(ObservationFilterChainDecorator.java:138)
	at org.springframework.security.web.authentication.AnonymousAuthenticationFilter.doFilter(AnonymousAuthenticationFilter.java:100)
	at org.springframework.security.web.ObservationFilterChainDecorator$ObservationFilter.wrapFilter(ObservationFilterChainDecorator.java:241)
	at org.springframework.security.web.ObservationFilterChainDecorator$ObservationFilter.doFilter(ObservationFilterChainDecorator.java:228)
	at org.springframework.security.web.ObservationFilterChainDecorator$VirtualFilterChain.doFilter(ObservationFilterChainDecorator.java:138)
	at org.springframework.security.web.servletapi.SecurityContextHolderAwareRequestFilter.doFilter(SecurityContextHolderAwareRequestFilter.java:179)
	at org.springframework.security.web.ObservationFilterChainDecorator$ObservationFilter.wrapFilter(ObservationFilterChainDecorator.java:241)
	at org.springframework.security.web.ObservationFilterChainDecorator$ObservationFilter.doFilter(ObservationFilterChainDecorator.java:228)
	at org.springframework.security.web.ObservationFilterChainDecorator$VirtualFilterChain.doFilter(ObservationFilterChainDecorator.java:138)
	at org.springframework.security.web.savedrequest.RequestCacheAwareFilter.doFilter(RequestCacheAwareFilter.java:63)
	at org.springframework.security.web.ObservationFilterChainDecorator$ObservationFilter.wrapFilter(ObservationFilterChainDecorator.java:241)
	at org.springframework.security.web.ObservationFilterChainDecorator$ObservationFilter.doFilter(ObservationFilterChainDecorator.java:228)
	at org.springframework.security.web.ObservationFilterChainDecorator$VirtualFilterChain.doFilter(ObservationFilterChainDecorator.java:138)
	at com.aetheris.rag.config.SecurityConfig$JwtAuthenticationFilter.doFilterInternal(SecurityConfig.java:141)
	at org.springframework.web.filter.OncePerRequestFilter.doFilter(OncePerRequestFilter.java:116)
	at org.springframework.security.web.ObservationFilterChainDecorator$ObservationFilter.wrapFilter(ObservationFilterChainDecorator.java:241)
	at org.springframework.security.web.ObservationFilterChainDecorator$ObservationFilter.doFilter(ObservationFilterChainDecorator.java:228)
	at org.springframework.security.web.ObservationFilterChainDecorator$VirtualFilterChain.doFilter(ObservationFilterChainDecorator.java:138)
	at org.springframework.security.web.authentication.logout.LogoutFilter.doFilter(LogoutFilter.java:107)
	at org.springframework.security.web.authentication.logout.LogoutFilter.doFilter(LogoutFilter.java:93)
	at org.springframework.security.web.ObservationFilterChainDecorator$ObservationFilter.wrapFilter(ObservationFilterChainDecorator.java:241)
	at org.springframework.security.web.ObservationFilterChainDecorator$ObservationFilter.doFilter(ObservationFilterChainDecorator.java:228)
	at org.springframework.security.web.ObservationFilterChainDecorator$VirtualFilterChain.doFilter(ObservationFilterChainDecorator.java:138)
	at org.springframework.web.filter.CorsFilter.doFilterInternal(CorsFilter.java:91)
	at org.springframework.web.filter.OncePerRequestFilter.doFilter(OncePerRequestFilter.java:116)
	at org.springframework.security.web.ObservationFilterChainDecorator$ObservationFilter.wrapFilter(ObservationFilterChainDecorator.java:241)
	at org.springframework.security.web.ObservationFilterChainDecorator$ObservationFilter.doFilter(ObservationFilterChainDecorator.java:228)
	at org.springframework.security.web.ObservationFilterChainDecorator$VirtualFilterChain.doFilter(ObservationFilterChainDecorator.java:138)
	at org.springframework.security.web.header.HeaderWriterFilter.doHeadersAfter(HeaderWriterFilter.java:90)
	at org.springframework.security.web.header.HeaderWriterFilter.doFilterInternal(HeaderWriterFilter.java:75)
	at org.springframework.web.filter.OncePerRequestFilter.doFilter(OncePerRequestFilter.java:116)
	at org.springframework.security.web.ObservationFilterChainDecorator$ObservationFilter.wrapFilter(ObservationFilterChainDecorator.java:241)
	at org.springframework.security.web.ObservationFilterChainDecorator$ObservationFilter.doFilter(ObservationFilterChainDecorator.java:228)
	at org.springframework.security.web.ObservationFilterChainDecorator$VirtualFilterChain.doFilter(ObservationFilterChainDecorator.java:138)
	at org.springframework.security.web.context.SecurityContextHolderFilter.doFilter(SecurityContextHolderFilter.java:82)
	at org.springframework.security.web.context.SecurityContextHolderFilter.doFilter(SecurityContextHolderFilter.java:69)
	at org.springframework.security.web.ObservationFilterChainDecorator$ObservationFilter.wrapFilter(ObservationFilterChainDecorator.java:241)
	at org.springframework.security.web.ObservationFilterChainDecorator$ObservationFilter.doFilter(ObservationFilterChainDecorator.java:228)
	at org.springframework.security.web.ObservationFilterChainDecorator$VirtualFilterChain.doFilter(ObservationFilterChainDecorator.java:138)
	at org.springframework.security.web.context.request.async.WebAsyncManagerIntegrationFilter.doFilterInternal(WebAsyncManagerIntegrationFilter.java:62)
	at org.springframework.web.filter.OncePerRequestFilter.doFilter(OncePerRequestFilter.java:116)
	at org.springframework.security.web.ObservationFilterChainDecorator$ObservationFilter.wrapFilter(ObservationFilterChainDecorator.java:241)
	at org.springframework.security.web.ObservationFilterChainDecorator$ObservationFilter.doFilter(ObservationFilterChainDecorator.java:228)
	at org.springframework.security.web.ObservationFilterChainDecorator$VirtualFilterChain.doFilter(ObservationFilterChainDecorator.java:138)
	at org.springframework.security.web.session.DisableEncodeUrlFilter.doFilterInternal(DisableEncodeUrlFilter.java:42)
	at org.springframework.web.filter.OncePerRequestFilter.doFilter(OncePerRequestFilter.java:116)
	at org.springframework.security.web.ObservationFilterChainDecorator$ObservationFilter.wrapFilter(ObservationFilterChainDecorator.java:241)
	at org.springframework.security.web.ObservationFilterChainDecorator$AroundFilterObservation$SimpleAroundFilterObservation.lambda$wrap$0(ObservationFilterChainDecorator.java:334)
	at org.springframework.security.web.ObservationFilterChainDecorator$ObservationFilter.doFilter(ObservationFilterChainDecorator.java:225)
	at org.springframework.security.web.ObservationFilterChainDecorator$VirtualFilterChain.doFilter(ObservationFilterChainDecorator.java:138)
	at org.springframework.security.web.FilterChainProxy.doFilterInternal(FilterChainProxy.java:233)
	at org.springframework.security.web.FilterChainProxy.doFilter(FilterChainProxy.java:191)
	at org.springframework.web.filter.CompositeFilter$VirtualFilterChain.doFilter(CompositeFilter.java:113)
	at org.springframework.web.filter.ServletRequestPathFilter.doFilter(ServletRequestPathFilter.java:52)
	at org.springframework.web.filter.CompositeFilter$VirtualFilterChain.doFilter(CompositeFilter.java:113)
	at org.springframework.web.filter.CompositeFilter.doFilter(CompositeFilter.java:74)
	at org.springframework.security.config.annotation.web.configuration.WebSecurityConfiguration$CompositeFilterChainProxy.doFilter(WebSecurityConfiguration.java:319)
	at org.springframework.web.filter.CompositeFilter$VirtualFilterChain.doFilter(CompositeFilter.java:113)
	at org.springframework.web.servlet.handler.HandlerMappingIntrospector.lambda$createCacheFilter$4(HandlerMappingIntrospector.java:267)
	at org.springframework.web.filter.CompositeFilter$VirtualFilterChain.doFilter(CompositeFilter.java:113)
	at org.springframework.web.filter.CompositeFilter.doFilter(CompositeFilter.java:74)
	at org.springframework.security.config.annotation.web.configuration.WebMvcSecurityConfiguration$CompositeFilterChainProxy.doFilter(WebMvcSecurityConfiguration.java:240)
	at org.springframework.web.filter.DelegatingFilterProxy.invokeDelegate(DelegatingFilterProxy.java:362)
	at org.springframework.web.filter.DelegatingFilterProxy.doFilter(DelegatingFilterProxy.java:278)
	at org.apache.catalina.core.ApplicationFilterChain.internalDoFilter(ApplicationFilterChain.java:162)
	at org.apache.catalina.core.ApplicationFilterChain.doFilter(ApplicationFilterChain.java:138)
	at org.springframework.web.filter.RequestContextFilter.doFilterInternal(RequestContextFilter.java:100)
	at org.springframework.web.filter.OncePerRequestFilter.doFilter(OncePerRequestFilter.java:116)
	at org.apache.catalina.core.ApplicationFilterChain.internalDoFilter(ApplicationFilterChain.java:162)
	at org.apache.catalina.core.ApplicationFilterChain.doFilter(ApplicationFilterChain.java:138)
	at org.springframework.web.filter.FormContentFilter.doFilterInternal(FormContentFilter.java:93)
	at org.springframework.web.filter.OncePerRequestFilter.doFilter(OncePerRequestFilter.java:116)
	at org.apache.catalina.core.ApplicationFilterChain.internalDoFilter(ApplicationFilterChain.java:162)
	at org.apache.catalina.core.ApplicationFilterChain.doFilter(ApplicationFilterChain.java:138)
	at org.springframework.web.filter.ServerHttpObservationFilter.doFilterInternal(ServerHttpObservationFilter.java:110)
	at org.springframework.web.filter.OncePerRequestFilter.doFilter(OncePerRequestFilter.java:116)
	at org.apache.catalina.core.ApplicationFilterChain.internalDoFilter(ApplicationFilterChain.java:162)
	at org.apache.catalina.core.ApplicationFilterChain.doFilter(ApplicationFilterChain.java:138)
	at org.springframework.web.filter.CharacterEncodingFilter.doFilterInternal(CharacterEncodingFilter.java:201)
	at org.springframework.web.filter.OncePerRequestFilter.doFilter(OncePerRequestFilter.java:116)
	at org.apache.catalina.core.ApplicationFilterChain.internalDoFilter(ApplicationFilterChain.java:162)
	at org.apache.catalina.core.ApplicationFilterChain.doFilter(ApplicationFilterChain.java:138)
	at org.apache.catalina.core.StandardWrapperValve.invoke(StandardWrapperValve.java:165)
	at org.apache.catalina.core.StandardContextValve.invoke(StandardContextValve.java:88)
	at org.apache.catalina.authenticator.AuthenticatorBase.invoke(AuthenticatorBase.java:482)
	at org.apache.catalina.core.StandardHostValve.invoke(StandardHostValve.java:113)
	at org.apache.catalina.valves.ErrorReportValve.invoke(ErrorReportValve.java:83)
	at org.apache.catalina.core.StandardEngineValve.invoke(StandardEngineValve.java:72)
	at org.apache.catalina.connector.CoyoteAdapter.service(CoyoteAdapter.java:342)
	at org.apache.coyote.http11.Http11Processor.service(Http11Processor.java:399)
	at org.apache.coyote.AbstractProcessorLight.process(AbstractProcessorLight.java:63)
	at org.apache.coyote.AbstractProtocol$ConnectionHandler.process(AbstractProtocol.java:903)
	at org.apache.tomcat.util.net.NioEndpoint$SocketProcessor.doRun(NioEndpoint.java:1774)
	at org.apache.tomcat.util.net.SocketProcessorBase.run(SocketProcessorBase.java:52)
	at java.base/java.lang.VirtualThread.run(VirtualThread.java:329)
Caused by: java.lang.RuntimeException: dev.langchain4j.exception.HttpException: {"error":{"code":"1113","message":"余额不足或无可用资源包,请充值。"}}
	at dev.langchain4j.community.model.zhipu.ZhipuAiClient.embedAll(ZhipuAiClient.java:106)
	at dev.langchain4j.community.model.zhipu.ZhipuAiEmbeddingModel.lambda$embedAll$1(ZhipuAiEmbeddingModel.java:70)
	at dev.langchain4j.internal.RetryUtils$RetryPolicy.withRetry(RetryUtils.java:204)
	at dev.langchain4j.internal.RetryUtils.withRetry(RetryUtils.java:259)
	at dev.langchain4j.community.model.zhipu.ZhipuAiEmbeddingModel.lambda$embedAll$2(ZhipuAiEmbeddingModel.java:70)
	at java.base/java.util.stream.ReferencePipeline$3$1.accept(ReferencePipeline.java:197)
	at java.base/java.util.stream.ReferencePipeline$3$1.accept(ReferencePipeline.java:197)
	at java.base/java.util.AbstractList$RandomAccessSpliterator.forEachRemaining(AbstractList.java:722)
	at java.base/java.util.stream.AbstractPipeline.copyInto(AbstractPipeline.java:509)
	at java.base/java.util.stream.AbstractPipeline.wrapAndCopyInto(AbstractPipeline.java:499)
	at java.base/java.util.stream.ReduceOps$ReduceOp.evaluateSequential(ReduceOps.java:921)
	at java.base/java.util.stream.AbstractPipeline.evaluate(AbstractPipeline.java:234)
	at java.base/java.util.stream.ReferencePipeline.collect(ReferencePipeline.java:682)
	at dev.langchain4j.community.model.zhipu.ZhipuAiEmbeddingModel.embedAll(ZhipuAiEmbeddingModel.java:71)
	at com.aetheris.rag.gateway.EmbeddingGateway.lambda$embed$0(EmbeddingGateway.java:123)
	at com.aetheris.rag.gateway.retry.ModelRetryStrategy.executeWithRetry(ModelRetryStrategy.java:106)
	... 145 common frames omitted
Caused by: dev.langchain4j.exception.HttpException: {"error":{"code":"1113","message":"余额不足或无可用资源包,请充值。"}}
	at dev.langchain4j.http.client.jdk.JdkHttpClient.execute(JdkHttpClient.java:53)
	at dev.langchain4j.http.client.log.LoggingHttpClient.execute(LoggingHttpClient.java:49)
	at dev.langchain4j.community.model.zhipu.ZhipuAiClient.embedAll(ZhipuAiClient.java:102)
	... 160 common frames omitted
2026-03-27 21:20:24.109 [tomcat-handler-55] DEBUG c.a.r.c.SecurityConfig$JwtAuthenticationFilter - Authenticated user: 2
2026-03-27 21:20:24.111 [tomcat-handler-55] INFO  c.a.rag.controller.AuthController - GET /api/auth/me - userId: 2
2026-03-27 21:20:24.120 [tomcat-handler-55] DEBUG c.a.rag.service.impl.AuthServiceImpl - 获取当前用户信息: userId=2
2026-03-27 21:20:24.121 [tomcat-handler-55] DEBUG org.mybatis.spring.SqlSessionUtils - Creating a new SqlSession
2026-03-27 21:20:24.121 [tomcat-handler-55] DEBUG org.mybatis.spring.SqlSessionUtils - Registering transaction synchronization for SqlSession [org.apache.ibatis.session.defaults.DefaultSqlSession@56b0ab2d]
2026-03-27 21:20:24.121 [tomcat-handler-55] DEBUG o.m.s.t.SpringManagedTransaction - JDBC Connection [HikariProxyConnection@1512218516 wrapping com.mysql.cj.jdbc.ConnectionImpl@42789ae9] will be managed by Spring
2026-03-27 21:20:24.121 [tomcat-handler-55] DEBUG c.a.rag.mapper.UserMapper.findById - ==>  Preparing: SELECT id, username, email, password_hash, created_at, updated_at, last_active_at FROM users WHERE id = ?
2026-03-27 21:20:24.122 [tomcat-handler-55] DEBUG c.a.rag.mapper.UserMapper.findById - ==> Parameters: 2(Long)
2026-03-27 21:20:24.133 [tomcat-handler-55] DEBUG c.a.rag.mapper.UserMapper.findById - <==      Total: 1
2026-03-27 21:20:24.134 [tomcat-handler-55] DEBUG org.mybatis.spring.SqlSessionUtils - Releasing transactional SqlSession [org.apache.ibatis.session.defaults.DefaultSqlSession@56b0ab2d]
2026-03-27 21:20:24.135 [tomcat-handler-55] DEBUG org.mybatis.spring.SqlSessionUtils - Transaction synchronization committing SqlSession [org.apache.ibatis.session.defaults.DefaultSqlSession@56b0ab2d]
2026-03-27 21:20:24.135 [tomcat-handler-55] DEBUG org.mybatis.spring.SqlSessionUtils - Transaction synchronization deregistering SqlSession [org.apache.ibatis.session.defaults.DefaultSqlSession@56b0ab2d]
2026-03-27 21:20:24.135 [tomcat-handler-55] DEBUG org.mybatis.spring.SqlSessionUtils - Transaction synchronization closing SqlSession [org.apache.ibatis.session.defaults.DefaultSqlSession@56b0ab2d]
2026-03-27 21:20:26.643 [tomcat-handler-56] DEBUG c.a.r.c.SecurityConfig$JwtAuthenticationFilter - Authenticated user: 2
2026-03-27 21:20:26.645 [tomcat-handler-56] INFO  c.a.rag.controller.ChatController - POST /api/chat/ask - userId=2, question='什么是机器学习', topK=5
2026-03-27 21:20:26.646 [tomcat-handler-56] INFO  c.a.rag.service.impl.RagServiceImpl - 执行问答：userId=2, question='什么是机器学习', useRag=true, topK=5
2026-03-27 21:20:26.646 [tomcat-handler-56] INFO  c.a.r.service.impl.SearchServiceImpl - 执行聚合语义检索：query='什么是机器学习', topK=5
2026-03-27 21:20:26.646 [tomcat-handler-56] INFO  c.a.r.service.impl.SearchServiceImpl - 执行语义检索：query='什么是机器学习', topK=10
2026-03-27 21:20:26.648 [tomcat-handler-56] DEBUG c.a.rag.gateway.cache.EmbeddingCache - Embedding cache miss for textHash: ba312180480566d5ee92b1789f2f869779e9c5bea3bd5995fb12b1c3fe953793
2026-03-27 21:20:26.648 [tomcat-handler-56] INFO  c.a.rag.gateway.EmbeddingGateway - 调用 Embedding API：model=embedding-3, textPreview=什么是机器学习
2026-03-27 21:20:26.649 [tomcat-handler-56] INFO  d.l.h.client.log.LoggingHttpClient - HTTP request:
- method: POST
- url: https://open.bigmodel.cn/api/paas/v4/embeddings
- headers: [Authorization: Beare...pA], [Content-Type: application/json]
- body: {
  "input" : "什么是机器学习",
  "model" : "embedding-3"
}

2026-03-27 21:20:26.827 [tomcat-handler-56] ERROR d.l.c.model.zhipu.ZhipuAiClient - Error response: status code: 429; body: {"error":{"code":"1113","message":"余额不足或无可用资源包,请充值。"}}
2026-03-27 21:20:26.827 [tomcat-handler-56] WARN  dev.langchain4j.internal.RetryUtils - A retriable exception occurred. Remaining retries: 3 of 3
java.lang.RuntimeException: dev.langchain4j.exception.HttpException: {"error":{"code":"1113","message":"余额不足或无可用资源包,请充值。"}}
	at dev.langchain4j.community.model.zhipu.ZhipuAiClient.embedAll(ZhipuAiClient.java:106)
	at dev.langchain4j.community.model.zhipu.ZhipuAiEmbeddingModel.lambda$embedAll$1(ZhipuAiEmbeddingModel.java:70)
	at dev.langchain4j.internal.RetryUtils$RetryPolicy.withRetry(RetryUtils.java:204)
	at dev.langchain4j.internal.RetryUtils.withRetry(RetryUtils.java:259)
	at dev.langchain4j.community.model.zhipu.ZhipuAiEmbeddingModel.lambda$embedAll$2(ZhipuAiEmbeddingModel.java:70)
	at java.base/java.util.stream.ReferencePipeline$3$1.accept(ReferencePipeline.java:197)
	at java.base/java.util.stream.ReferencePipeline$3$1.accept(ReferencePipeline.java:197)
	at java.base/java.util.AbstractList$RandomAccessSpliterator.forEachRemaining(AbstractList.java:722)
	at java.base/java.util.stream.AbstractPipeline.copyInto(AbstractPipeline.java:509)
	at java.base/java.util.stream.AbstractPipeline.wrapAndCopyInto(AbstractPipeline.java:499)
	at java.base/java.util.stream.ReduceOps$ReduceOp.evaluateSequential(ReduceOps.java:921)
	at java.base/java.util.stream.AbstractPipeline.evaluate(AbstractPipeline.java:234)
	at java.base/java.util.stream.ReferencePipeline.collect(ReferencePipeline.java:682)
	at dev.langchain4j.community.model.zhipu.ZhipuAiEmbeddingModel.embedAll(ZhipuAiEmbeddingModel.java:71)
	at com.aetheris.rag.gateway.EmbeddingGateway.lambda$embed$0(EmbeddingGateway.java:123)
	at com.aetheris.rag.gateway.retry.ModelRetryStrategy.executeWithRetry(ModelRetryStrategy.java:106)
	at com.aetheris.rag.gateway.EmbeddingGateway.embed(EmbeddingGateway.java:119)
	at com.aetheris.rag.service.impl.SearchServiceImpl.search(SearchServiceImpl.java:101)
	at com.aetheris.rag.service.impl.SearchServiceImpl.searchAggregated(SearchServiceImpl.java:492)
	at com.aetheris.rag.service.impl.RagServiceImpl.ask(RagServiceImpl.java:76)
	at java.base/jdk.internal.reflect.DirectMethodHandleAccessor.invoke(DirectMethodHandleAccessor.java:103)
	at java.base/java.lang.reflect.Method.invoke(Method.java:580)
	at org.springframework.aop.support.AopUtils.invokeJoinpointUsingReflection(AopUtils.java:360)
	at org.springframework.aop.framework.JdkDynamicAopProxy.invoke(JdkDynamicAopProxy.java:216)
	at jdk.proxy2/jdk.proxy2.$Proxy135.ask(Unknown Source)
	at com.aetheris.rag.controller.ChatController.ask(ChatController.java:76)
	at java.base/jdk.internal.reflect.DirectMethodHandleAccessor.invoke(DirectMethodHandleAccessor.java:103)
	at java.base/java.lang.reflect.Method.invoke(Method.java:580)
	at org.springframework.web.method.support.InvocableHandlerMethod.doInvoke(InvocableHandlerMethod.java:258)
	at org.springframework.web.method.support.InvocableHandlerMethod.invokeForRequest(InvocableHandlerMethod.java:191)
	at org.springframework.web.servlet.mvc.method.annotation.ServletInvocableHandlerMethod.invokeAndHandle(ServletInvocableHandlerMethod.java:118)
	at org.springframework.web.servlet.mvc.method.annotation.RequestMappingHandlerAdapter.invokeHandlerMethod(RequestMappingHandlerAdapter.java:991)
	at org.springframework.web.servlet.mvc.method.annotation.RequestMappingHandlerAdapter.handleInternal(RequestMappingHandlerAdapter.java:896)
	at org.springframework.web.servlet.mvc.method.AbstractHandlerMethodAdapter.handle(AbstractHandlerMethodAdapter.java:87)
	at org.springframework.web.servlet.DispatcherServlet.doDispatch(DispatcherServlet.java:1089)
	at org.springframework.web.servlet.DispatcherServlet.doService(DispatcherServlet.java:979)
	at org.springframework.web.servlet.FrameworkServlet.processRequest(FrameworkServlet.java:1014)
	at org.springframework.web.servlet.FrameworkServlet.doPost(FrameworkServlet.java:914)
	at jakarta.servlet.http.HttpServlet.service(HttpServlet.java:590)
	at org.springframework.web.servlet.FrameworkServlet.service(FrameworkServlet.java:885)
	at jakarta.servlet.http.HttpServlet.service(HttpServlet.java:658)
	at org.apache.catalina.core.ApplicationFilterChain.internalDoFilter(ApplicationFilterChain.java:193)
	at org.apache.catalina.core.ApplicationFilterChain.doFilter(ApplicationFilterChain.java:138)
	at org.apache.tomcat.websocket.server.WsFilter.doFilter(WsFilter.java:51)
	at org.apache.catalina.core.ApplicationFilterChain.internalDoFilter(ApplicationFilterChain.java:162)
	at org.apache.catalina.core.ApplicationFilterChain.doFilter(ApplicationFilterChain.java:138)
	at org.springframework.web.filter.CompositeFilter$VirtualFilterChain.doFilter(CompositeFilter.java:108)
	at org.springframework.web.filter.CompositeFilter$VirtualFilterChain.doFilter(CompositeFilter.java:108)
	at org.springframework.security.web.FilterChainProxy.lambda$doFilterInternal$3(FilterChainProxy.java:231)
	at org.springframework.security.web.ObservationFilterChainDecorator$FilterObservation$SimpleFilterObservation.lambda$wrap$1(ObservationFilterChainDecorator.java:490)
	at org.springframework.security.web.ObservationFilterChainDecorator$AroundFilterObservation$SimpleAroundFilterObservation.lambda$wrap$1(ObservationFilterChainDecorator.java:351)
	at org.springframework.security.web.ObservationFilterChainDecorator.lambda$wrapSecured$0(ObservationFilterChainDecorator.java:83)
	at org.springframework.security.web.ObservationFilterChainDecorator$VirtualFilterChain.doFilter(ObservationFilterChainDecorator.java:129)
	at org.springframework.security.web.access.intercept.AuthorizationFilter.doFilter(AuthorizationFilter.java:101)
	at org.springframework.security.web.ObservationFilterChainDecorator$ObservationFilter.wrapFilter(ObservationFilterChainDecorator.java:241)
	at org.springframework.security.web.ObservationFilterChainDecorator$ObservationFilter.doFilter(ObservationFilterChainDecorator.java:228)
	at org.springframework.security.web.ObservationFilterChainDecorator$VirtualFilterChain.doFilter(ObservationFilterChainDecorator.java:138)
	at org.springframework.security.web.access.ExceptionTranslationFilter.doFilter(ExceptionTranslationFilter.java:125)
	at org.springframework.security.web.access.ExceptionTranslationFilter.doFilter(ExceptionTranslationFilter.java:119)
	at org.springframework.security.web.ObservationFilterChainDecorator$ObservationFilter.wrapFilter(ObservationFilterChainDecorator.java:241)
	at org.springframework.security.web.ObservationFilterChainDecorator$ObservationFilter.doFilter(ObservationFilterChainDecorator.java:228)
	at org.springframework.security.web.ObservationFilterChainDecorator$VirtualFilterChain.doFilter(ObservationFilterChainDecorator.java:138)
	at org.springframework.security.web.session.SessionManagementFilter.doFilter(SessionManagementFilter.java:131)
	at org.springframework.security.web.session.SessionManagementFilter.doFilter(SessionManagementFilter.java:85)
	at org.springframework.security.web.ObservationFilterChainDecorator$ObservationFilter.wrapFilter(ObservationFilterChainDecorator.java:241)
	at org.springframework.security.web.ObservationFilterChainDecorator$ObservationFilter.doFilter(ObservationFilterChainDecorator.java:228)
	at org.springframework.security.web.ObservationFilterChainDecorator$VirtualFilterChain.doFilter(ObservationFilterChainDecorator.java:138)
	at org.springframework.security.web.authentication.AnonymousAuthenticationFilter.doFilter(AnonymousAuthenticationFilter.java:100)
	at org.springframework.security.web.ObservationFilterChainDecorator$ObservationFilter.wrapFilter(ObservationFilterChainDecorator.java:241)
	at org.springframework.security.web.ObservationFilterChainDecorator$ObservationFilter.doFilter(ObservationFilterChainDecorator.java:228)
	at org.springframework.security.web.ObservationFilterChainDecorator$VirtualFilterChain.doFilter(ObservationFilterChainDecorator.java:138)
	at org.springframework.security.web.servletapi.SecurityContextHolderAwareRequestFilter.doFilter(SecurityContextHolderAwareRequestFilter.java:179)
	at org.springframework.security.web.ObservationFilterChainDecorator$ObservationFilter.wrapFilter(ObservationFilterChainDecorator.java:241)
	at org.springframework.security.web.ObservationFilterChainDecorator$ObservationFilter.doFilter(ObservationFilterChainDecorator.java:228)
	at org.springframework.security.web.ObservationFilterChainDecorator$VirtualFilterChain.doFilter(ObservationFilterChainDecorator.java:138)
	at org.springframework.security.web.savedrequest.RequestCacheAwareFilter.doFilter(RequestCacheAwareFilter.java:63)
	at org.springframework.security.web.ObservationFilterChainDecorator$ObservationFilter.wrapFilter(ObservationFilterChainDecorator.java:241)
	at org.springframework.security.web.ObservationFilterChainDecorator$ObservationFilter.doFilter(ObservationFilterChainDecorator.java:228)
	at org.springframework.security.web.ObservationFilterChainDecorator$VirtualFilterChain.doFilter(ObservationFilterChainDecorator.java:138)
	at com.aetheris.rag.config.SecurityConfig$JwtAuthenticationFilter.doFilterInternal(SecurityConfig.java:141)
	at org.springframework.web.filter.OncePerRequestFilter.doFilter(OncePerRequestFilter.java:116)
	at org.springframework.security.web.ObservationFilterChainDecorator$ObservationFilter.wrapFilter(ObservationFilterChainDecorator.java:241)
	at org.springframework.security.web.ObservationFilterChainDecorator$ObservationFilter.doFilter(ObservationFilterChainDecorator.java:228)
	at org.springframework.security.web.ObservationFilterChainDecorator$VirtualFilterChain.doFilter(ObservationFilterChainDecorator.java:138)
	at org.springframework.security.web.authentication.logout.LogoutFilter.doFilter(LogoutFilter.java:107)
	at org.springframework.security.web.authentication.logout.LogoutFilter.doFilter(LogoutFilter.java:93)
	at org.springframework.security.web.ObservationFilterChainDecorator$ObservationFilter.wrapFilter(ObservationFilterChainDecorator.java:241)
	at org.springframework.security.web.ObservationFilterChainDecorator$ObservationFilter.doFilter(ObservationFilterChainDecorator.java:228)
	at org.springframework.security.web.ObservationFilterChainDecorator$VirtualFilterChain.doFilter(ObservationFilterChainDecorator.java:138)
	at org.springframework.web.filter.CorsFilter.doFilterInternal(CorsFilter.java:91)
	at org.springframework.web.filter.OncePerRequestFilter.doFilter(OncePerRequestFilter.java:116)
	at org.springframework.security.web.ObservationFilterChainDecorator$ObservationFilter.wrapFilter(ObservationFilterChainDecorator.java:241)
	at org.springframework.security.web.ObservationFilterChainDecorator$ObservationFilter.doFilter(ObservationFilterChainDecorator.java:228)
	at org.springframework.security.web.ObservationFilterChainDecorator$VirtualFilterChain.doFilter(ObservationFilterChainDecorator.java:138)
	at org.springframework.security.web.header.HeaderWriterFilter.doHeadersAfter(HeaderWriterFilter.java:90)
	at org.springframework.security.web.header.HeaderWriterFilter.doFilterInternal(HeaderWriterFilter.java:75)
	at org.springframework.web.filter.OncePerRequestFilter.doFilter(OncePerRequestFilter.java:116)
	at org.springframework.security.web.ObservationFilterChainDecorator$ObservationFilter.wrapFilter(ObservationFilterChainDecorator.java:241)
	at org.springframework.security.web.ObservationFilterChainDecorator$ObservationFilter.doFilter(ObservationFilterChainDecorator.java:228)
	at org.springframework.security.web.ObservationFilterChainDecorator$VirtualFilterChain.doFilter(ObservationFilterChainDecorator.java:138)
	at org.springframework.security.web.context.SecurityContextHolderFilter.doFilter(SecurityContextHolderFilter.java:82)
	at org.springframework.security.web.context.SecurityContextHolderFilter.doFilter(SecurityContextHolderFilter.java:69)
	at org.springframework.security.web.ObservationFilterChainDecorator$ObservationFilter.wrapFilter(ObservationFilterChainDecorator.java:241)
	at org.springframework.security.web.ObservationFilterChainDecorator$ObservationFilter.doFilter(ObservationFilterChainDecorator.java:228)
	at org.springframework.security.web.ObservationFilterChainDecorator$VirtualFilterChain.doFilter(ObservationFilterChainDecorator.java:138)
	at org.springframework.security.web.context.request.async.WebAsyncManagerIntegrationFilter.doFilterInternal(WebAsyncManagerIntegrationFilter.java:62)
	at org.springframework.web.filter.OncePerRequestFilter.doFilter(OncePerRequestFilter.java:116)
	at org.springframework.security.web.ObservationFilterChainDecorator$ObservationFilter.wrapFilter(ObservationFilterChainDecorator.java:241)
	at org.springframework.security.web.ObservationFilterChainDecorator$ObservationFilter.doFilter(ObservationFilterChainDecorator.java:228)
	at org.springframework.security.web.ObservationFilterChainDecorator$VirtualFilterChain.doFilter(ObservationFilterChainDecorator.java:138)
	at org.springframework.security.web.session.DisableEncodeUrlFilter.doFilterInternal(DisableEncodeUrlFilter.java:42)
	at org.springframework.web.filter.OncePerRequestFilter.doFilter(OncePerRequestFilter.java:116)
	at org.springframework.security.web.ObservationFilterChainDecorator$ObservationFilter.wrapFilter(ObservationFilterChainDecorator.java:241)
	at org.springframework.security.web.ObservationFilterChainDecorator$AroundFilterObservation$SimpleAroundFilterObservation.lambda$wrap$0(ObservationFilterChainDecorator.java:334)
	at org.springframework.security.web.ObservationFilterChainDecorator$ObservationFilter.doFilter(ObservationFilterChainDecorator.java:225)
	at org.springframework.security.web.ObservationFilterChainDecorator$VirtualFilterChain.doFilter(ObservationFilterChainDecorator.java:138)
	at org.springframework.security.web.FilterChainProxy.doFilterInternal(FilterChainProxy.java:233)
	at org.springframework.security.web.FilterChainProxy.doFilter(FilterChainProxy.java:191)
	at org.springframework.web.filter.CompositeFilter$VirtualFilterChain.doFilter(CompositeFilter.java:113)
	at org.springframework.web.filter.ServletRequestPathFilter.doFilter(ServletRequestPathFilter.java:52)
	at org.springframework.web.filter.CompositeFilter$VirtualFilterChain.doFilter(CompositeFilter.java:113)
	at org.springframework.web.filter.CompositeFilter.doFilter(CompositeFilter.java:74)
	at org.springframework.security.config.annotation.web.configuration.WebSecurityConfiguration$CompositeFilterChainProxy.doFilter(WebSecurityConfiguration.java:319)
	at org.springframework.web.filter.CompositeFilter$VirtualFilterChain.doFilter(CompositeFilter.java:113)
	at org.springframework.web.servlet.handler.HandlerMappingIntrospector.lambda$createCacheFilter$4(HandlerMappingIntrospector.java:267)
	at org.springframework.web.filter.CompositeFilter$VirtualFilterChain.doFilter(CompositeFilter.java:113)
	at org.springframework.web.filter.CompositeFilter.doFilter(CompositeFilter.java:74)
	at org.springframework.security.config.annotation.web.configuration.WebMvcSecurityConfiguration$CompositeFilterChainProxy.doFilter(WebMvcSecurityConfiguration.java:240)
	at org.springframework.web.filter.DelegatingFilterProxy.invokeDelegate(DelegatingFilterProxy.java:362)
	at org.springframework.web.filter.DelegatingFilterProxy.doFilter(DelegatingFilterProxy.java:278)
	at org.apache.catalina.core.ApplicationFilterChain.internalDoFilter(ApplicationFilterChain.java:162)
	at org.apache.catalina.core.ApplicationFilterChain.doFilter(ApplicationFilterChain.java:138)
	at org.springframework.web.filter.RequestContextFilter.doFilterInternal(RequestContextFilter.java:100)
	at org.springframework.web.filter.OncePerRequestFilter.doFilter(OncePerRequestFilter.java:116)
	at org.apache.catalina.core.ApplicationFilterChain.internalDoFilter(ApplicationFilterChain.java:162)
	at org.apache.catalina.core.ApplicationFilterChain.doFilter(ApplicationFilterChain.java:138)
	at org.springframework.web.filter.FormContentFilter.doFilterInternal(FormContentFilter.java:93)
	at org.springframework.web.filter.OncePerRequestFilter.doFilter(OncePerRequestFilter.java:116)
	at org.apache.catalina.core.ApplicationFilterChain.internalDoFilter(ApplicationFilterChain.java:162)
	at org.apache.catalina.core.ApplicationFilterChain.doFilter(ApplicationFilterChain.java:138)
	at org.springframework.web.filter.ServerHttpObservationFilter.doFilterInternal(ServerHttpObservationFilter.java:110)
	at org.springframework.web.filter.OncePerRequestFilter.doFilter(OncePerRequestFilter.java:116)
	at org.apache.catalina.core.ApplicationFilterChain.internalDoFilter(ApplicationFilterChain.java:162)
	at org.apache.catalina.core.ApplicationFilterChain.doFilter(ApplicationFilterChain.java:138)
	at org.springframework.web.filter.CharacterEncodingFilter.doFilterInternal(CharacterEncodingFilter.java:201)
	at org.springframework.web.filter.OncePerRequestFilter.doFilter(OncePerRequestFilter.java:116)
	at org.apache.catalina.core.ApplicationFilterChain.internalDoFilter(ApplicationFilterChain.java:162)
	at org.apache.catalina.core.ApplicationFilterChain.doFilter(ApplicationFilterChain.java:138)
	at org.apache.catalina.core.StandardWrapperValve.invoke(StandardWrapperValve.java:165)
	at org.apache.catalina.core.StandardContextValve.invoke(StandardContextValve.java:88)
	at org.apache.catalina.authenticator.AuthenticatorBase.invoke(AuthenticatorBase.java:482)
	at org.apache.catalina.core.StandardHostValve.invoke(StandardHostValve.java:113)
	at org.apache.catalina.valves.ErrorReportValve.invoke(ErrorReportValve.java:83)
	at org.apache.catalina.core.StandardEngineValve.invoke(StandardEngineValve.java:72)
	at org.apache.catalina.connector.CoyoteAdapter.service(CoyoteAdapter.java:342)
	at org.apache.coyote.http11.Http11Processor.service(Http11Processor.java:399)
	at org.apache.coyote.AbstractProcessorLight.process(AbstractProcessorLight.java:63)
	at org.apache.coyote.AbstractProtocol$ConnectionHandler.process(AbstractProtocol.java:903)
	at org.apache.tomcat.util.net.NioEndpoint$SocketProcessor.doRun(NioEndpoint.java:1774)
	at org.apache.tomcat.util.net.SocketProcessorBase.run(SocketProcessorBase.java:52)
	at java.base/java.lang.VirtualThread.run(VirtualThread.java:329)
Caused by: dev.langchain4j.exception.HttpException: {"error":{"code":"1113","message":"余额不足或无可用资源包,请充值。"}}
	at dev.langchain4j.http.client.jdk.JdkHttpClient.execute(JdkHttpClient.java:53)
	at dev.langchain4j.http.client.log.LoggingHttpClient.execute(LoggingHttpClient.java:49)
	at dev.langchain4j.community.model.zhipu.ZhipuAiClient.embedAll(ZhipuAiClient.java:102)
	... 160 common frames omitted
2026-03-27 21:20:27.421 [tomcat-handler-56] INFO  d.l.h.client.log.LoggingHttpClient - HTTP request:
- method: POST
- url: https://open.bigmodel.cn/api/paas/v4/embeddings
- headers: [Authorization: Beare...Og], [Content-Type: application/json]
- body: {
  "input" : "什么是机器学习",
  "model" : "embedding-3"
}

2026-03-27 21:20:27.499 [tomcat-handler-56] ERROR d.l.c.model.zhipu.ZhipuAiClient - Error response: status code: 429; body: {"error":{"code":"1113","message":"余额不足或无可用资源包,请充值。"}}
2026-03-27 21:20:27.500 [tomcat-handler-56] WARN  dev.langchain4j.internal.RetryUtils - A retriable exception occurred. Remaining retries: 2 of 3
java.lang.RuntimeException: dev.langchain4j.exception.HttpException: {"error":{"code":"1113","message":"余额不足或无可用资源包,请充值。"}}
	at dev.langchain4j.community.model.zhipu.ZhipuAiClient.embedAll(ZhipuAiClient.java:106)
	at dev.langchain4j.community.model.zhipu.ZhipuAiEmbeddingModel.lambda$embedAll$1(ZhipuAiEmbeddingModel.java:70)
	at dev.langchain4j.internal.RetryUtils$RetryPolicy.withRetry(RetryUtils.java:204)
	at dev.langchain4j.internal.RetryUtils.withRetry(RetryUtils.java:259)
	at dev.langchain4j.community.model.zhipu.ZhipuAiEmbeddingModel.lambda$embedAll$2(ZhipuAiEmbeddingModel.java:70)
	at java.base/java.util.stream.ReferencePipeline$3$1.accept(ReferencePipeline.java:197)
	at java.base/java.util.stream.ReferencePipeline$3$1.accept(ReferencePipeline.java:197)
	at java.base/java.util.AbstractList$RandomAccessSpliterator.forEachRemaining(AbstractList.java:722)
	at java.base/java.util.stream.AbstractPipeline.copyInto(AbstractPipeline.java:509)
	at java.base/java.util.stream.AbstractPipeline.wrapAndCopyInto(AbstractPipeline.java:499)
	at java.base/java.util.stream.ReduceOps$ReduceOp.evaluateSequential(ReduceOps.java:921)
	at java.base/java.util.stream.AbstractPipeline.evaluate(AbstractPipeline.java:234)
	at java.base/java.util.stream.ReferencePipeline.collect(ReferencePipeline.java:682)
	at dev.langchain4j.community.model.zhipu.ZhipuAiEmbeddingModel.embedAll(ZhipuAiEmbeddingModel.java:71)
	at com.aetheris.rag.gateway.EmbeddingGateway.lambda$embed$0(EmbeddingGateway.java:123)
	at com.aetheris.rag.gateway.retry.ModelRetryStrategy.executeWithRetry(ModelRetryStrategy.java:106)
	at com.aetheris.rag.gateway.EmbeddingGateway.embed(EmbeddingGateway.java:119)
	at com.aetheris.rag.service.impl.SearchServiceImpl.search(SearchServiceImpl.java:101)
	at com.aetheris.rag.service.impl.SearchServiceImpl.searchAggregated(SearchServiceImpl.java:492)
	at com.aetheris.rag.service.impl.RagServiceImpl.ask(RagServiceImpl.java:76)
	at java.base/jdk.internal.reflect.DirectMethodHandleAccessor.invoke(DirectMethodHandleAccessor.java:103)
	at java.base/java.lang.reflect.Method.invoke(Method.java:580)
	at org.springframework.aop.support.AopUtils.invokeJoinpointUsingReflection(AopUtils.java:360)
	at org.springframework.aop.framework.JdkDynamicAopProxy.invoke(JdkDynamicAopProxy.java:216)
	at jdk.proxy2/jdk.proxy2.$Proxy135.ask(Unknown Source)
	at com.aetheris.rag.controller.ChatController.ask(ChatController.java:76)
	at java.base/jdk.internal.reflect.DirectMethodHandleAccessor.invoke(DirectMethodHandleAccessor.java:103)
	at java.base/java.lang.reflect.Method.invoke(Method.java:580)
	at org.springframework.web.method.support.InvocableHandlerMethod.doInvoke(InvocableHandlerMethod.java:258)
	at org.springframework.web.method.support.InvocableHandlerMethod.invokeForRequest(InvocableHandlerMethod.java:191)
	at org.springframework.web.servlet.mvc.method.annotation.ServletInvocableHandlerMethod.invokeAndHandle(ServletInvocableHandlerMethod.java:118)
	at org.springframework.web.servlet.mvc.method.annotation.RequestMappingHandlerAdapter.invokeHandlerMethod(RequestMappingHandlerAdapter.java:991)
	at org.springframework.web.servlet.mvc.method.annotation.RequestMappingHandlerAdapter.handleInternal(RequestMappingHandlerAdapter.java:896)
	at org.springframework.web.servlet.mvc.method.AbstractHandlerMethodAdapter.handle(AbstractHandlerMethodAdapter.java:87)
	at org.springframework.web.servlet.DispatcherServlet.doDispatch(DispatcherServlet.java:1089)
	at org.springframework.web.servlet.DispatcherServlet.doService(DispatcherServlet.java:979)
	at org.springframework.web.servlet.FrameworkServlet.processRequest(FrameworkServlet.java:1014)
	at org.springframework.web.servlet.FrameworkServlet.doPost(FrameworkServlet.java:914)
	at jakarta.servlet.http.HttpServlet.service(HttpServlet.java:590)
	at org.springframework.web.servlet.FrameworkServlet.service(FrameworkServlet.java:885)
	at jakarta.servlet.http.HttpServlet.service(HttpServlet.java:658)
	at org.apache.catalina.core.ApplicationFilterChain.internalDoFilter(ApplicationFilterChain.java:193)
	at org.apache.catalina.core.ApplicationFilterChain.doFilter(ApplicationFilterChain.java:138)
	at org.apache.tomcat.websocket.server.WsFilter.doFilter(WsFilter.java:51)
	at org.apache.catalina.core.ApplicationFilterChain.internalDoFilter(ApplicationFilterChain.java:162)
	at org.apache.catalina.core.ApplicationFilterChain.doFilter(ApplicationFilterChain.java:138)
	at org.springframework.web.filter.CompositeFilter$VirtualFilterChain.doFilter(CompositeFilter.java:108)
	at org.springframework.web.filter.CompositeFilter$VirtualFilterChain.doFilter(CompositeFilter.java:108)
	at org.springframework.security.web.FilterChainProxy.lambda$doFilterInternal$3(FilterChainProxy.java:231)
	at org.springframework.security.web.ObservationFilterChainDecorator$FilterObservation$SimpleFilterObservation.lambda$wrap$1(ObservationFilterChainDecorator.java:490)
	at org.springframework.security.web.ObservationFilterChainDecorator$AroundFilterObservation$SimpleAroundFilterObservation.lambda$wrap$1(ObservationFilterChainDecorator.java:351)
	at org.springframework.security.web.ObservationFilterChainDecorator.lambda$wrapSecured$0(ObservationFilterChainDecorator.java:83)
	at org.springframework.security.web.ObservationFilterChainDecorator$VirtualFilterChain.doFilter(ObservationFilterChainDecorator.java:129)
	at org.springframework.security.web.access.intercept.AuthorizationFilter.doFilter(AuthorizationFilter.java:101)
	at org.springframework.security.web.ObservationFilterChainDecorator$ObservationFilter.wrapFilter(ObservationFilterChainDecorator.java:241)
	at org.springframework.security.web.ObservationFilterChainDecorator$ObservationFilter.doFilter(ObservationFilterChainDecorator.java:228)
	at org.springframework.security.web.ObservationFilterChainDecorator$VirtualFilterChain.doFilter(ObservationFilterChainDecorator.java:138)
	at org.springframework.security.web.access.ExceptionTranslationFilter.doFilter(ExceptionTranslationFilter.java:125)
	at org.springframework.security.web.access.ExceptionTranslationFilter.doFilter(ExceptionTranslationFilter.java:119)
	at org.springframework.security.web.ObservationFilterChainDecorator$ObservationFilter.wrapFilter(ObservationFilterChainDecorator.java:241)
	at org.springframework.security.web.ObservationFilterChainDecorator$ObservationFilter.doFilter(ObservationFilterChainDecorator.java:228)
	at org.springframework.security.web.ObservationFilterChainDecorator$VirtualFilterChain.doFilter(ObservationFilterChainDecorator.java:138)
	at org.springframework.security.web.session.SessionManagementFilter.doFilter(SessionManagementFilter.java:131)
	at org.springframework.security.web.session.SessionManagementFilter.doFilter(SessionManagementFilter.java:85)
	at org.springframework.security.web.ObservationFilterChainDecorator$ObservationFilter.wrapFilter(ObservationFilterChainDecorator.java:241)
	at org.springframework.security.web.ObservationFilterChainDecorator$ObservationFilter.doFilter(ObservationFilterChainDecorator.java:228)
	at org.springframework.security.web.ObservationFilterChainDecorator$VirtualFilterChain.doFilter(ObservationFilterChainDecorator.java:138)
	at org.springframework.security.web.authentication.AnonymousAuthenticationFilter.doFilter(AnonymousAuthenticationFilter.java:100)
	at org.springframework.security.web.ObservationFilterChainDecorator$ObservationFilter.wrapFilter(ObservationFilterChainDecorator.java:241)
	at org.springframework.security.web.ObservationFilterChainDecorator$ObservationFilter.doFilter(ObservationFilterChainDecorator.java:228)
	at org.springframework.security.web.ObservationFilterChainDecorator$VirtualFilterChain.doFilter(ObservationFilterChainDecorator.java:138)
	at org.springframework.security.web.servletapi.SecurityContextHolderAwareRequestFilter.doFilter(SecurityContextHolderAwareRequestFilter.java:179)
	at org.springframework.security.web.ObservationFilterChainDecorator$ObservationFilter.wrapFilter(ObservationFilterChainDecorator.java:241)
	at org.springframework.security.web.ObservationFilterChainDecorator$ObservationFilter.doFilter(ObservationFilterChainDecorator.java:228)
	at org.springframework.security.web.ObservationFilterChainDecorator$VirtualFilterChain.doFilter(ObservationFilterChainDecorator.java:138)
	at org.springframework.security.web.savedrequest.RequestCacheAwareFilter.doFilter(RequestCacheAwareFilter.java:63)
	at org.springframework.security.web.ObservationFilterChainDecorator$ObservationFilter.wrapFilter(ObservationFilterChainDecorator.java:241)
	at org.springframework.security.web.ObservationFilterChainDecorator$ObservationFilter.doFilter(ObservationFilterChainDecorator.java:228)
	at org.springframework.security.web.ObservationFilterChainDecorator$VirtualFilterChain.doFilter(ObservationFilterChainDecorator.java:138)
	at com.aetheris.rag.config.SecurityConfig$JwtAuthenticationFilter.doFilterInternal(SecurityConfig.java:141)
	at org.springframework.web.filter.OncePerRequestFilter.doFilter(OncePerRequestFilter.java:116)
	at org.springframework.security.web.ObservationFilterChainDecorator$ObservationFilter.wrapFilter(ObservationFilterChainDecorator.java:241)
	at org.springframework.security.web.ObservationFilterChainDecorator$ObservationFilter.doFilter(ObservationFilterChainDecorator.java:228)
	at org.springframework.security.web.ObservationFilterChainDecorator$VirtualFilterChain.doFilter(ObservationFilterChainDecorator.java:138)
	at org.springframework.security.web.authentication.logout.LogoutFilter.doFilter(LogoutFilter.java:107)
	at org.springframework.security.web.authentication.logout.LogoutFilter.doFilter(LogoutFilter.java:93)
	at org.springframework.security.web.ObservationFilterChainDecorator$ObservationFilter.wrapFilter(ObservationFilterChainDecorator.java:241)
	at org.springframework.security.web.ObservationFilterChainDecorator$ObservationFilter.doFilter(ObservationFilterChainDecorator.java:228)
	at org.springframework.security.web.ObservationFilterChainDecorator$VirtualFilterChain.doFilter(ObservationFilterChainDecorator.java:138)
	at org.springframework.web.filter.CorsFilter.doFilterInternal(CorsFilter.java:91)
	at org.springframework.web.filter.OncePerRequestFilter.doFilter(OncePerRequestFilter.java:116)
	at org.springframework.security.web.ObservationFilterChainDecorator$ObservationFilter.wrapFilter(ObservationFilterChainDecorator.java:241)
	at org.springframework.security.web.ObservationFilterChainDecorator$ObservationFilter.doFilter(ObservationFilterChainDecorator.java:228)
	at org.springframework.security.web.ObservationFilterChainDecorator$VirtualFilterChain.doFilter(ObservationFilterChainDecorator.java:138)
	at org.springframework.security.web.header.HeaderWriterFilter.doHeadersAfter(HeaderWriterFilter.java:90)
	at org.springframework.security.web.header.HeaderWriterFilter.doFilterInternal(HeaderWriterFilter.java:75)
	at org.springframework.web.filter.OncePerRequestFilter.doFilter(OncePerRequestFilter.java:116)
	at org.springframework.security.web.ObservationFilterChainDecorator$ObservationFilter.wrapFilter(ObservationFilterChainDecorator.java:241)
	at org.springframework.security.web.ObservationFilterChainDecorator$ObservationFilter.doFilter(ObservationFilterChainDecorator.java:228)
	at org.springframework.security.web.ObservationFilterChainDecorator$VirtualFilterChain.doFilter(ObservationFilterChainDecorator.java:138)
	at org.springframework.security.web.context.SecurityContextHolderFilter.doFilter(SecurityContextHolderFilter.java:82)
	at org.springframework.security.web.context.SecurityContextHolderFilter.doFilter(SecurityContextHolderFilter.java:69)
	at org.springframework.security.web.ObservationFilterChainDecorator$ObservationFilter.wrapFilter(ObservationFilterChainDecorator.java:241)
	at org.springframework.security.web.ObservationFilterChainDecorator$ObservationFilter.doFilter(ObservationFilterChainDecorator.java:228)
	at org.springframework.security.web.ObservationFilterChainDecorator$VirtualFilterChain.doFilter(ObservationFilterChainDecorator.java:138)
	at org.springframework.security.web.context.request.async.WebAsyncManagerIntegrationFilter.doFilterInternal(WebAsyncManagerIntegrationFilter.java:62)
	at org.springframework.web.filter.OncePerRequestFilter.doFilter(OncePerRequestFilter.java:116)
	at org.springframework.security.web.ObservationFilterChainDecorator$ObservationFilter.wrapFilter(ObservationFilterChainDecorator.java:241)
	at org.springframework.security.web.ObservationFilterChainDecorator$ObservationFilter.doFilter(ObservationFilterChainDecorator.java:228)
	at org.springframework.security.web.ObservationFilterChainDecorator$VirtualFilterChain.doFilter(ObservationFilterChainDecorator.java:138)
	at org.springframework.security.web.session.DisableEncodeUrlFilter.doFilterInternal(DisableEncodeUrlFilter.java:42)
	at org.springframework.web.filter.OncePerRequestFilter.doFilter(OncePerRequestFilter.java:116)
	at org.springframework.security.web.ObservationFilterChainDecorator$ObservationFilter.wrapFilter(ObservationFilterChainDecorator.java:241)
	at org.springframework.security.web.ObservationFilterChainDecorator$AroundFilterObservation$SimpleAroundFilterObservation.lambda$wrap$0(ObservationFilterChainDecorator.java:334)
	at org.springframework.security.web.ObservationFilterChainDecorator$ObservationFilter.doFilter(ObservationFilterChainDecorator.java:225)
	at org.springframework.security.web.ObservationFilterChainDecorator$VirtualFilterChain.doFilter(ObservationFilterChainDecorator.java:138)
	at org.springframework.security.web.FilterChainProxy.doFilterInternal(FilterChainProxy.java:233)
	at org.springframework.security.web.FilterChainProxy.doFilter(FilterChainProxy.java:191)
	at org.springframework.web.filter.CompositeFilter$VirtualFilterChain.doFilter(CompositeFilter.java:113)
	at org.springframework.web.filter.ServletRequestPathFilter.doFilter(ServletRequestPathFilter.java:52)
	at org.springframework.web.filter.CompositeFilter$VirtualFilterChain.doFilter(CompositeFilter.java:113)
	at org.springframework.web.filter.CompositeFilter.doFilter(CompositeFilter.java:74)
	at org.springframework.security.config.annotation.web.configuration.WebSecurityConfiguration$CompositeFilterChainProxy.doFilter(WebSecurityConfiguration.java:319)
	at org.springframework.web.filter.CompositeFilter$VirtualFilterChain.doFilter(CompositeFilter.java:113)
	at org.springframework.web.servlet.handler.HandlerMappingIntrospector.lambda$createCacheFilter$4(HandlerMappingIntrospector.java:267)
	at org.springframework.web.filter.CompositeFilter$VirtualFilterChain.doFilter(CompositeFilter.java:113)
	at org.springframework.web.filter.CompositeFilter.doFilter(CompositeFilter.java:74)
	at org.springframework.security.config.annotation.web.configuration.WebMvcSecurityConfiguration$CompositeFilterChainProxy.doFilter(WebMvcSecurityConfiguration.java:240)
	at org.springframework.web.filter.DelegatingFilterProxy.invokeDelegate(DelegatingFilterProxy.java:362)
	at org.springframework.web.filter.DelegatingFilterProxy.doFilter(DelegatingFilterProxy.java:278)
	at org.apache.catalina.core.ApplicationFilterChain.internalDoFilter(ApplicationFilterChain.java:162)
	at org.apache.catalina.core.ApplicationFilterChain.doFilter(ApplicationFilterChain.java:138)
	at org.springframework.web.filter.RequestContextFilter.doFilterInternal(RequestContextFilter.java:100)
	at org.springframework.web.filter.OncePerRequestFilter.doFilter(OncePerRequestFilter.java:116)
	at org.apache.catalina.core.ApplicationFilterChain.internalDoFilter(ApplicationFilterChain.java:162)
	at org.apache.catalina.core.ApplicationFilterChain.doFilter(ApplicationFilterChain.java:138)
	at org.springframework.web.filter.FormContentFilter.doFilterInternal(FormContentFilter.java:93)
	at org.springframework.web.filter.OncePerRequestFilter.doFilter(OncePerRequestFilter.java:116)
	at org.apache.catalina.core.ApplicationFilterChain.internalDoFilter(ApplicationFilterChain.java:162)
	at org.apache.catalina.core.ApplicationFilterChain.doFilter(ApplicationFilterChain.java:138)
	at org.springframework.web.filter.ServerHttpObservationFilter.doFilterInternal(ServerHttpObservationFilter.java:110)
	at org.springframework.web.filter.OncePerRequestFilter.doFilter(OncePerRequestFilter.java:116)
	at org.apache.catalina.core.ApplicationFilterChain.internalDoFilter(ApplicationFilterChain.java:162)
	at org.apache.catalina.core.ApplicationFilterChain.doFilter(ApplicationFilterChain.java:138)
	at org.springframework.web.filter.CharacterEncodingFilter.doFilterInternal(CharacterEncodingFilter.java:201)
	at org.springframework.web.filter.OncePerRequestFilter.doFilter(OncePerRequestFilter.java:116)
	at org.apache.catalina.core.ApplicationFilterChain.internalDoFilter(ApplicationFilterChain.java:162)
	at org.apache.catalina.core.ApplicationFilterChain.doFilter(ApplicationFilterChain.java:138)
	at org.apache.catalina.core.StandardWrapperValve.invoke(StandardWrapperValve.java:165)
	at org.apache.catalina.core.StandardContextValve.invoke(StandardContextValve.java:88)
	at org.apache.catalina.authenticator.AuthenticatorBase.invoke(AuthenticatorBase.java:482)
	at org.apache.catalina.core.StandardHostValve.invoke(StandardHostValve.java:113)
	at org.apache.catalina.valves.ErrorReportValve.invoke(ErrorReportValve.java:83)
	at org.apache.catalina.core.StandardEngineValve.invoke(StandardEngineValve.java:72)
	at org.apache.catalina.connector.CoyoteAdapter.service(CoyoteAdapter.java:342)
	at org.apache.coyote.http11.Http11Processor.service(Http11Processor.java:399)
	at org.apache.coyote.AbstractProcessorLight.process(AbstractProcessorLight.java:63)
	at org.apache.coyote.AbstractProtocol$ConnectionHandler.process(AbstractProtocol.java:903)
	at org.apache.tomcat.util.net.NioEndpoint$SocketProcessor.doRun(NioEndpoint.java:1774)
	at org.apache.tomcat.util.net.SocketProcessorBase.run(SocketProcessorBase.java:52)
	at java.base/java.lang.VirtualThread.run(VirtualThread.java:329)
Caused by: dev.langchain4j.exception.HttpException: {"error":{"code":"1113","message":"余额不足或无可用资源包,请充值。"}}
	at dev.langchain4j.http.client.jdk.JdkHttpClient.execute(JdkHttpClient.java:53)
	at dev.langchain4j.http.client.log.LoggingHttpClient.execute(LoggingHttpClient.java:49)
	at dev.langchain4j.community.model.zhipu.ZhipuAiClient.embedAll(ZhipuAiClient.java:102)
	... 160 common frames omitted
2026-03-27 21:20:28.271 [tomcat-handler-56] INFO  d.l.h.client.log.LoggingHttpClient - HTTP request:
- method: POST
- url: https://open.bigmodel.cn/api/paas/v4/embeddings
- headers: [Authorization: Beare...Aw], [Content-Type: application/json]
- body: {
  "input" : "什么是机器学习",
  "model" : "embedding-3"
}

2026-03-27 21:20:28.356 [tomcat-handler-56] ERROR d.l.c.model.zhipu.ZhipuAiClient - Error response: status code: 429; body: {"error":{"code":"1113","message":"余额不足或无可用资源包,请充值。"}}
2026-03-27 21:20:28.357 [tomcat-handler-56] WARN  dev.langchain4j.internal.RetryUtils - A retriable exception occurred. Remaining retries: 1 of 3
java.lang.RuntimeException: dev.langchain4j.exception.HttpException: {"error":{"code":"1113","message":"余额不足或无可用资源包,请充值。"}}
	at dev.langchain4j.community.model.zhipu.ZhipuAiClient.embedAll(ZhipuAiClient.java:106)
	at dev.langchain4j.community.model.zhipu.ZhipuAiEmbeddingModel.lambda$embedAll$1(ZhipuAiEmbeddingModel.java:70)
	at dev.langchain4j.internal.RetryUtils$RetryPolicy.withRetry(RetryUtils.java:204)
	at dev.langchain4j.internal.RetryUtils.withRetry(RetryUtils.java:259)
	at dev.langchain4j.community.model.zhipu.ZhipuAiEmbeddingModel.lambda$embedAll$2(ZhipuAiEmbeddingModel.java:70)
	at java.base/java.util.stream.ReferencePipeline$3$1.accept(ReferencePipeline.java:197)
	at java.base/java.util.stream.ReferencePipeline$3$1.accept(ReferencePipeline.java:197)
	at java.base/java.util.AbstractList$RandomAccessSpliterator.forEachRemaining(AbstractList.java:722)
	at java.base/java.util.stream.AbstractPipeline.copyInto(AbstractPipeline.java:509)
	at java.base/java.util.stream.AbstractPipeline.wrapAndCopyInto(AbstractPipeline.java:499)
	at java.base/java.util.stream.ReduceOps$ReduceOp.evaluateSequential(ReduceOps.java:921)
	at java.base/java.util.stream.AbstractPipeline.evaluate(AbstractPipeline.java:234)
	at java.base/java.util.stream.ReferencePipeline.collect(ReferencePipeline.java:682)
	at dev.langchain4j.community.model.zhipu.ZhipuAiEmbeddingModel.embedAll(ZhipuAiEmbeddingModel.java:71)
	at com.aetheris.rag.gateway.EmbeddingGateway.lambda$embed$0(EmbeddingGateway.java:123)
	at com.aetheris.rag.gateway.retry.ModelRetryStrategy.executeWithRetry(ModelRetryStrategy.java:106)
	at com.aetheris.rag.gateway.EmbeddingGateway.embed(EmbeddingGateway.java:119)
	at com.aetheris.rag.service.impl.SearchServiceImpl.search(SearchServiceImpl.java:101)
	at com.aetheris.rag.service.impl.SearchServiceImpl.searchAggregated(SearchServiceImpl.java:492)
	at com.aetheris.rag.service.impl.RagServiceImpl.ask(RagServiceImpl.java:76)
	at java.base/jdk.internal.reflect.DirectMethodHandleAccessor.invoke(DirectMethodHandleAccessor.java:103)
	at java.base/java.lang.reflect.Method.invoke(Method.java:580)
	at org.springframework.aop.support.AopUtils.invokeJoinpointUsingReflection(AopUtils.java:360)
	at org.springframework.aop.framework.JdkDynamicAopProxy.invoke(JdkDynamicAopProxy.java:216)
	at jdk.proxy2/jdk.proxy2.$Proxy135.ask(Unknown Source)
	at com.aetheris.rag.controller.ChatController.ask(ChatController.java:76)
	at java.base/jdk.internal.reflect.DirectMethodHandleAccessor.invoke(DirectMethodHandleAccessor.java:103)
	at java.base/java.lang.reflect.Method.invoke(Method.java:580)
	at org.springframework.web.method.support.InvocableHandlerMethod.doInvoke(InvocableHandlerMethod.java:258)
	at org.springframework.web.method.support.InvocableHandlerMethod.invokeForRequest(InvocableHandlerMethod.java:191)
	at org.springframework.web.servlet.mvc.method.annotation.ServletInvocableHandlerMethod.invokeAndHandle(ServletInvocableHandlerMethod.java:118)
	at org.springframework.web.servlet.mvc.method.annotation.RequestMappingHandlerAdapter.invokeHandlerMethod(RequestMappingHandlerAdapter.java:991)
	at org.springframework.web.servlet.mvc.method.annotation.RequestMappingHandlerAdapter.handleInternal(RequestMappingHandlerAdapter.java:896)
	at org.springframework.web.servlet.mvc.method.AbstractHandlerMethodAdapter.handle(AbstractHandlerMethodAdapter.java:87)
	at org.springframework.web.servlet.DispatcherServlet.doDispatch(DispatcherServlet.java:1089)
	at org.springframework.web.servlet.DispatcherServlet.doService(DispatcherServlet.java:979)
	at org.springframework.web.servlet.FrameworkServlet.processRequest(FrameworkServlet.java:1014)
	at org.springframework.web.servlet.FrameworkServlet.doPost(FrameworkServlet.java:914)
	at jakarta.servlet.http.HttpServlet.service(HttpServlet.java:590)
	at org.springframework.web.servlet.FrameworkServlet.service(FrameworkServlet.java:885)
	at jakarta.servlet.http.HttpServlet.service(HttpServlet.java:658)
	at org.apache.catalina.core.ApplicationFilterChain.internalDoFilter(ApplicationFilterChain.java:193)
	at org.apache.catalina.core.ApplicationFilterChain.doFilter(ApplicationFilterChain.java:138)
	at org.apache.tomcat.websocket.server.WsFilter.doFilter(WsFilter.java:51)
	at org.apache.catalina.core.ApplicationFilterChain.internalDoFilter(ApplicationFilterChain.java:162)
	at org.apache.catalina.core.ApplicationFilterChain.doFilter(ApplicationFilterChain.java:138)
	at org.springframework.web.filter.CompositeFilter$VirtualFilterChain.doFilter(CompositeFilter.java:108)
	at org.springframework.web.filter.CompositeFilter$VirtualFilterChain.doFilter(CompositeFilter.java:108)
	at org.springframework.security.web.FilterChainProxy.lambda$doFilterInternal$3(FilterChainProxy.java:231)
	at org.springframework.security.web.ObservationFilterChainDecorator$FilterObservation$SimpleFilterObservation.lambda$wrap$1(ObservationFilterChainDecorator.java:490)
	at org.springframework.security.web.ObservationFilterChainDecorator$AroundFilterObservation$SimpleAroundFilterObservation.lambda$wrap$1(ObservationFilterChainDecorator.java:351)
	at org.springframework.security.web.ObservationFilterChainDecorator.lambda$wrapSecured$0(ObservationFilterChainDecorator.java:83)
	at org.springframework.security.web.ObservationFilterChainDecorator$VirtualFilterChain.doFilter(ObservationFilterChainDecorator.java:129)
	at org.springframework.security.web.access.intercept.AuthorizationFilter.doFilter(AuthorizationFilter.java:101)
	at org.springframework.security.web.ObservationFilterChainDecorator$ObservationFilter.wrapFilter(ObservationFilterChainDecorator.java:241)
	at org.springframework.security.web.ObservationFilterChainDecorator$ObservationFilter.doFilter(ObservationFilterChainDecorator.java:228)
	at org.springframework.security.web.ObservationFilterChainDecorator$VirtualFilterChain.doFilter(ObservationFilterChainDecorator.java:138)
	at org.springframework.security.web.access.ExceptionTranslationFilter.doFilter(ExceptionTranslationFilter.java:125)
	at org.springframework.security.web.access.ExceptionTranslationFilter.doFilter(ExceptionTranslationFilter.java:119)
	at org.springframework.security.web.ObservationFilterChainDecorator$ObservationFilter.wrapFilter(ObservationFilterChainDecorator.java:241)
	at org.springframework.security.web.ObservationFilterChainDecorator$ObservationFilter.doFilter(ObservationFilterChainDecorator.java:228)
	at org.springframework.security.web.ObservationFilterChainDecorator$VirtualFilterChain.doFilter(ObservationFilterChainDecorator.java:138)
	at org.springframework.security.web.session.SessionManagementFilter.doFilter(SessionManagementFilter.java:131)
	at org.springframework.security.web.session.SessionManagementFilter.doFilter(SessionManagementFilter.java:85)
	at org.springframework.security.web.ObservationFilterChainDecorator$ObservationFilter.wrapFilter(ObservationFilterChainDecorator.java:241)
	at org.springframework.security.web.ObservationFilterChainDecorator$ObservationFilter.doFilter(ObservationFilterChainDecorator.java:228)
	at org.springframework.security.web.ObservationFilterChainDecorator$VirtualFilterChain.doFilter(ObservationFilterChainDecorator.java:138)
	at org.springframework.security.web.authentication.AnonymousAuthenticationFilter.doFilter(AnonymousAuthenticationFilter.java:100)
	at org.springframework.security.web.ObservationFilterChainDecorator$ObservationFilter.wrapFilter(ObservationFilterChainDecorator.java:241)
	at org.springframework.security.web.ObservationFilterChainDecorator$ObservationFilter.doFilter(ObservationFilterChainDecorator.java:228)
	at org.springframework.security.web.ObservationFilterChainDecorator$VirtualFilterChain.doFilter(ObservationFilterChainDecorator.java:138)
	at org.springframework.security.web.servletapi.SecurityContextHolderAwareRequestFilter.doFilter(SecurityContextHolderAwareRequestFilter.java:179)
	at org.springframework.security.web.ObservationFilterChainDecorator$ObservationFilter.wrapFilter(ObservationFilterChainDecorator.java:241)
	at org.springframework.security.web.ObservationFilterChainDecorator$ObservationFilter.doFilter(ObservationFilterChainDecorator.java:228)
	at org.springframework.security.web.ObservationFilterChainDecorator$VirtualFilterChain.doFilter(ObservationFilterChainDecorator.java:138)
	at org.springframework.security.web.savedrequest.RequestCacheAwareFilter.doFilter(RequestCacheAwareFilter.java:63)
	at org.springframework.security.web.ObservationFilterChainDecorator$ObservationFilter.wrapFilter(ObservationFilterChainDecorator.java:241)
	at org.springframework.security.web.ObservationFilterChainDecorator$ObservationFilter.doFilter(ObservationFilterChainDecorator.java:228)
	at org.springframework.security.web.ObservationFilterChainDecorator$VirtualFilterChain.doFilter(ObservationFilterChainDecorator.java:138)
	at com.aetheris.rag.config.SecurityConfig$JwtAuthenticationFilter.doFilterInternal(SecurityConfig.java:141)
	at org.springframework.web.filter.OncePerRequestFilter.doFilter(OncePerRequestFilter.java:116)
	at org.springframework.security.web.ObservationFilterChainDecorator$ObservationFilter.wrapFilter(ObservationFilterChainDecorator.java:241)
	at org.springframework.security.web.ObservationFilterChainDecorator$ObservationFilter.doFilter(ObservationFilterChainDecorator.java:228)
	at org.springframework.security.web.ObservationFilterChainDecorator$VirtualFilterChain.doFilter(ObservationFilterChainDecorator.java:138)
	at org.springframework.security.web.authentication.logout.LogoutFilter.doFilter(LogoutFilter.java:107)
	at org.springframework.security.web.authentication.logout.LogoutFilter.doFilter(LogoutFilter.java:93)
	at org.springframework.security.web.ObservationFilterChainDecorator$ObservationFilter.wrapFilter(ObservationFilterChainDecorator.java:241)
	at org.springframework.security.web.ObservationFilterChainDecorator$ObservationFilter.doFilter(ObservationFilterChainDecorator.java:228)
	at org.springframework.security.web.ObservationFilterChainDecorator$VirtualFilterChain.doFilter(ObservationFilterChainDecorator.java:138)
	at org.springframework.web.filter.CorsFilter.doFilterInternal(CorsFilter.java:91)
	at org.springframework.web.filter.OncePerRequestFilter.doFilter(OncePerRequestFilter.java:116)
	at org.springframework.security.web.ObservationFilterChainDecorator$ObservationFilter.wrapFilter(ObservationFilterChainDecorator.java:241)
	at org.springframework.security.web.ObservationFilterChainDecorator$ObservationFilter.doFilter(ObservationFilterChainDecorator.java:228)
	at org.springframework.security.web.ObservationFilterChainDecorator$VirtualFilterChain.doFilter(ObservationFilterChainDecorator.java:138)
	at org.springframework.security.web.header.HeaderWriterFilter.doHeadersAfter(HeaderWriterFilter.java:90)
	at org.springframework.security.web.header.HeaderWriterFilter.doFilterInternal(HeaderWriterFilter.java:75)
	at org.springframework.web.filter.OncePerRequestFilter.doFilter(OncePerRequestFilter.java:116)
	at org.springframework.security.web.ObservationFilterChainDecorator$ObservationFilter.wrapFilter(ObservationFilterChainDecorator.java:241)
	at org.springframework.security.web.ObservationFilterChainDecorator$ObservationFilter.doFilter(ObservationFilterChainDecorator.java:228)
	at org.springframework.security.web.ObservationFilterChainDecorator$VirtualFilterChain.doFilter(ObservationFilterChainDecorator.java:138)
	at org.springframework.security.web.context.SecurityContextHolderFilter.doFilter(SecurityContextHolderFilter.java:82)
	at org.springframework.security.web.context.SecurityContextHolderFilter.doFilter(SecurityContextHolderFilter.java:69)
	at org.springframework.security.web.ObservationFilterChainDecorator$ObservationFilter.wrapFilter(ObservationFilterChainDecorator.java:241)
	at org.springframework.security.web.ObservationFilterChainDecorator$ObservationFilter.doFilter(ObservationFilterChainDecorator.java:228)
	at org.springframework.security.web.ObservationFilterChainDecorator$VirtualFilterChain.doFilter(ObservationFilterChainDecorator.java:138)
	at org.springframework.security.web.context.request.async.WebAsyncManagerIntegrationFilter.doFilterInternal(WebAsyncManagerIntegrationFilter.java:62)
	at org.springframework.web.filter.OncePerRequestFilter.doFilter(OncePerRequestFilter.java:116)
	at org.springframework.security.web.ObservationFilterChainDecorator$ObservationFilter.wrapFilter(ObservationFilterChainDecorator.java:241)
	at org.springframework.security.web.ObservationFilterChainDecorator$ObservationFilter.doFilter(ObservationFilterChainDecorator.java:228)
	at org.springframework.security.web.ObservationFilterChainDecorator$VirtualFilterChain.doFilter(ObservationFilterChainDecorator.java:138)
	at org.springframework.security.web.session.DisableEncodeUrlFilter.doFilterInternal(DisableEncodeUrlFilter.java:42)
	at org.springframework.web.filter.OncePerRequestFilter.doFilter(OncePerRequestFilter.java:116)
	at org.springframework.security.web.ObservationFilterChainDecorator$ObservationFilter.wrapFilter(ObservationFilterChainDecorator.java:241)
	at org.springframework.security.web.ObservationFilterChainDecorator$AroundFilterObservation$SimpleAroundFilterObservation.lambda$wrap$0(ObservationFilterChainDecorator.java:334)
	at org.springframework.security.web.ObservationFilterChainDecorator$ObservationFilter.doFilter(ObservationFilterChainDecorator.java:225)
	at org.springframework.security.web.ObservationFilterChainDecorator$VirtualFilterChain.doFilter(ObservationFilterChainDecorator.java:138)
	at org.springframework.security.web.FilterChainProxy.doFilterInternal(FilterChainProxy.java:233)
	at org.springframework.security.web.FilterChainProxy.doFilter(FilterChainProxy.java:191)
	at org.springframework.web.filter.CompositeFilter$VirtualFilterChain.doFilter(CompositeFilter.java:113)
	at org.springframework.web.filter.ServletRequestPathFilter.doFilter(ServletRequestPathFilter.java:52)
	at org.springframework.web.filter.CompositeFilter$VirtualFilterChain.doFilter(CompositeFilter.java:113)
	at org.springframework.web.filter.CompositeFilter.doFilter(CompositeFilter.java:74)
	at org.springframework.security.config.annotation.web.configuration.WebSecurityConfiguration$CompositeFilterChainProxy.doFilter(WebSecurityConfiguration.java:319)
	at org.springframework.web.filter.CompositeFilter$VirtualFilterChain.doFilter(CompositeFilter.java:113)
	at org.springframework.web.servlet.handler.HandlerMappingIntrospector.lambda$createCacheFilter$4(HandlerMappingIntrospector.java:267)
	at org.springframework.web.filter.CompositeFilter$VirtualFilterChain.doFilter(CompositeFilter.java:113)
	at org.springframework.web.filter.CompositeFilter.doFilter(CompositeFilter.java:74)
	at org.springframework.security.config.annotation.web.configuration.WebMvcSecurityConfiguration$CompositeFilterChainProxy.doFilter(WebMvcSecurityConfiguration.java:240)
	at org.springframework.web.filter.DelegatingFilterProxy.invokeDelegate(DelegatingFilterProxy.java:362)
	at org.springframework.web.filter.DelegatingFilterProxy.doFilter(DelegatingFilterProxy.java:278)
	at org.apache.catalina.core.ApplicationFilterChain.internalDoFilter(ApplicationFilterChain.java:162)
	at org.apache.catalina.core.ApplicationFilterChain.doFilter(ApplicationFilterChain.java:138)
	at org.springframework.web.filter.RequestContextFilter.doFilterInternal(RequestContextFilter.java:100)
	at org.springframework.web.filter.OncePerRequestFilter.doFilter(OncePerRequestFilter.java:116)
	at org.apache.catalina.core.ApplicationFilterChain.internalDoFilter(ApplicationFilterChain.java:162)
	at org.apache.catalina.core.ApplicationFilterChain.doFilter(ApplicationFilterChain.java:138)
	at org.springframework.web.filter.FormContentFilter.doFilterInternal(FormContentFilter.java:93)
	at org.springframework.web.filter.OncePerRequestFilter.doFilter(OncePerRequestFilter.java:116)
	at org.apache.catalina.core.ApplicationFilterChain.internalDoFilter(ApplicationFilterChain.java:162)
	at org.apache.catalina.core.ApplicationFilterChain.doFilter(ApplicationFilterChain.java:138)
	at org.springframework.web.filter.ServerHttpObservationFilter.doFilterInternal(ServerHttpObservationFilter.java:110)
	at org.springframework.web.filter.OncePerRequestFilter.doFilter(OncePerRequestFilter.java:116)
	at org.apache.catalina.core.ApplicationFilterChain.internalDoFilter(ApplicationFilterChain.java:162)
	at org.apache.catalina.core.ApplicationFilterChain.doFilter(ApplicationFilterChain.java:138)
	at org.springframework.web.filter.CharacterEncodingFilter.doFilterInternal(CharacterEncodingFilter.java:201)
	at org.springframework.web.filter.OncePerRequestFilter.doFilter(OncePerRequestFilter.java:116)
	at org.apache.catalina.core.ApplicationFilterChain.internalDoFilter(ApplicationFilterChain.java:162)
	at org.apache.catalina.core.ApplicationFilterChain.doFilter(ApplicationFilterChain.java:138)
	at org.apache.catalina.core.StandardWrapperValve.invoke(StandardWrapperValve.java:165)
	at org.apache.catalina.core.StandardContextValve.invoke(StandardContextValve.java:88)
	at org.apache.catalina.authenticator.AuthenticatorBase.invoke(AuthenticatorBase.java:482)
	at org.apache.catalina.core.StandardHostValve.invoke(StandardHostValve.java:113)
	at org.apache.catalina.valves.ErrorReportValve.invoke(ErrorReportValve.java:83)
	at org.apache.catalina.core.StandardEngineValve.invoke(StandardEngineValve.java:72)
	at org.apache.catalina.connector.CoyoteAdapter.service(CoyoteAdapter.java:342)
	at org.apache.coyote.http11.Http11Processor.service(Http11Processor.java:399)
	at org.apache.coyote.AbstractProcessorLight.process(AbstractProcessorLight.java:63)
	at org.apache.coyote.AbstractProtocol$ConnectionHandler.process(AbstractProtocol.java:903)
	at org.apache.tomcat.util.net.NioEndpoint$SocketProcessor.doRun(NioEndpoint.java:1774)
	at org.apache.tomcat.util.net.SocketProcessorBase.run(SocketProcessorBase.java:52)
	at java.base/java.lang.VirtualThread.run(VirtualThread.java:329)
Caused by: dev.langchain4j.exception.HttpException: {"error":{"code":"1113","message":"余额不足或无可用资源包,请充值。"}}
	at dev.langchain4j.http.client.jdk.JdkHttpClient.execute(JdkHttpClient.java:53)
	at dev.langchain4j.http.client.log.LoggingHttpClient.execute(LoggingHttpClient.java:49)
	at dev.langchain4j.community.model.zhipu.ZhipuAiClient.embedAll(ZhipuAiClient.java:102)
	... 160 common frames omitted
2026-03-27 21:20:29.613 [tomcat-handler-56] INFO  d.l.h.client.log.LoggingHttpClient - HTTP request:
- method: POST
- url: https://open.bigmodel.cn/api/paas/v4/embeddings
- headers: [Authorization: Beare...es], [Content-Type: application/json]
- body: {
  "input" : "什么是机器学习",
  "model" : "embedding-3"
}

2026-03-27 21:20:29.697 [tomcat-handler-56] ERROR d.l.c.model.zhipu.ZhipuAiClient - Error response: status code: 429; body: {"error":{"code":"1113","message":"余额不足或无可用资源包,请充值。"}}
2026-03-27 21:20:29.697 [tomcat-handler-56] ERROR c.a.r.g.retry.ModelRetryStrategy - Non-retryable error occurred, failing immediately: java.lang.RuntimeException
2026-03-27 21:20:29.700 [tomcat-handler-56] ERROR c.a.r.e.GlobalExceptionHandler - 未处理的异常: Non-retryable error: dev.langchain4j.exception.HttpException: {"error":{"code":"1113","message":"余额不足或无可用资源包,请充值。"}}
com.aetheris.rag.gateway.ModelException: Non-retryable error: dev.langchain4j.exception.HttpException: {"error":{"code":"1113","message":"余额不足或无可用资源包,请充值。"}}
	at com.aetheris.rag.gateway.retry.ModelRetryStrategy.executeWithRetry(ModelRetryStrategy.java:113)
	at com.aetheris.rag.gateway.EmbeddingGateway.embed(EmbeddingGateway.java:119)
	at com.aetheris.rag.service.impl.SearchServiceImpl.search(SearchServiceImpl.java:101)
	at com.aetheris.rag.service.impl.SearchServiceImpl.searchAggregated(SearchServiceImpl.java:492)
	at com.aetheris.rag.service.impl.RagServiceImpl.ask(RagServiceImpl.java:76)
	at java.base/jdk.internal.reflect.DirectMethodHandleAccessor.invoke(DirectMethodHandleAccessor.java:103)
	at java.base/java.lang.reflect.Method.invoke(Method.java:580)
	at org.springframework.aop.support.AopUtils.invokeJoinpointUsingReflection(AopUtils.java:360)
	at org.springframework.aop.framework.JdkDynamicAopProxy.invoke(JdkDynamicAopProxy.java:216)
	at jdk.proxy2/jdk.proxy2.$Proxy135.ask(Unknown Source)
	at com.aetheris.rag.controller.ChatController.ask(ChatController.java:76)
	at java.base/jdk.internal.reflect.DirectMethodHandleAccessor.invoke(DirectMethodHandleAccessor.java:103)
	at java.base/java.lang.reflect.Method.invoke(Method.java:580)
	at org.springframework.web.method.support.InvocableHandlerMethod.doInvoke(InvocableHandlerMethod.java:258)
	at org.springframework.web.method.support.InvocableHandlerMethod.invokeForRequest(InvocableHandlerMethod.java:191)
	at org.springframework.web.servlet.mvc.method.annotation.ServletInvocableHandlerMethod.invokeAndHandle(ServletInvocableHandlerMethod.java:118)
	at org.springframework.web.servlet.mvc.method.annotation.RequestMappingHandlerAdapter.invokeHandlerMethod(RequestMappingHandlerAdapter.java:991)
	at org.springframework.web.servlet.mvc.method.annotation.RequestMappingHandlerAdapter.handleInternal(RequestMappingHandlerAdapter.java:896)
	at org.springframework.web.servlet.mvc.method.AbstractHandlerMethodAdapter.handle(AbstractHandlerMethodAdapter.java:87)
	at org.springframework.web.servlet.DispatcherServlet.doDispatch(DispatcherServlet.java:1089)
	at org.springframework.web.servlet.DispatcherServlet.doService(DispatcherServlet.java:979)
	at org.springframework.web.servlet.FrameworkServlet.processRequest(FrameworkServlet.java:1014)
	at org.springframework.web.servlet.FrameworkServlet.doPost(FrameworkServlet.java:914)
	at jakarta.servlet.http.HttpServlet.service(HttpServlet.java:590)
	at org.springframework.web.servlet.FrameworkServlet.service(FrameworkServlet.java:885)
	at jakarta.servlet.http.HttpServlet.service(HttpServlet.java:658)
	at org.apache.catalina.core.ApplicationFilterChain.internalDoFilter(ApplicationFilterChain.java:193)
	at org.apache.catalina.core.ApplicationFilterChain.doFilter(ApplicationFilterChain.java:138)
	at org.apache.tomcat.websocket.server.WsFilter.doFilter(WsFilter.java:51)
	at org.apache.catalina.core.ApplicationFilterChain.internalDoFilter(ApplicationFilterChain.java:162)
	at org.apache.catalina.core.ApplicationFilterChain.doFilter(ApplicationFilterChain.java:138)
	at org.springframework.web.filter.CompositeFilter$VirtualFilterChain.doFilter(CompositeFilter.java:108)
	at org.springframework.web.filter.CompositeFilter$VirtualFilterChain.doFilter(CompositeFilter.java:108)
	at org.springframework.security.web.FilterChainProxy.lambda$doFilterInternal$3(FilterChainProxy.java:231)
	at org.springframework.security.web.ObservationFilterChainDecorator$FilterObservation$SimpleFilterObservation.lambda$wrap$1(ObservationFilterChainDecorator.java:490)
	at org.springframework.security.web.ObservationFilterChainDecorator$AroundFilterObservation$SimpleAroundFilterObservation.lambda$wrap$1(ObservationFilterChainDecorator.java:351)
	at org.springframework.security.web.ObservationFilterChainDecorator.lambda$wrapSecured$0(ObservationFilterChainDecorator.java:83)
	at org.springframework.security.web.ObservationFilterChainDecorator$VirtualFilterChain.doFilter(ObservationFilterChainDecorator.java:129)
	at org.springframework.security.web.access.intercept.AuthorizationFilter.doFilter(AuthorizationFilter.java:101)
	at org.springframework.security.web.ObservationFilterChainDecorator$ObservationFilter.wrapFilter(ObservationFilterChainDecorator.java:241)
	at org.springframework.security.web.ObservationFilterChainDecorator$ObservationFilter.doFilter(ObservationFilterChainDecorator.java:228)
	at org.springframework.security.web.ObservationFilterChainDecorator$VirtualFilterChain.doFilter(ObservationFilterChainDecorator.java:138)
	at org.springframework.security.web.access.ExceptionTranslationFilter.doFilter(ExceptionTranslationFilter.java:125)
	at org.springframework.security.web.access.ExceptionTranslationFilter.doFilter(ExceptionTranslationFilter.java:119)
	at org.springframework.security.web.ObservationFilterChainDecorator$ObservationFilter.wrapFilter(ObservationFilterChainDecorator.java:241)
	at org.springframework.security.web.ObservationFilterChainDecorator$ObservationFilter.doFilter(ObservationFilterChainDecorator.java:228)
	at org.springframework.security.web.ObservationFilterChainDecorator$VirtualFilterChain.doFilter(ObservationFilterChainDecorator.java:138)
	at org.springframework.security.web.session.SessionManagementFilter.doFilter(SessionManagementFilter.java:131)
	at org.springframework.security.web.session.SessionManagementFilter.doFilter(SessionManagementFilter.java:85)
	at org.springframework.security.web.ObservationFilterChainDecorator$ObservationFilter.wrapFilter(ObservationFilterChainDecorator.java:241)
	at org.springframework.security.web.ObservationFilterChainDecorator$ObservationFilter.doFilter(ObservationFilterChainDecorator.java:228)
	at org.springframework.security.web.ObservationFilterChainDecorator$VirtualFilterChain.doFilter(ObservationFilterChainDecorator.java:138)
	at org.springframework.security.web.authentication.AnonymousAuthenticationFilter.doFilter(AnonymousAuthenticationFilter.java:100)
	at org.springframework.security.web.ObservationFilterChainDecorator$ObservationFilter.wrapFilter(ObservationFilterChainDecorator.java:241)
	at org.springframework.security.web.ObservationFilterChainDecorator$ObservationFilter.doFilter(ObservationFilterChainDecorator.java:228)
	at org.springframework.security.web.ObservationFilterChainDecorator$VirtualFilterChain.doFilter(ObservationFilterChainDecorator.java:138)
	at org.springframework.security.web.servletapi.SecurityContextHolderAwareRequestFilter.doFilter(SecurityContextHolderAwareRequestFilter.java:179)
	at org.springframework.security.web.ObservationFilterChainDecorator$ObservationFilter.wrapFilter(ObservationFilterChainDecorator.java:241)
	at org.springframework.security.web.ObservationFilterChainDecorator$ObservationFilter.doFilter(ObservationFilterChainDecorator.java:228)
	at org.springframework.security.web.ObservationFilterChainDecorator$VirtualFilterChain.doFilter(ObservationFilterChainDecorator.java:138)
	at org.springframework.security.web.savedrequest.RequestCacheAwareFilter.doFilter(RequestCacheAwareFilter.java:63)
	at org.springframework.security.web.ObservationFilterChainDecorator$ObservationFilter.wrapFilter(ObservationFilterChainDecorator.java:241)
	at org.springframework.security.web.ObservationFilterChainDecorator$ObservationFilter.doFilter(ObservationFilterChainDecorator.java:228)
	at org.springframework.security.web.ObservationFilterChainDecorator$VirtualFilterChain.doFilter(ObservationFilterChainDecorator.java:138)
	at com.aetheris.rag.config.SecurityConfig$JwtAuthenticationFilter.doFilterInternal(SecurityConfig.java:141)
	at org.springframework.web.filter.OncePerRequestFilter.doFilter(OncePerRequestFilter.java:116)
	at org.springframework.security.web.ObservationFilterChainDecorator$ObservationFilter.wrapFilter(ObservationFilterChainDecorator.java:241)
	at org.springframework.security.web.ObservationFilterChainDecorator$ObservationFilter.doFilter(ObservationFilterChainDecorator.java:228)
	at org.springframework.security.web.ObservationFilterChainDecorator$VirtualFilterChain.doFilter(ObservationFilterChainDecorator.java:138)
	at org.springframework.security.web.authentication.logout.LogoutFilter.doFilter(LogoutFilter.java:107)
	at org.springframework.security.web.authentication.logout.LogoutFilter.doFilter(LogoutFilter.java:93)
	at org.springframework.security.web.ObservationFilterChainDecorator$ObservationFilter.wrapFilter(ObservationFilterChainDecorator.java:241)
	at org.springframework.security.web.ObservationFilterChainDecorator$ObservationFilter.doFilter(ObservationFilterChainDecorator.java:228)
	at org.springframework.security.web.ObservationFilterChainDecorator$VirtualFilterChain.doFilter(ObservationFilterChainDecorator.java:138)
	at org.springframework.web.filter.CorsFilter.doFilterInternal(CorsFilter.java:91)
	at org.springframework.web.filter.OncePerRequestFilter.doFilter(OncePerRequestFilter.java:116)
	at org.springframework.security.web.ObservationFilterChainDecorator$ObservationFilter.wrapFilter(ObservationFilterChainDecorator.java:241)
	at org.springframework.security.web.ObservationFilterChainDecorator$ObservationFilter.doFilter(ObservationFilterChainDecorator.java:228)
	at org.springframework.security.web.ObservationFilterChainDecorator$VirtualFilterChain.doFilter(ObservationFilterChainDecorator.java:138)
	at org.springframework.security.web.header.HeaderWriterFilter.doHeadersAfter(HeaderWriterFilter.java:90)
	at org.springframework.security.web.header.HeaderWriterFilter.doFilterInternal(HeaderWriterFilter.java:75)
	at org.springframework.web.filter.OncePerRequestFilter.doFilter(OncePerRequestFilter.java:116)
	at org.springframework.security.web.ObservationFilterChainDecorator$ObservationFilter.wrapFilter(ObservationFilterChainDecorator.java:241)
	at org.springframework.security.web.ObservationFilterChainDecorator$ObservationFilter.doFilter(ObservationFilterChainDecorator.java:228)
	at org.springframework.security.web.ObservationFilterChainDecorator$VirtualFilterChain.doFilter(ObservationFilterChainDecorator.java:138)
	at org.springframework.security.web.context.SecurityContextHolderFilter.doFilter(SecurityContextHolderFilter.java:82)
	at org.springframework.security.web.context.SecurityContextHolderFilter.doFilter(SecurityContextHolderFilter.java:69)
	at org.springframework.security.web.ObservationFilterChainDecorator$ObservationFilter.wrapFilter(ObservationFilterChainDecorator.java:241)
	at org.springframework.security.web.ObservationFilterChainDecorator$ObservationFilter.doFilter(ObservationFilterChainDecorator.java:228)
	at org.springframework.security.web.ObservationFilterChainDecorator$VirtualFilterChain.doFilter(ObservationFilterChainDecorator.java:138)
	at org.springframework.security.web.context.request.async.WebAsyncManagerIntegrationFilter.doFilterInternal(WebAsyncManagerIntegrationFilter.java:62)
	at org.springframework.web.filter.OncePerRequestFilter.doFilter(OncePerRequestFilter.java:116)
	at org.springframework.security.web.ObservationFilterChainDecorator$ObservationFilter.wrapFilter(ObservationFilterChainDecorator.java:241)
	at org.springframework.security.web.ObservationFilterChainDecorator$ObservationFilter.doFilter(ObservationFilterChainDecorator.java:228)
	at org.springframework.security.web.ObservationFilterChainDecorator$VirtualFilterChain.doFilter(ObservationFilterChainDecorator.java:138)
	at org.springframework.security.web.session.DisableEncodeUrlFilter.doFilterInternal(DisableEncodeUrlFilter.java:42)
	at org.springframework.web.filter.OncePerRequestFilter.doFilter(OncePerRequestFilter.java:116)
	at org.springframework.security.web.ObservationFilterChainDecorator$ObservationFilter.wrapFilter(ObservationFilterChainDecorator.java:241)
	at org.springframework.security.web.ObservationFilterChainDecorator$AroundFilterObservation$SimpleAroundFilterObservation.lambda$wrap$0(ObservationFilterChainDecorator.java:334)
	at org.springframework.security.web.ObservationFilterChainDecorator$ObservationFilter.doFilter(ObservationFilterChainDecorator.java:225)
	at org.springframework.security.web.ObservationFilterChainDecorator$VirtualFilterChain.doFilter(ObservationFilterChainDecorator.java:138)
	at org.springframework.security.web.FilterChainProxy.doFilterInternal(FilterChainProxy.java:233)
	at org.springframework.security.web.FilterChainProxy.doFilter(FilterChainProxy.java:191)
	at org.springframework.web.filter.CompositeFilter$VirtualFilterChain.doFilter(CompositeFilter.java:113)
	at org.springframework.web.filter.ServletRequestPathFilter.doFilter(ServletRequestPathFilter.java:52)
	at org.springframework.web.filter.CompositeFilter$VirtualFilterChain.doFilter(CompositeFilter.java:113)
	at org.springframework.web.filter.CompositeFilter.doFilter(CompositeFilter.java:74)
	at org.springframework.security.config.annotation.web.configuration.WebSecurityConfiguration$CompositeFilterChainProxy.doFilter(WebSecurityConfiguration.java:319)
	at org.springframework.web.filter.CompositeFilter$VirtualFilterChain.doFilter(CompositeFilter.java:113)
	at org.springframework.web.servlet.handler.HandlerMappingIntrospector.lambda$createCacheFilter$4(HandlerMappingIntrospector.java:267)
	at org.springframework.web.filter.CompositeFilter$VirtualFilterChain.doFilter(CompositeFilter.java:113)
	at org.springframework.web.filter.CompositeFilter.doFilter(CompositeFilter.java:74)
	at org.springframework.security.config.annotation.web.configuration.WebMvcSecurityConfiguration$CompositeFilterChainProxy.doFilter(WebMvcSecurityConfiguration.java:240)
	at org.springframework.web.filter.DelegatingFilterProxy.invokeDelegate(DelegatingFilterProxy.java:362)
	at org.springframework.web.filter.DelegatingFilterProxy.doFilter(DelegatingFilterProxy.java:278)
	at org.apache.catalina.core.ApplicationFilterChain.internalDoFilter(ApplicationFilterChain.java:162)
	at org.apache.catalina.core.ApplicationFilterChain.doFilter(ApplicationFilterChain.java:138)
	at org.springframework.web.filter.RequestContextFilter.doFilterInternal(RequestContextFilter.java:100)
	at org.springframework.web.filter.OncePerRequestFilter.doFilter(OncePerRequestFilter.java:116)
	at org.apache.catalina.core.ApplicationFilterChain.internalDoFilter(ApplicationFilterChain.java:162)
	at org.apache.catalina.core.ApplicationFilterChain.doFilter(ApplicationFilterChain.java:138)
	at org.springframework.web.filter.FormContentFilter.doFilterInternal(FormContentFilter.java:93)
	at org.springframework.web.filter.OncePerRequestFilter.doFilter(OncePerRequestFilter.java:116)
	at org.apache.catalina.core.ApplicationFilterChain.internalDoFilter(ApplicationFilterChain.java:162)
	at org.apache.catalina.core.ApplicationFilterChain.doFilter(ApplicationFilterChain.java:138)
	at org.springframework.web.filter.ServerHttpObservationFilter.doFilterInternal(ServerHttpObservationFilter.java:110)
	at org.springframework.web.filter.OncePerRequestFilter.doFilter(OncePerRequestFilter.java:116)
	at org.apache.catalina.core.ApplicationFilterChain.internalDoFilter(ApplicationFilterChain.java:162)
	at org.apache.catalina.core.ApplicationFilterChain.doFilter(ApplicationFilterChain.java:138)
	at org.springframework.web.filter.CharacterEncodingFilter.doFilterInternal(CharacterEncodingFilter.java:201)
	at org.springframework.web.filter.OncePerRequestFilter.doFilter(OncePerRequestFilter.java:116)
	at org.apache.catalina.core.ApplicationFilterChain.internalDoFilter(ApplicationFilterChain.java:162)
	at org.apache.catalina.core.ApplicationFilterChain.doFilter(ApplicationFilterChain.java:138)
	at org.apache.catalina.core.StandardWrapperValve.invoke(StandardWrapperValve.java:165)
	at org.apache.catalina.core.StandardContextValve.invoke(StandardContextValve.java:88)
	at org.apache.catalina.authenticator.AuthenticatorBase.invoke(AuthenticatorBase.java:482)
	at org.apache.catalina.core.StandardHostValve.invoke(StandardHostValve.java:113)
	at org.apache.catalina.valves.ErrorReportValve.invoke(ErrorReportValve.java:83)
	at org.apache.catalina.core.StandardEngineValve.invoke(StandardEngineValve.java:72)
	at org.apache.catalina.connector.CoyoteAdapter.service(CoyoteAdapter.java:342)
	at org.apache.coyote.http11.Http11Processor.service(Http11Processor.java:399)
	at org.apache.coyote.AbstractProcessorLight.process(AbstractProcessorLight.java:63)
	at org.apache.coyote.AbstractProtocol$ConnectionHandler.process(AbstractProtocol.java:903)
	at org.apache.tomcat.util.net.NioEndpoint$SocketProcessor.doRun(NioEndpoint.java:1774)
	at org.apache.tomcat.util.net.SocketProcessorBase.run(SocketProcessorBase.java:52)
	at java.base/java.lang.VirtualThread.run(VirtualThread.java:329)
Caused by: java.lang.RuntimeException: dev.langchain4j.exception.HttpException: {"error":{"code":"1113","message":"余额不足或无可用资源包,请充值。"}}
	at dev.langchain4j.community.model.zhipu.ZhipuAiClient.embedAll(ZhipuAiClient.java:106)
	at dev.langchain4j.community.model.zhipu.ZhipuAiEmbeddingModel.lambda$embedAll$1(ZhipuAiEmbeddingModel.java:70)
	at dev.langchain4j.internal.RetryUtils$RetryPolicy.withRetry(RetryUtils.java:204)
	at dev.langchain4j.internal.RetryUtils.withRetry(RetryUtils.java:259)
	at dev.langchain4j.community.model.zhipu.ZhipuAiEmbeddingModel.lambda$embedAll$2(ZhipuAiEmbeddingModel.java:70)
	at java.base/java.util.stream.ReferencePipeline$3$1.accept(ReferencePipeline.java:197)
	at java.base/java.util.stream.ReferencePipeline$3$1.accept(ReferencePipeline.java:197)
	at java.base/java.util.AbstractList$RandomAccessSpliterator.forEachRemaining(AbstractList.java:722)
	at java.base/java.util.stream.AbstractPipeline.copyInto(AbstractPipeline.java:509)
	at java.base/java.util.stream.AbstractPipeline.wrapAndCopyInto(AbstractPipeline.java:499)
	at java.base/java.util.stream.ReduceOps$ReduceOp.evaluateSequential(ReduceOps.java:921)
	at java.base/java.util.stream.AbstractPipeline.evaluate(AbstractPipeline.java:234)
	at java.base/java.util.stream.ReferencePipeline.collect(ReferencePipeline.java:682)
	at dev.langchain4j.community.model.zhipu.ZhipuAiEmbeddingModel.embedAll(ZhipuAiEmbeddingModel.java:71)
	at com.aetheris.rag.gateway.EmbeddingGateway.lambda$embed$0(EmbeddingGateway.java:123)
	at com.aetheris.rag.gateway.retry.ModelRetryStrategy.executeWithRetry(ModelRetryStrategy.java:106)
	... 145 common frames omitted
Caused by: dev.langchain4j.exception.HttpException: {"error":{"code":"1113","message":"余额不足或无可用资源包,请充值。"}}
	at dev.langchain4j.http.client.jdk.JdkHttpClient.execute(JdkHttpClient.java:53)
	at dev.langchain4j.http.client.log.LoggingHttpClient.execute(LoggingHttpClient.java:49)
	at dev.langchain4j.community.model.zhipu.ZhipuAiClient.embedAll(ZhipuAiClient.java:102)
	... 160 common frames omitted
2026-03-27 21:20:32.213 [tomcat-handler-57] DEBUG c.a.r.c.SecurityConfig$JwtAuthenticationFilter - Authenticated user: 2
2026-03-27 21:20:32.216 [tomcat-handler-57] INFO  c.a.rag.controller.ChatController - POST /api/chat/ask - userId=2, question='什么是机器学习', topK=5
2026-03-27 21:20:32.216 [tomcat-handler-57] INFO  c.a.rag.service.impl.RagServiceImpl - 执行问答：userId=2, question='什么是机器学习', useRag=false, topK=5
2026-03-27 21:20:32.216 [tomcat-handler-57] INFO  c.a.rag.service.impl.RagServiceImpl - 纯 LLM 模式：跳过检索，直接调用 LLM
2026-03-27 21:20:32.218 [tomcat-handler-57] INFO  c.aetheris.rag.gateway.ChatGateway - 调用 Chat API（带系统提示）：model=glm-4-flash, systemPromptPreview=你是一个专业的学习助手，擅长回答各类学习相关问题。
请遵循以下要求：
1. 使用简洁清晰的语言回答问题
2. 如果遇到不确定的信息，明确说明
3. 避免添加不必要的主观推断
4. 回答应具有教育意义和实用性, userPromptPreview=什么是机器学习
2026-03-27 21:20:32.227 [tomcat-handler-57] INFO  d.l.h.client.log.LoggingHttpClient - HTTP request:
- method: POST
- url: https://open.bigmodel.cn/api/paas/v4/chat/completions
- headers: [Authorization: Beare...kg], [Content-Type: application/json]
- body: {
  "model" : "glm-4-flash",
  "messages" : [ {
    "role" : "user",
    "content" : "[系统提示]你是一个专业的学习助手，擅长回答各类学习相关问题。\n请遵循以下要求：\n1. 使用简洁清晰的语言回答问题\n2. 如果遇到不确定的信息，明确说明\n3. 避免添加不必要的主观推断\n4. 回答应具有教育意义和实用性\n\n[用户问题]什么是机器学习"
  } ],
  "stream" : false,
  "temperature" : 0.7,
  "top_p" : 0.9,
  "max_tokens" : 512,
  "stop" : [ ],
  "tool_choice" : "auto"
}

2026-03-27 21:20:41.819 [tomcat-handler-57] INFO  d.l.h.client.log.LoggingHttpClient - HTTP response:
- status code: 200
- headers: [:status: 200], [content-length: 1197], [content-type: application/json; charset=UTF-8], [date: Fri, 27 Mar 2026 13:20:41 GMT], [set-cookie: acw_tc=76b20f7917746176323863795ebc408b35f86fead04e1bb5153322fb5d0418;path=/;HttpOnly;Max-Age=1800], [strict-transport-security: max-age=31536000; includeSubDomains], [vary: [Accept-Encoding, Origin, Access-Control-Request-Method, Access-Control-Request-Headers, Origin, Access-Control-Request-Method, Access-Control-Request-Headers]], [x-log-id: 20260327212032e99af61578cc42a6]
- body: {"choices":[{"finish_reason":"stop","index":0,"message":{"content":"机器学习是一种使计算机系统能够从数据中学习并做出决策或预测的技术。它属于人工智能的范畴，主要依赖于算法来分析数据，从中提取模式和知识，并使用这些信息来进行预测或执行任务。机器学习不依赖于明确的编程指令，而是通过训练过程，让计算机通过学习数据来改善其性能。\n\n主要类型包括：\n\n1. 监督学习：通过已知输入和输出数据来训练模型，使其能够对未知数据进行预测。\n2. 无监督学习：仅使用输入数据，寻找数据中的结构和模式。\n3. 半监督学习：使用部分标记和部分未标记的数据进行训练。\n4. 强化学习：通过奖励和惩罚机制，让算法在特定环境中学习最佳行为。\n\n机器学习在推荐系统、图像识别、自然语言处理等领域有广泛应用。","role":"assistant"}}],"created":1774617641,"id":"20260327212032e99af61578cc42a6","model":"glm-4-flash","object":"chat.completion","request_id":"20260327212032e99af61578cc42a6","usage":{"completion_tokens":171,"prompt_tokens":75,"total_tokens":246}}

2026-03-27 21:20:41.822 [tomcat-handler-57] INFO  c.a.rag.service.impl.RagServiceImpl - LLM 直接生成答案成功：userId=2, answerLength=304
2026-03-27 21:20:41.822 [tomcat-handler-57] DEBUG c.aetheris.rag.util.PerformanceTimer - Stage 'generation' completed in 9605 ms
2026-03-27 21:20:41.833 [tomcat-handler-57] DEBUG c.a.r.s.impl.BehaviorServiceImpl - 记录用户查询行为: userId=2, queryText=什么是机器学习
2026-03-27 21:20:41.833 [tomcat-handler-57] DEBUG org.mybatis.spring.SqlSessionUtils - Creating a new SqlSession
2026-03-27 21:20:41.833 [tomcat-handler-57] DEBUG org.mybatis.spring.SqlSessionUtils - Registering transaction synchronization for SqlSession [org.apache.ibatis.session.defaults.DefaultSqlSession@652a50db]
2026-03-27 21:20:41.833 [tomcat-handler-57] DEBUG o.m.s.t.SpringManagedTransaction - JDBC Connection [HikariProxyConnection@1417009141 wrapping com.mysql.cj.jdbc.ConnectionImpl@4200d31d] will be managed by Spring
2026-03-27 21:20:41.833 [tomcat-handler-57] DEBUG c.a.r.m.UserBehaviorMapper.insert - ==>  Preparing: INSERT INTO user_behaviors ( user_id, behavior_type, resource_id, query_text, behavior_time, session_id, weight ) VALUES ( ?, ?, ?, ?, ?, ?, ? )
2026-03-27 21:20:41.834 [tomcat-handler-57] DEBUG c.a.r.m.UserBehaviorMapper.insert - ==> Parameters: 2(Long), QUERY(String), null, 什么是机器学习(String), 2026-03-27 21:20:41.833565(Timestamp), null, null
2026-03-27 21:20:41.841 [tomcat-handler-57] DEBUG c.a.r.m.UserBehaviorMapper.insert - <==    Updates: 1
2026-03-27 21:20:41.841 [tomcat-handler-57] DEBUG org.mybatis.spring.SqlSessionUtils - Releasing transactional SqlSession [org.apache.ibatis.session.defaults.DefaultSqlSession@652a50db]
2026-03-27 21:20:41.841 [tomcat-handler-57] INFO  c.a.r.s.impl.BehaviorServiceImpl - 查询行为已记录: behaviorId=5, userId=2
2026-03-27 21:20:41.842 [tomcat-handler-57] DEBUG org.mybatis.spring.SqlSessionUtils - Transaction synchronization committing SqlSession [org.apache.ibatis.session.defaults.DefaultSqlSession@652a50db]
2026-03-27 21:20:41.842 [tomcat-handler-57] DEBUG org.mybatis.spring.SqlSessionUtils - Transaction synchronization deregistering SqlSession [org.apache.ibatis.session.defaults.DefaultSqlSession@652a50db]
2026-03-27 21:20:41.842 [tomcat-handler-57] DEBUG org.mybatis.spring.SqlSessionUtils - Transaction synchronization closing SqlSession [org.apache.ibatis.session.defaults.DefaultSqlSession@652a50db]
2026-03-27 21:20:41.846 [tomcat-handler-57] DEBUG c.a.rag.service.impl.RagServiceImpl - 查询行为记录成功：userId=2, query='什么是机器学习'
2026-03-27 21:20:41.846 [tomcat-handler-57] INFO  c.a.rag.service.impl.RagServiceImpl - 问答完成：userId=2, latencyMs=9630ms, useRag=false, citationsCount=0
2026-03-27 21:20:41.846 [tomcat-handler-57] INFO  c.a.rag.controller.ChatController - RAG 问答完成：userId=2, latencyMs=9630ms, evidenceInsufficient=false
2026-03-27 21:21:23.241 [tomcat-handler-58] DEBUG c.a.r.c.SecurityConfig$JwtAuthenticationFilter - Authenticated user: 2
2026-03-27 21:21:23.244 [tomcat-handler-58] INFO  c.a.rag.controller.ChatController - POST /api/chat/ask - userId=2, question='什么是机器学习', topK=5
2026-03-27 21:21:23.245 [tomcat-handler-58] INFO  c.a.rag.service.impl.RagServiceImpl - 执行问答：userId=2, question='什么是机器学习', useRag=true, topK=5
2026-03-27 21:21:23.245 [tomcat-handler-58] INFO  c.a.r.service.impl.SearchServiceImpl - 执行聚合语义检索：query='什么是机器学习', topK=5
2026-03-27 21:21:23.245 [tomcat-handler-58] INFO  c.a.r.service.impl.SearchServiceImpl - 执行语义检索：query='什么是机器学习', topK=10
2026-03-27 21:21:23.248 [tomcat-handler-58] DEBUG c.a.rag.gateway.cache.EmbeddingCache - Embedding cache miss for textHash: ba312180480566d5ee92b1789f2f869779e9c5bea3bd5995fb12b1c3fe953793
2026-03-27 21:21:23.248 [tomcat-handler-58] INFO  c.a.rag.gateway.EmbeddingGateway - 调用 Embedding API：model=embedding-3, textPreview=什么是机器学习
2026-03-27 21:21:23.250 [tomcat-handler-58] INFO  d.l.h.client.log.LoggingHttpClient - HTTP request:
- method: POST
- url: https://open.bigmodel.cn/api/paas/v4/embeddings
- headers: [Authorization: Beare...zg], [Content-Type: application/json]
- body: {
  "input" : "什么是机器学习",
  "model" : "embedding-3"
}

2026-03-27 21:21:23.438 [tomcat-handler-58] ERROR d.l.c.model.zhipu.ZhipuAiClient - Error response: status code: 429; body: {"error":{"code":"1113","message":"余额不足或无可用资源包,请充值。"}}
2026-03-27 21:21:23.439 [tomcat-handler-58] WARN  dev.langchain4j.internal.RetryUtils - A retriable exception occurred. Remaining retries: 3 of 3
java.lang.RuntimeException: dev.langchain4j.exception.HttpException: {"error":{"code":"1113","message":"余额不足或无可用资源包,请充值。"}}
	at dev.langchain4j.community.model.zhipu.ZhipuAiClient.embedAll(ZhipuAiClient.java:106)
	at dev.langchain4j.community.model.zhipu.ZhipuAiEmbeddingModel.lambda$embedAll$1(ZhipuAiEmbeddingModel.java:70)
	at dev.langchain4j.internal.RetryUtils$RetryPolicy.withRetry(RetryUtils.java:204)
	at dev.langchain4j.internal.RetryUtils.withRetry(RetryUtils.java:259)
	at dev.langchain4j.community.model.zhipu.ZhipuAiEmbeddingModel.lambda$embedAll$2(ZhipuAiEmbeddingModel.java:70)
	at java.base/java.util.stream.ReferencePipeline$3$1.accept(ReferencePipeline.java:197)
	at java.base/java.util.stream.ReferencePipeline$3$1.accept(ReferencePipeline.java:197)
	at java.base/java.util.AbstractList$RandomAccessSpliterator.forEachRemaining(AbstractList.java:722)
	at java.base/java.util.stream.AbstractPipeline.copyInto(AbstractPipeline.java:509)
	at java.base/java.util.stream.AbstractPipeline.wrapAndCopyInto(AbstractPipeline.java:499)
	at java.base/java.util.stream.ReduceOps$ReduceOp.evaluateSequential(ReduceOps.java:921)
	at java.base/java.util.stream.AbstractPipeline.evaluate(AbstractPipeline.java:234)
	at java.base/java.util.stream.ReferencePipeline.collect(ReferencePipeline.java:682)
	at dev.langchain4j.community.model.zhipu.ZhipuAiEmbeddingModel.embedAll(ZhipuAiEmbeddingModel.java:71)
	at com.aetheris.rag.gateway.EmbeddingGateway.lambda$embed$0(EmbeddingGateway.java:123)
	at com.aetheris.rag.gateway.retry.ModelRetryStrategy.executeWithRetry(ModelRetryStrategy.java:106)
	at com.aetheris.rag.gateway.EmbeddingGateway.embed(EmbeddingGateway.java:119)
	at com.aetheris.rag.service.impl.SearchServiceImpl.search(SearchServiceImpl.java:101)
	at com.aetheris.rag.service.impl.SearchServiceImpl.searchAggregated(SearchServiceImpl.java:492)
	at com.aetheris.rag.service.impl.RagServiceImpl.ask(RagServiceImpl.java:76)
	at java.base/jdk.internal.reflect.DirectMethodHandleAccessor.invoke(DirectMethodHandleAccessor.java:103)
	at java.base/java.lang.reflect.Method.invoke(Method.java:580)
	at org.springframework.aop.support.AopUtils.invokeJoinpointUsingReflection(AopUtils.java:360)
	at org.springframework.aop.framework.JdkDynamicAopProxy.invoke(JdkDynamicAopProxy.java:216)
	at jdk.proxy2/jdk.proxy2.$Proxy135.ask(Unknown Source)
	at com.aetheris.rag.controller.ChatController.ask(ChatController.java:76)
	at java.base/jdk.internal.reflect.DirectMethodHandleAccessor.invoke(DirectMethodHandleAccessor.java:103)
	at java.base/java.lang.reflect.Method.invoke(Method.java:580)
	at org.springframework.web.method.support.InvocableHandlerMethod.doInvoke(InvocableHandlerMethod.java:258)
	at org.springframework.web.method.support.InvocableHandlerMethod.invokeForRequest(InvocableHandlerMethod.java:191)
	at org.springframework.web.servlet.mvc.method.annotation.ServletInvocableHandlerMethod.invokeAndHandle(ServletInvocableHandlerMethod.java:118)
	at org.springframework.web.servlet.mvc.method.annotation.RequestMappingHandlerAdapter.invokeHandlerMethod(RequestMappingHandlerAdapter.java:991)
	at org.springframework.web.servlet.mvc.method.annotation.RequestMappingHandlerAdapter.handleInternal(RequestMappingHandlerAdapter.java:896)
	at org.springframework.web.servlet.mvc.method.AbstractHandlerMethodAdapter.handle(AbstractHandlerMethodAdapter.java:87)
	at org.springframework.web.servlet.DispatcherServlet.doDispatch(DispatcherServlet.java:1089)
	at org.springframework.web.servlet.DispatcherServlet.doService(DispatcherServlet.java:979)
	at org.springframework.web.servlet.FrameworkServlet.processRequest(FrameworkServlet.java:1014)
	at org.springframework.web.servlet.FrameworkServlet.doPost(FrameworkServlet.java:914)
	at jakarta.servlet.http.HttpServlet.service(HttpServlet.java:590)
	at org.springframework.web.servlet.FrameworkServlet.service(FrameworkServlet.java:885)
	at jakarta.servlet.http.HttpServlet.service(HttpServlet.java:658)
	at org.apache.catalina.core.ApplicationFilterChain.internalDoFilter(ApplicationFilterChain.java:193)
	at org.apache.catalina.core.ApplicationFilterChain.doFilter(ApplicationFilterChain.java:138)
	at org.apache.tomcat.websocket.server.WsFilter.doFilter(WsFilter.java:51)
	at org.apache.catalina.core.ApplicationFilterChain.internalDoFilter(ApplicationFilterChain.java:162)
	at org.apache.catalina.core.ApplicationFilterChain.doFilter(ApplicationFilterChain.java:138)
	at org.springframework.web.filter.CompositeFilter$VirtualFilterChain.doFilter(CompositeFilter.java:108)
	at org.springframework.web.filter.CompositeFilter$VirtualFilterChain.doFilter(CompositeFilter.java:108)
	at org.springframework.security.web.FilterChainProxy.lambda$doFilterInternal$3(FilterChainProxy.java:231)
	at org.springframework.security.web.ObservationFilterChainDecorator$FilterObservation$SimpleFilterObservation.lambda$wrap$1(ObservationFilterChainDecorator.java:490)
	at org.springframework.security.web.ObservationFilterChainDecorator$AroundFilterObservation$SimpleAroundFilterObservation.lambda$wrap$1(ObservationFilterChainDecorator.java:351)
	at org.springframework.security.web.ObservationFilterChainDecorator.lambda$wrapSecured$0(ObservationFilterChainDecorator.java:83)
	at org.springframework.security.web.ObservationFilterChainDecorator$VirtualFilterChain.doFilter(ObservationFilterChainDecorator.java:129)
	at org.springframework.security.web.access.intercept.AuthorizationFilter.doFilter(AuthorizationFilter.java:101)
	at org.springframework.security.web.ObservationFilterChainDecorator$ObservationFilter.wrapFilter(ObservationFilterChainDecorator.java:241)
	at org.springframework.security.web.ObservationFilterChainDecorator$ObservationFilter.doFilter(ObservationFilterChainDecorator.java:228)
	at org.springframework.security.web.ObservationFilterChainDecorator$VirtualFilterChain.doFilter(ObservationFilterChainDecorator.java:138)
	at org.springframework.security.web.access.ExceptionTranslationFilter.doFilter(ExceptionTranslationFilter.java:125)
	at org.springframework.security.web.access.ExceptionTranslationFilter.doFilter(ExceptionTranslationFilter.java:119)
	at org.springframework.security.web.ObservationFilterChainDecorator$ObservationFilter.wrapFilter(ObservationFilterChainDecorator.java:241)
	at org.springframework.security.web.ObservationFilterChainDecorator$ObservationFilter.doFilter(ObservationFilterChainDecorator.java:228)
	at org.springframework.security.web.ObservationFilterChainDecorator$VirtualFilterChain.doFilter(ObservationFilterChainDecorator.java:138)
	at org.springframework.security.web.session.SessionManagementFilter.doFilter(SessionManagementFilter.java:131)
	at org.springframework.security.web.session.SessionManagementFilter.doFilter(SessionManagementFilter.java:85)
	at org.springframework.security.web.ObservationFilterChainDecorator$ObservationFilter.wrapFilter(ObservationFilterChainDecorator.java:241)
	at org.springframework.security.web.ObservationFilterChainDecorator$ObservationFilter.doFilter(ObservationFilterChainDecorator.java:228)
	at org.springframework.security.web.ObservationFilterChainDecorator$VirtualFilterChain.doFilter(ObservationFilterChainDecorator.java:138)
	at org.springframework.security.web.authentication.AnonymousAuthenticationFilter.doFilter(AnonymousAuthenticationFilter.java:100)
	at org.springframework.security.web.ObservationFilterChainDecorator$ObservationFilter.wrapFilter(ObservationFilterChainDecorator.java:241)
	at org.springframework.security.web.ObservationFilterChainDecorator$ObservationFilter.doFilter(ObservationFilterChainDecorator.java:228)
	at org.springframework.security.web.ObservationFilterChainDecorator$VirtualFilterChain.doFilter(ObservationFilterChainDecorator.java:138)
	at org.springframework.security.web.servletapi.SecurityContextHolderAwareRequestFilter.doFilter(SecurityContextHolderAwareRequestFilter.java:179)
	at org.springframework.security.web.ObservationFilterChainDecorator$ObservationFilter.wrapFilter(ObservationFilterChainDecorator.java:241)
	at org.springframework.security.web.ObservationFilterChainDecorator$ObservationFilter.doFilter(ObservationFilterChainDecorator.java:228)
	at org.springframework.security.web.ObservationFilterChainDecorator$VirtualFilterChain.doFilter(ObservationFilterChainDecorator.java:138)
	at org.springframework.security.web.savedrequest.RequestCacheAwareFilter.doFilter(RequestCacheAwareFilter.java:63)
	at org.springframework.security.web.ObservationFilterChainDecorator$ObservationFilter.wrapFilter(ObservationFilterChainDecorator.java:241)
	at org.springframework.security.web.ObservationFilterChainDecorator$ObservationFilter.doFilter(ObservationFilterChainDecorator.java:228)
	at org.springframework.security.web.ObservationFilterChainDecorator$VirtualFilterChain.doFilter(ObservationFilterChainDecorator.java:138)
	at com.aetheris.rag.config.SecurityConfig$JwtAuthenticationFilter.doFilterInternal(SecurityConfig.java:141)
	at org.springframework.web.filter.OncePerRequestFilter.doFilter(OncePerRequestFilter.java:116)
	at org.springframework.security.web.ObservationFilterChainDecorator$ObservationFilter.wrapFilter(ObservationFilterChainDecorator.java:241)
	at org.springframework.security.web.ObservationFilterChainDecorator$ObservationFilter.doFilter(ObservationFilterChainDecorator.java:228)
	at org.springframework.security.web.ObservationFilterChainDecorator$VirtualFilterChain.doFilter(ObservationFilterChainDecorator.java:138)
	at org.springframework.security.web.authentication.logout.LogoutFilter.doFilter(LogoutFilter.java:107)
	at org.springframework.security.web.authentication.logout.LogoutFilter.doFilter(LogoutFilter.java:93)
	at org.springframework.security.web.ObservationFilterChainDecorator$ObservationFilter.wrapFilter(ObservationFilterChainDecorator.java:241)
	at org.springframework.security.web.ObservationFilterChainDecorator$ObservationFilter.doFilter(ObservationFilterChainDecorator.java:228)
	at org.springframework.security.web.ObservationFilterChainDecorator$VirtualFilterChain.doFilter(ObservationFilterChainDecorator.java:138)
	at org.springframework.web.filter.CorsFilter.doFilterInternal(CorsFilter.java:91)
	at org.springframework.web.filter.OncePerRequestFilter.doFilter(OncePerRequestFilter.java:116)
	at org.springframework.security.web.ObservationFilterChainDecorator$ObservationFilter.wrapFilter(ObservationFilterChainDecorator.java:241)
	at org.springframework.security.web.ObservationFilterChainDecorator$ObservationFilter.doFilter(ObservationFilterChainDecorator.java:228)
	at org.springframework.security.web.ObservationFilterChainDecorator$VirtualFilterChain.doFilter(ObservationFilterChainDecorator.java:138)
	at org.springframework.security.web.header.HeaderWriterFilter.doHeadersAfter(HeaderWriterFilter.java:90)
	at org.springframework.security.web.header.HeaderWriterFilter.doFilterInternal(HeaderWriterFilter.java:75)
	at org.springframework.web.filter.OncePerRequestFilter.doFilter(OncePerRequestFilter.java:116)
	at org.springframework.security.web.ObservationFilterChainDecorator$ObservationFilter.wrapFilter(ObservationFilterChainDecorator.java:241)
	at org.springframework.security.web.ObservationFilterChainDecorator$ObservationFilter.doFilter(ObservationFilterChainDecorator.java:228)
	at org.springframework.security.web.ObservationFilterChainDecorator$VirtualFilterChain.doFilter(ObservationFilterChainDecorator.java:138)
	at org.springframework.security.web.context.SecurityContextHolderFilter.doFilter(SecurityContextHolderFilter.java:82)
	at org.springframework.security.web.context.SecurityContextHolderFilter.doFilter(SecurityContextHolderFilter.java:69)
	at org.springframework.security.web.ObservationFilterChainDecorator$ObservationFilter.wrapFilter(ObservationFilterChainDecorator.java:241)
	at org.springframework.security.web.ObservationFilterChainDecorator$ObservationFilter.doFilter(ObservationFilterChainDecorator.java:228)
	at org.springframework.security.web.ObservationFilterChainDecorator$VirtualFilterChain.doFilter(ObservationFilterChainDecorator.java:138)
	at org.springframework.security.web.context.request.async.WebAsyncManagerIntegrationFilter.doFilterInternal(WebAsyncManagerIntegrationFilter.java:62)
	at org.springframework.web.filter.OncePerRequestFilter.doFilter(OncePerRequestFilter.java:116)
	at org.springframework.security.web.ObservationFilterChainDecorator$ObservationFilter.wrapFilter(ObservationFilterChainDecorator.java:241)
	at org.springframework.security.web.ObservationFilterChainDecorator$ObservationFilter.doFilter(ObservationFilterChainDecorator.java:228)
	at org.springframework.security.web.ObservationFilterChainDecorator$VirtualFilterChain.doFilter(ObservationFilterChainDecorator.java:138)
	at org.springframework.security.web.session.DisableEncodeUrlFilter.doFilterInternal(DisableEncodeUrlFilter.java:42)
	at org.springframework.web.filter.OncePerRequestFilter.doFilter(OncePerRequestFilter.java:116)
	at org.springframework.security.web.ObservationFilterChainDecorator$ObservationFilter.wrapFilter(ObservationFilterChainDecorator.java:241)
	at org.springframework.security.web.ObservationFilterChainDecorator$AroundFilterObservation$SimpleAroundFilterObservation.lambda$wrap$0(ObservationFilterChainDecorator.java:334)
	at org.springframework.security.web.ObservationFilterChainDecorator$ObservationFilter.doFilter(ObservationFilterChainDecorator.java:225)
	at org.springframework.security.web.ObservationFilterChainDecorator$VirtualFilterChain.doFilter(ObservationFilterChainDecorator.java:138)
	at org.springframework.security.web.FilterChainProxy.doFilterInternal(FilterChainProxy.java:233)
	at org.springframework.security.web.FilterChainProxy.doFilter(FilterChainProxy.java:191)
	at org.springframework.web.filter.CompositeFilter$VirtualFilterChain.doFilter(CompositeFilter.java:113)
	at org.springframework.web.filter.ServletRequestPathFilter.doFilter(ServletRequestPathFilter.java:52)
	at org.springframework.web.filter.CompositeFilter$VirtualFilterChain.doFilter(CompositeFilter.java:113)
	at org.springframework.web.filter.CompositeFilter.doFilter(CompositeFilter.java:74)
	at org.springframework.security.config.annotation.web.configuration.WebSecurityConfiguration$CompositeFilterChainProxy.doFilter(WebSecurityConfiguration.java:319)
	at org.springframework.web.filter.CompositeFilter$VirtualFilterChain.doFilter(CompositeFilter.java:113)
	at org.springframework.web.servlet.handler.HandlerMappingIntrospector.lambda$createCacheFilter$4(HandlerMappingIntrospector.java:267)
	at org.springframework.web.filter.CompositeFilter$VirtualFilterChain.doFilter(CompositeFilter.java:113)
	at org.springframework.web.filter.CompositeFilter.doFilter(CompositeFilter.java:74)
	at org.springframework.security.config.annotation.web.configuration.WebMvcSecurityConfiguration$CompositeFilterChainProxy.doFilter(WebMvcSecurityConfiguration.java:240)
	at org.springframework.web.filter.DelegatingFilterProxy.invokeDelegate(DelegatingFilterProxy.java:362)
	at org.springframework.web.filter.DelegatingFilterProxy.doFilter(DelegatingFilterProxy.java:278)
	at org.apache.catalina.core.ApplicationFilterChain.internalDoFilter(ApplicationFilterChain.java:162)
	at org.apache.catalina.core.ApplicationFilterChain.doFilter(ApplicationFilterChain.java:138)
	at org.springframework.web.filter.RequestContextFilter.doFilterInternal(RequestContextFilter.java:100)
	at org.springframework.web.filter.OncePerRequestFilter.doFilter(OncePerRequestFilter.java:116)
	at org.apache.catalina.core.ApplicationFilterChain.internalDoFilter(ApplicationFilterChain.java:162)
	at org.apache.catalina.core.ApplicationFilterChain.doFilter(ApplicationFilterChain.java:138)
	at org.springframework.web.filter.FormContentFilter.doFilterInternal(FormContentFilter.java:93)
	at org.springframework.web.filter.OncePerRequestFilter.doFilter(OncePerRequestFilter.java:116)
	at org.apache.catalina.core.ApplicationFilterChain.internalDoFilter(ApplicationFilterChain.java:162)
	at org.apache.catalina.core.ApplicationFilterChain.doFilter(ApplicationFilterChain.java:138)
	at org.springframework.web.filter.ServerHttpObservationFilter.doFilterInternal(ServerHttpObservationFilter.java:110)
	at org.springframework.web.filter.OncePerRequestFilter.doFilter(OncePerRequestFilter.java:116)
	at org.apache.catalina.core.ApplicationFilterChain.internalDoFilter(ApplicationFilterChain.java:162)
	at org.apache.catalina.core.ApplicationFilterChain.doFilter(ApplicationFilterChain.java:138)
	at org.springframework.web.filter.CharacterEncodingFilter.doFilterInternal(CharacterEncodingFilter.java:201)
	at org.springframework.web.filter.OncePerRequestFilter.doFilter(OncePerRequestFilter.java:116)
	at org.apache.catalina.core.ApplicationFilterChain.internalDoFilter(ApplicationFilterChain.java:162)
	at org.apache.catalina.core.ApplicationFilterChain.doFilter(ApplicationFilterChain.java:138)
	at org.apache.catalina.core.StandardWrapperValve.invoke(StandardWrapperValve.java:165)
	at org.apache.catalina.core.StandardContextValve.invoke(StandardContextValve.java:88)
	at org.apache.catalina.authenticator.AuthenticatorBase.invoke(AuthenticatorBase.java:482)
	at org.apache.catalina.core.StandardHostValve.invoke(StandardHostValve.java:113)
	at org.apache.catalina.valves.ErrorReportValve.invoke(ErrorReportValve.java:83)
	at org.apache.catalina.core.StandardEngineValve.invoke(StandardEngineValve.java:72)
	at org.apache.catalina.connector.CoyoteAdapter.service(CoyoteAdapter.java:342)
	at org.apache.coyote.http11.Http11Processor.service(Http11Processor.java:399)
	at org.apache.coyote.AbstractProcessorLight.process(AbstractProcessorLight.java:63)
	at org.apache.coyote.AbstractProtocol$ConnectionHandler.process(AbstractProtocol.java:903)
	at org.apache.tomcat.util.net.NioEndpoint$SocketProcessor.doRun(NioEndpoint.java:1774)
	at org.apache.tomcat.util.net.SocketProcessorBase.run(SocketProcessorBase.java:52)
	at java.base/java.lang.VirtualThread.run(VirtualThread.java:329)
Caused by: dev.langchain4j.exception.HttpException: {"error":{"code":"1113","message":"余额不足或无可用资源包,请充值。"}}
	at dev.langchain4j.http.client.jdk.JdkHttpClient.execute(JdkHttpClient.java:53)
	at dev.langchain4j.http.client.log.LoggingHttpClient.execute(LoggingHttpClient.java:49)
	at dev.langchain4j.community.model.zhipu.ZhipuAiClient.embedAll(ZhipuAiClient.java:102)
	... 160 common frames omitted
2026-03-27 21:21:24.039 [tomcat-handler-58] INFO  d.l.h.client.log.LoggingHttpClient - HTTP request:
- method: POST
- url: https://open.bigmodel.cn/api/paas/v4/embeddings
- headers: [Authorization: Beare...q0], [Content-Type: application/json]
- body: {
  "input" : "什么是机器学习",
  "model" : "embedding-3"
}

2026-03-27 21:21:24.130 [tomcat-handler-58] ERROR d.l.c.model.zhipu.ZhipuAiClient - Error response: status code: 429; body: {"error":{"code":"1113","message":"余额不足或无可用资源包,请充值。"}}
2026-03-27 21:21:24.130 [tomcat-handler-58] WARN  dev.langchain4j.internal.RetryUtils - A retriable exception occurred. Remaining retries: 2 of 3
java.lang.RuntimeException: dev.langchain4j.exception.HttpException: {"error":{"code":"1113","message":"余额不足或无可用资源包,请充值。"}}
	at dev.langchain4j.community.model.zhipu.ZhipuAiClient.embedAll(ZhipuAiClient.java:106)
	at dev.langchain4j.community.model.zhipu.ZhipuAiEmbeddingModel.lambda$embedAll$1(ZhipuAiEmbeddingModel.java:70)
	at dev.langchain4j.internal.RetryUtils$RetryPolicy.withRetry(RetryUtils.java:204)
	at dev.langchain4j.internal.RetryUtils.withRetry(RetryUtils.java:259)
	at dev.langchain4j.community.model.zhipu.ZhipuAiEmbeddingModel.lambda$embedAll$2(ZhipuAiEmbeddingModel.java:70)
	at java.base/java.util.stream.ReferencePipeline$3$1.accept(ReferencePipeline.java:197)
	at java.base/java.util.stream.ReferencePipeline$3$1.accept(ReferencePipeline.java:197)
	at java.base/java.util.AbstractList$RandomAccessSpliterator.forEachRemaining(AbstractList.java:722)
	at java.base/java.util.stream.AbstractPipeline.copyInto(AbstractPipeline.java:509)
	at java.base/java.util.stream.AbstractPipeline.wrapAndCopyInto(AbstractPipeline.java:499)
	at java.base/java.util.stream.ReduceOps$ReduceOp.evaluateSequential(ReduceOps.java:921)
	at java.base/java.util.stream.AbstractPipeline.evaluate(AbstractPipeline.java:234)
	at java.base/java.util.stream.ReferencePipeline.collect(ReferencePipeline.java:682)
	at dev.langchain4j.community.model.zhipu.ZhipuAiEmbeddingModel.embedAll(ZhipuAiEmbeddingModel.java:71)
	at com.aetheris.rag.gateway.EmbeddingGateway.lambda$embed$0(EmbeddingGateway.java:123)
	at com.aetheris.rag.gateway.retry.ModelRetryStrategy.executeWithRetry(ModelRetryStrategy.java:106)
	at com.aetheris.rag.gateway.EmbeddingGateway.embed(EmbeddingGateway.java:119)
	at com.aetheris.rag.service.impl.SearchServiceImpl.search(SearchServiceImpl.java:101)
	at com.aetheris.rag.service.impl.SearchServiceImpl.searchAggregated(SearchServiceImpl.java:492)
	at com.aetheris.rag.service.impl.RagServiceImpl.ask(RagServiceImpl.java:76)
	at java.base/jdk.internal.reflect.DirectMethodHandleAccessor.invoke(DirectMethodHandleAccessor.java:103)
	at java.base/java.lang.reflect.Method.invoke(Method.java:580)
	at org.springframework.aop.support.AopUtils.invokeJoinpointUsingReflection(AopUtils.java:360)
	at org.springframework.aop.framework.JdkDynamicAopProxy.invoke(JdkDynamicAopProxy.java:216)
	at jdk.proxy2/jdk.proxy2.$Proxy135.ask(Unknown Source)
	at com.aetheris.rag.controller.ChatController.ask(ChatController.java:76)
	at java.base/jdk.internal.reflect.DirectMethodHandleAccessor.invoke(DirectMethodHandleAccessor.java:103)
	at java.base/java.lang.reflect.Method.invoke(Method.java:580)
	at org.springframework.web.method.support.InvocableHandlerMethod.doInvoke(InvocableHandlerMethod.java:258)
	at org.springframework.web.method.support.InvocableHandlerMethod.invokeForRequest(InvocableHandlerMethod.java:191)
	at org.springframework.web.servlet.mvc.method.annotation.ServletInvocableHandlerMethod.invokeAndHandle(ServletInvocableHandlerMethod.java:118)
	at org.springframework.web.servlet.mvc.method.annotation.RequestMappingHandlerAdapter.invokeHandlerMethod(RequestMappingHandlerAdapter.java:991)
	at org.springframework.web.servlet.mvc.method.annotation.RequestMappingHandlerAdapter.handleInternal(RequestMappingHandlerAdapter.java:896)
	at org.springframework.web.servlet.mvc.method.AbstractHandlerMethodAdapter.handle(AbstractHandlerMethodAdapter.java:87)
	at org.springframework.web.servlet.DispatcherServlet.doDispatch(DispatcherServlet.java:1089)
	at org.springframework.web.servlet.DispatcherServlet.doService(DispatcherServlet.java:979)
	at org.springframework.web.servlet.FrameworkServlet.processRequest(FrameworkServlet.java:1014)
	at org.springframework.web.servlet.FrameworkServlet.doPost(FrameworkServlet.java:914)
	at jakarta.servlet.http.HttpServlet.service(HttpServlet.java:590)
	at org.springframework.web.servlet.FrameworkServlet.service(FrameworkServlet.java:885)
	at jakarta.servlet.http.HttpServlet.service(HttpServlet.java:658)
	at org.apache.catalina.core.ApplicationFilterChain.internalDoFilter(ApplicationFilterChain.java:193)
	at org.apache.catalina.core.ApplicationFilterChain.doFilter(ApplicationFilterChain.java:138)
	at org.apache.tomcat.websocket.server.WsFilter.doFilter(WsFilter.java:51)
	at org.apache.catalina.core.ApplicationFilterChain.internalDoFilter(ApplicationFilterChain.java:162)
	at org.apache.catalina.core.ApplicationFilterChain.doFilter(ApplicationFilterChain.java:138)
	at org.springframework.web.filter.CompositeFilter$VirtualFilterChain.doFilter(CompositeFilter.java:108)
	at org.springframework.web.filter.CompositeFilter$VirtualFilterChain.doFilter(CompositeFilter.java:108)
	at org.springframework.security.web.FilterChainProxy.lambda$doFilterInternal$3(FilterChainProxy.java:231)
	at org.springframework.security.web.ObservationFilterChainDecorator$FilterObservation$SimpleFilterObservation.lambda$wrap$1(ObservationFilterChainDecorator.java:490)
	at org.springframework.security.web.ObservationFilterChainDecorator$AroundFilterObservation$SimpleAroundFilterObservation.lambda$wrap$1(ObservationFilterChainDecorator.java:351)
	at org.springframework.security.web.ObservationFilterChainDecorator.lambda$wrapSecured$0(ObservationFilterChainDecorator.java:83)
	at org.springframework.security.web.ObservationFilterChainDecorator$VirtualFilterChain.doFilter(ObservationFilterChainDecorator.java:129)
	at org.springframework.security.web.access.intercept.AuthorizationFilter.doFilter(AuthorizationFilter.java:101)
	at org.springframework.security.web.ObservationFilterChainDecorator$ObservationFilter.wrapFilter(ObservationFilterChainDecorator.java:241)
	at org.springframework.security.web.ObservationFilterChainDecorator$ObservationFilter.doFilter(ObservationFilterChainDecorator.java:228)
	at org.springframework.security.web.ObservationFilterChainDecorator$VirtualFilterChain.doFilter(ObservationFilterChainDecorator.java:138)
	at org.springframework.security.web.access.ExceptionTranslationFilter.doFilter(ExceptionTranslationFilter.java:125)
	at org.springframework.security.web.access.ExceptionTranslationFilter.doFilter(ExceptionTranslationFilter.java:119)
	at org.springframework.security.web.ObservationFilterChainDecorator$ObservationFilter.wrapFilter(ObservationFilterChainDecorator.java:241)
	at org.springframework.security.web.ObservationFilterChainDecorator$ObservationFilter.doFilter(ObservationFilterChainDecorator.java:228)
	at org.springframework.security.web.ObservationFilterChainDecorator$VirtualFilterChain.doFilter(ObservationFilterChainDecorator.java:138)
	at org.springframework.security.web.session.SessionManagementFilter.doFilter(SessionManagementFilter.java:131)
	at org.springframework.security.web.session.SessionManagementFilter.doFilter(SessionManagementFilter.java:85)
	at org.springframework.security.web.ObservationFilterChainDecorator$ObservationFilter.wrapFilter(ObservationFilterChainDecorator.java:241)
	at org.springframework.security.web.ObservationFilterChainDecorator$ObservationFilter.doFilter(ObservationFilterChainDecorator.java:228)
	at org.springframework.security.web.ObservationFilterChainDecorator$VirtualFilterChain.doFilter(ObservationFilterChainDecorator.java:138)
	at org.springframework.security.web.authentication.AnonymousAuthenticationFilter.doFilter(AnonymousAuthenticationFilter.java:100)
	at org.springframework.security.web.ObservationFilterChainDecorator$ObservationFilter.wrapFilter(ObservationFilterChainDecorator.java:241)
	at org.springframework.security.web.ObservationFilterChainDecorator$ObservationFilter.doFilter(ObservationFilterChainDecorator.java:228)
	at org.springframework.security.web.ObservationFilterChainDecorator$VirtualFilterChain.doFilter(ObservationFilterChainDecorator.java:138)
	at org.springframework.security.web.servletapi.SecurityContextHolderAwareRequestFilter.doFilter(SecurityContextHolderAwareRequestFilter.java:179)
	at org.springframework.security.web.ObservationFilterChainDecorator$ObservationFilter.wrapFilter(ObservationFilterChainDecorator.java:241)
	at org.springframework.security.web.ObservationFilterChainDecorator$ObservationFilter.doFilter(ObservationFilterChainDecorator.java:228)
	at org.springframework.security.web.ObservationFilterChainDecorator$VirtualFilterChain.doFilter(ObservationFilterChainDecorator.java:138)
	at org.springframework.security.web.savedrequest.RequestCacheAwareFilter.doFilter(RequestCacheAwareFilter.java:63)
	at org.springframework.security.web.ObservationFilterChainDecorator$ObservationFilter.wrapFilter(ObservationFilterChainDecorator.java:241)
	at org.springframework.security.web.ObservationFilterChainDecorator$ObservationFilter.doFilter(ObservationFilterChainDecorator.java:228)
	at org.springframework.security.web.ObservationFilterChainDecorator$VirtualFilterChain.doFilter(ObservationFilterChainDecorator.java:138)
	at com.aetheris.rag.config.SecurityConfig$JwtAuthenticationFilter.doFilterInternal(SecurityConfig.java:141)
	at org.springframework.web.filter.OncePerRequestFilter.doFilter(OncePerRequestFilter.java:116)
	at org.springframework.security.web.ObservationFilterChainDecorator$ObservationFilter.wrapFilter(ObservationFilterChainDecorator.java:241)
	at org.springframework.security.web.ObservationFilterChainDecorator$ObservationFilter.doFilter(ObservationFilterChainDecorator.java:228)
	at org.springframework.security.web.ObservationFilterChainDecorator$VirtualFilterChain.doFilter(ObservationFilterChainDecorator.java:138)
	at org.springframework.security.web.authentication.logout.LogoutFilter.doFilter(LogoutFilter.java:107)
	at org.springframework.security.web.authentication.logout.LogoutFilter.doFilter(LogoutFilter.java:93)
	at org.springframework.security.web.ObservationFilterChainDecorator$ObservationFilter.wrapFilter(ObservationFilterChainDecorator.java:241)
	at org.springframework.security.web.ObservationFilterChainDecorator$ObservationFilter.doFilter(ObservationFilterChainDecorator.java:228)
	at org.springframework.security.web.ObservationFilterChainDecorator$VirtualFilterChain.doFilter(ObservationFilterChainDecorator.java:138)
	at org.springframework.web.filter.CorsFilter.doFilterInternal(CorsFilter.java:91)
	at org.springframework.web.filter.OncePerRequestFilter.doFilter(OncePerRequestFilter.java:116)
	at org.springframework.security.web.ObservationFilterChainDecorator$ObservationFilter.wrapFilter(ObservationFilterChainDecorator.java:241)
	at org.springframework.security.web.ObservationFilterChainDecorator$ObservationFilter.doFilter(ObservationFilterChainDecorator.java:228)
	at org.springframework.security.web.ObservationFilterChainDecorator$VirtualFilterChain.doFilter(ObservationFilterChainDecorator.java:138)
	at org.springframework.security.web.header.HeaderWriterFilter.doHeadersAfter(HeaderWriterFilter.java:90)
	at org.springframework.security.web.header.HeaderWriterFilter.doFilterInternal(HeaderWriterFilter.java:75)
	at org.springframework.web.filter.OncePerRequestFilter.doFilter(OncePerRequestFilter.java:116)
	at org.springframework.security.web.ObservationFilterChainDecorator$ObservationFilter.wrapFilter(ObservationFilterChainDecorator.java:241)
	at org.springframework.security.web.ObservationFilterChainDecorator$ObservationFilter.doFilter(ObservationFilterChainDecorator.java:228)
	at org.springframework.security.web.ObservationFilterChainDecorator$VirtualFilterChain.doFilter(ObservationFilterChainDecorator.java:138)
	at org.springframework.security.web.context.SecurityContextHolderFilter.doFilter(SecurityContextHolderFilter.java:82)
	at org.springframework.security.web.context.SecurityContextHolderFilter.doFilter(SecurityContextHolderFilter.java:69)
	at org.springframework.security.web.ObservationFilterChainDecorator$ObservationFilter.wrapFilter(ObservationFilterChainDecorator.java:241)
	at org.springframework.security.web.ObservationFilterChainDecorator$ObservationFilter.doFilter(ObservationFilterChainDecorator.java:228)
	at org.springframework.security.web.ObservationFilterChainDecorator$VirtualFilterChain.doFilter(ObservationFilterChainDecorator.java:138)
	at org.springframework.security.web.context.request.async.WebAsyncManagerIntegrationFilter.doFilterInternal(WebAsyncManagerIntegrationFilter.java:62)
	at org.springframework.web.filter.OncePerRequestFilter.doFilter(OncePerRequestFilter.java:116)
	at org.springframework.security.web.ObservationFilterChainDecorator$ObservationFilter.wrapFilter(ObservationFilterChainDecorator.java:241)
	at org.springframework.security.web.ObservationFilterChainDecorator$ObservationFilter.doFilter(ObservationFilterChainDecorator.java:228)
	at org.springframework.security.web.ObservationFilterChainDecorator$VirtualFilterChain.doFilter(ObservationFilterChainDecorator.java:138)
	at org.springframework.security.web.session.DisableEncodeUrlFilter.doFilterInternal(DisableEncodeUrlFilter.java:42)
	at org.springframework.web.filter.OncePerRequestFilter.doFilter(OncePerRequestFilter.java:116)
	at org.springframework.security.web.ObservationFilterChainDecorator$ObservationFilter.wrapFilter(ObservationFilterChainDecorator.java:241)
	at org.springframework.security.web.ObservationFilterChainDecorator$AroundFilterObservation$SimpleAroundFilterObservation.lambda$wrap$0(ObservationFilterChainDecorator.java:334)
	at org.springframework.security.web.ObservationFilterChainDecorator$ObservationFilter.doFilter(ObservationFilterChainDecorator.java:225)
	at org.springframework.security.web.ObservationFilterChainDecorator$VirtualFilterChain.doFilter(ObservationFilterChainDecorator.java:138)
	at org.springframework.security.web.FilterChainProxy.doFilterInternal(FilterChainProxy.java:233)
	at org.springframework.security.web.FilterChainProxy.doFilter(FilterChainProxy.java:191)
	at org.springframework.web.filter.CompositeFilter$VirtualFilterChain.doFilter(CompositeFilter.java:113)
	at org.springframework.web.filter.ServletRequestPathFilter.doFilter(ServletRequestPathFilter.java:52)
	at org.springframework.web.filter.CompositeFilter$VirtualFilterChain.doFilter(CompositeFilter.java:113)
	at org.springframework.web.filter.CompositeFilter.doFilter(CompositeFilter.java:74)
	at org.springframework.security.config.annotation.web.configuration.WebSecurityConfiguration$CompositeFilterChainProxy.doFilter(WebSecurityConfiguration.java:319)
	at org.springframework.web.filter.CompositeFilter$VirtualFilterChain.doFilter(CompositeFilter.java:113)
	at org.springframework.web.servlet.handler.HandlerMappingIntrospector.lambda$createCacheFilter$4(HandlerMappingIntrospector.java:267)
	at org.springframework.web.filter.CompositeFilter$VirtualFilterChain.doFilter(CompositeFilter.java:113)
	at org.springframework.web.filter.CompositeFilter.doFilter(CompositeFilter.java:74)
	at org.springframework.security.config.annotation.web.configuration.WebMvcSecurityConfiguration$CompositeFilterChainProxy.doFilter(WebMvcSecurityConfiguration.java:240)
	at org.springframework.web.filter.DelegatingFilterProxy.invokeDelegate(DelegatingFilterProxy.java:362)
	at org.springframework.web.filter.DelegatingFilterProxy.doFilter(DelegatingFilterProxy.java:278)
	at org.apache.catalina.core.ApplicationFilterChain.internalDoFilter(ApplicationFilterChain.java:162)
	at org.apache.catalina.core.ApplicationFilterChain.doFilter(ApplicationFilterChain.java:138)
	at org.springframework.web.filter.RequestContextFilter.doFilterInternal(RequestContextFilter.java:100)
	at org.springframework.web.filter.OncePerRequestFilter.doFilter(OncePerRequestFilter.java:116)
	at org.apache.catalina.core.ApplicationFilterChain.internalDoFilter(ApplicationFilterChain.java:162)
	at org.apache.catalina.core.ApplicationFilterChain.doFilter(ApplicationFilterChain.java:138)
	at org.springframework.web.filter.FormContentFilter.doFilterInternal(FormContentFilter.java:93)
	at org.springframework.web.filter.OncePerRequestFilter.doFilter(OncePerRequestFilter.java:116)
	at org.apache.catalina.core.ApplicationFilterChain.internalDoFilter(ApplicationFilterChain.java:162)
	at org.apache.catalina.core.ApplicationFilterChain.doFilter(ApplicationFilterChain.java:138)
	at org.springframework.web.filter.ServerHttpObservationFilter.doFilterInternal(ServerHttpObservationFilter.java:110)
	at org.springframework.web.filter.OncePerRequestFilter.doFilter(OncePerRequestFilter.java:116)
	at org.apache.catalina.core.ApplicationFilterChain.internalDoFilter(ApplicationFilterChain.java:162)
	at org.apache.catalina.core.ApplicationFilterChain.doFilter(ApplicationFilterChain.java:138)
	at org.springframework.web.filter.CharacterEncodingFilter.doFilterInternal(CharacterEncodingFilter.java:201)
	at org.springframework.web.filter.OncePerRequestFilter.doFilter(OncePerRequestFilter.java:116)
	at org.apache.catalina.core.ApplicationFilterChain.internalDoFilter(ApplicationFilterChain.java:162)
	at org.apache.catalina.core.ApplicationFilterChain.doFilter(ApplicationFilterChain.java:138)
	at org.apache.catalina.core.StandardWrapperValve.invoke(StandardWrapperValve.java:165)
	at org.apache.catalina.core.StandardContextValve.invoke(StandardContextValve.java:88)
	at org.apache.catalina.authenticator.AuthenticatorBase.invoke(AuthenticatorBase.java:482)
	at org.apache.catalina.core.StandardHostValve.invoke(StandardHostValve.java:113)
	at org.apache.catalina.valves.ErrorReportValve.invoke(ErrorReportValve.java:83)
	at org.apache.catalina.core.StandardEngineValve.invoke(StandardEngineValve.java:72)
	at org.apache.catalina.connector.CoyoteAdapter.service(CoyoteAdapter.java:342)
	at org.apache.coyote.http11.Http11Processor.service(Http11Processor.java:399)
	at org.apache.coyote.AbstractProcessorLight.process(AbstractProcessorLight.java:63)
	at org.apache.coyote.AbstractProtocol$ConnectionHandler.process(AbstractProtocol.java:903)
	at org.apache.tomcat.util.net.NioEndpoint$SocketProcessor.doRun(NioEndpoint.java:1774)
	at org.apache.tomcat.util.net.SocketProcessorBase.run(SocketProcessorBase.java:52)
	at java.base/java.lang.VirtualThread.run(VirtualThread.java:329)
Caused by: dev.langchain4j.exception.HttpException: {"error":{"code":"1113","message":"余额不足或无可用资源包,请充值。"}}
	at dev.langchain4j.http.client.jdk.JdkHttpClient.execute(JdkHttpClient.java:53)
	at dev.langchain4j.http.client.log.LoggingHttpClient.execute(LoggingHttpClient.java:49)
	at dev.langchain4j.community.model.zhipu.ZhipuAiClient.embedAll(ZhipuAiClient.java:102)
	... 160 common frames omitted
2026-03-27 21:21:24.946 [tomcat-handler-58] INFO  d.l.h.client.log.LoggingHttpClient - HTTP request:
- method: POST
- url: https://open.bigmodel.cn/api/paas/v4/embeddings
- headers: [Authorization: Beare...qY], [Content-Type: application/json]
- body: {
  "input" : "什么是机器学习",
  "model" : "embedding-3"
}

2026-03-27 21:21:25.021 [tomcat-handler-58] ERROR d.l.c.model.zhipu.ZhipuAiClient - Error response: status code: 429; body: {"error":{"code":"1113","message":"余额不足或无可用资源包,请充值。"}}
2026-03-27 21:21:25.021 [tomcat-handler-58] WARN  dev.langchain4j.internal.RetryUtils - A retriable exception occurred. Remaining retries: 1 of 3
java.lang.RuntimeException: dev.langchain4j.exception.HttpException: {"error":{"code":"1113","message":"余额不足或无可用资源包,请充值。"}}
	at dev.langchain4j.community.model.zhipu.ZhipuAiClient.embedAll(ZhipuAiClient.java:106)
	at dev.langchain4j.community.model.zhipu.ZhipuAiEmbeddingModel.lambda$embedAll$1(ZhipuAiEmbeddingModel.java:70)
	at dev.langchain4j.internal.RetryUtils$RetryPolicy.withRetry(RetryUtils.java:204)
	at dev.langchain4j.internal.RetryUtils.withRetry(RetryUtils.java:259)
	at dev.langchain4j.community.model.zhipu.ZhipuAiEmbeddingModel.lambda$embedAll$2(ZhipuAiEmbeddingModel.java:70)
	at java.base/java.util.stream.ReferencePipeline$3$1.accept(ReferencePipeline.java:197)
	at java.base/java.util.stream.ReferencePipeline$3$1.accept(ReferencePipeline.java:197)
	at java.base/java.util.AbstractList$RandomAccessSpliterator.forEachRemaining(AbstractList.java:722)
	at java.base/java.util.stream.AbstractPipeline.copyInto(AbstractPipeline.java:509)
	at java.base/java.util.stream.AbstractPipeline.wrapAndCopyInto(AbstractPipeline.java:499)
	at java.base/java.util.stream.ReduceOps$ReduceOp.evaluateSequential(ReduceOps.java:921)
	at java.base/java.util.stream.AbstractPipeline.evaluate(AbstractPipeline.java:234)
	at java.base/java.util.stream.ReferencePipeline.collect(ReferencePipeline.java:682)
	at dev.langchain4j.community.model.zhipu.ZhipuAiEmbeddingModel.embedAll(ZhipuAiEmbeddingModel.java:71)
	at com.aetheris.rag.gateway.EmbeddingGateway.lambda$embed$0(EmbeddingGateway.java:123)
	at com.aetheris.rag.gateway.retry.ModelRetryStrategy.executeWithRetry(ModelRetryStrategy.java:106)
	at com.aetheris.rag.gateway.EmbeddingGateway.embed(EmbeddingGateway.java:119)
	at com.aetheris.rag.service.impl.SearchServiceImpl.search(SearchServiceImpl.java:101)
	at com.aetheris.rag.service.impl.SearchServiceImpl.searchAggregated(SearchServiceImpl.java:492)
	at com.aetheris.rag.service.impl.RagServiceImpl.ask(RagServiceImpl.java:76)
	at java.base/jdk.internal.reflect.DirectMethodHandleAccessor.invoke(DirectMethodHandleAccessor.java:103)
	at java.base/java.lang.reflect.Method.invoke(Method.java:580)
	at org.springframework.aop.support.AopUtils.invokeJoinpointUsingReflection(AopUtils.java:360)
	at org.springframework.aop.framework.JdkDynamicAopProxy.invoke(JdkDynamicAopProxy.java:216)
	at jdk.proxy2/jdk.proxy2.$Proxy135.ask(Unknown Source)
	at com.aetheris.rag.controller.ChatController.ask(ChatController.java:76)
	at java.base/jdk.internal.reflect.DirectMethodHandleAccessor.invoke(DirectMethodHandleAccessor.java:103)
	at java.base/java.lang.reflect.Method.invoke(Method.java:580)
	at org.springframework.web.method.support.InvocableHandlerMethod.doInvoke(InvocableHandlerMethod.java:258)
	at org.springframework.web.method.support.InvocableHandlerMethod.invokeForRequest(InvocableHandlerMethod.java:191)
	at org.springframework.web.servlet.mvc.method.annotation.ServletInvocableHandlerMethod.invokeAndHandle(ServletInvocableHandlerMethod.java:118)
	at org.springframework.web.servlet.mvc.method.annotation.RequestMappingHandlerAdapter.invokeHandlerMethod(RequestMappingHandlerAdapter.java:991)
	at org.springframework.web.servlet.mvc.method.annotation.RequestMappingHandlerAdapter.handleInternal(RequestMappingHandlerAdapter.java:896)
	at org.springframework.web.servlet.mvc.method.AbstractHandlerMethodAdapter.handle(AbstractHandlerMethodAdapter.java:87)
	at org.springframework.web.servlet.DispatcherServlet.doDispatch(DispatcherServlet.java:1089)
	at org.springframework.web.servlet.DispatcherServlet.doService(DispatcherServlet.java:979)
	at org.springframework.web.servlet.FrameworkServlet.processRequest(FrameworkServlet.java:1014)
	at org.springframework.web.servlet.FrameworkServlet.doPost(FrameworkServlet.java:914)
	at jakarta.servlet.http.HttpServlet.service(HttpServlet.java:590)
	at org.springframework.web.servlet.FrameworkServlet.service(FrameworkServlet.java:885)
	at jakarta.servlet.http.HttpServlet.service(HttpServlet.java:658)
	at org.apache.catalina.core.ApplicationFilterChain.internalDoFilter(ApplicationFilterChain.java:193)
	at org.apache.catalina.core.ApplicationFilterChain.doFilter(ApplicationFilterChain.java:138)
	at org.apache.tomcat.websocket.server.WsFilter.doFilter(WsFilter.java:51)
	at org.apache.catalina.core.ApplicationFilterChain.internalDoFilter(ApplicationFilterChain.java:162)
	at org.apache.catalina.core.ApplicationFilterChain.doFilter(ApplicationFilterChain.java:138)
	at org.springframework.web.filter.CompositeFilter$VirtualFilterChain.doFilter(CompositeFilter.java:108)
	at org.springframework.web.filter.CompositeFilter$VirtualFilterChain.doFilter(CompositeFilter.java:108)
	at org.springframework.security.web.FilterChainProxy.lambda$doFilterInternal$3(FilterChainProxy.java:231)
	at org.springframework.security.web.ObservationFilterChainDecorator$FilterObservation$SimpleFilterObservation.lambda$wrap$1(ObservationFilterChainDecorator.java:490)
	at org.springframework.security.web.ObservationFilterChainDecorator$AroundFilterObservation$SimpleAroundFilterObservation.lambda$wrap$1(ObservationFilterChainDecorator.java:351)
	at org.springframework.security.web.ObservationFilterChainDecorator.lambda$wrapSecured$0(ObservationFilterChainDecorator.java:83)
	at org.springframework.security.web.ObservationFilterChainDecorator$VirtualFilterChain.doFilter(ObservationFilterChainDecorator.java:129)
	at org.springframework.security.web.access.intercept.AuthorizationFilter.doFilter(AuthorizationFilter.java:101)
	at org.springframework.security.web.ObservationFilterChainDecorator$ObservationFilter.wrapFilter(ObservationFilterChainDecorator.java:241)
	at org.springframework.security.web.ObservationFilterChainDecorator$ObservationFilter.doFilter(ObservationFilterChainDecorator.java:228)
	at org.springframework.security.web.ObservationFilterChainDecorator$VirtualFilterChain.doFilter(ObservationFilterChainDecorator.java:138)
	at org.springframework.security.web.access.ExceptionTranslationFilter.doFilter(ExceptionTranslationFilter.java:125)
	at org.springframework.security.web.access.ExceptionTranslationFilter.doFilter(ExceptionTranslationFilter.java:119)
	at org.springframework.security.web.ObservationFilterChainDecorator$ObservationFilter.wrapFilter(ObservationFilterChainDecorator.java:241)
	at org.springframework.security.web.ObservationFilterChainDecorator$ObservationFilter.doFilter(ObservationFilterChainDecorator.java:228)
	at org.springframework.security.web.ObservationFilterChainDecorator$VirtualFilterChain.doFilter(ObservationFilterChainDecorator.java:138)
	at org.springframework.security.web.session.SessionManagementFilter.doFilter(SessionManagementFilter.java:131)
	at org.springframework.security.web.session.SessionManagementFilter.doFilter(SessionManagementFilter.java:85)
	at org.springframework.security.web.ObservationFilterChainDecorator$ObservationFilter.wrapFilter(ObservationFilterChainDecorator.java:241)
	at org.springframework.security.web.ObservationFilterChainDecorator$ObservationFilter.doFilter(ObservationFilterChainDecorator.java:228)
	at org.springframework.security.web.ObservationFilterChainDecorator$VirtualFilterChain.doFilter(ObservationFilterChainDecorator.java:138)
	at org.springframework.security.web.authentication.AnonymousAuthenticationFilter.doFilter(AnonymousAuthenticationFilter.java:100)
	at org.springframework.security.web.ObservationFilterChainDecorator$ObservationFilter.wrapFilter(ObservationFilterChainDecorator.java:241)
	at org.springframework.security.web.ObservationFilterChainDecorator$ObservationFilter.doFilter(ObservationFilterChainDecorator.java:228)
	at org.springframework.security.web.ObservationFilterChainDecorator$VirtualFilterChain.doFilter(ObservationFilterChainDecorator.java:138)
	at org.springframework.security.web.servletapi.SecurityContextHolderAwareRequestFilter.doFilter(SecurityContextHolderAwareRequestFilter.java:179)
	at org.springframework.security.web.ObservationFilterChainDecorator$ObservationFilter.wrapFilter(ObservationFilterChainDecorator.java:241)
	at org.springframework.security.web.ObservationFilterChainDecorator$ObservationFilter.doFilter(ObservationFilterChainDecorator.java:228)
	at org.springframework.security.web.ObservationFilterChainDecorator$VirtualFilterChain.doFilter(ObservationFilterChainDecorator.java:138)
	at org.springframework.security.web.savedrequest.RequestCacheAwareFilter.doFilter(RequestCacheAwareFilter.java:63)
	at org.springframework.security.web.ObservationFilterChainDecorator$ObservationFilter.wrapFilter(ObservationFilterChainDecorator.java:241)
	at org.springframework.security.web.ObservationFilterChainDecorator$ObservationFilter.doFilter(ObservationFilterChainDecorator.java:228)
	at org.springframework.security.web.ObservationFilterChainDecorator$VirtualFilterChain.doFilter(ObservationFilterChainDecorator.java:138)
	at com.aetheris.rag.config.SecurityConfig$JwtAuthenticationFilter.doFilterInternal(SecurityConfig.java:141)
	at org.springframework.web.filter.OncePerRequestFilter.doFilter(OncePerRequestFilter.java:116)
	at org.springframework.security.web.ObservationFilterChainDecorator$ObservationFilter.wrapFilter(ObservationFilterChainDecorator.java:241)
	at org.springframework.security.web.ObservationFilterChainDecorator$ObservationFilter.doFilter(ObservationFilterChainDecorator.java:228)
	at org.springframework.security.web.ObservationFilterChainDecorator$VirtualFilterChain.doFilter(ObservationFilterChainDecorator.java:138)
	at org.springframework.security.web.authentication.logout.LogoutFilter.doFilter(LogoutFilter.java:107)
	at org.springframework.security.web.authentication.logout.LogoutFilter.doFilter(LogoutFilter.java:93)
	at org.springframework.security.web.ObservationFilterChainDecorator$ObservationFilter.wrapFilter(ObservationFilterChainDecorator.java:241)
	at org.springframework.security.web.ObservationFilterChainDecorator$ObservationFilter.doFilter(ObservationFilterChainDecorator.java:228)
	at org.springframework.security.web.ObservationFilterChainDecorator$VirtualFilterChain.doFilter(ObservationFilterChainDecorator.java:138)
	at org.springframework.web.filter.CorsFilter.doFilterInternal(CorsFilter.java:91)
	at org.springframework.web.filter.OncePerRequestFilter.doFilter(OncePerRequestFilter.java:116)
	at org.springframework.security.web.ObservationFilterChainDecorator$ObservationFilter.wrapFilter(ObservationFilterChainDecorator.java:241)
	at org.springframework.security.web.ObservationFilterChainDecorator$ObservationFilter.doFilter(ObservationFilterChainDecorator.java:228)
	at org.springframework.security.web.ObservationFilterChainDecorator$VirtualFilterChain.doFilter(ObservationFilterChainDecorator.java:138)
	at org.springframework.security.web.header.HeaderWriterFilter.doHeadersAfter(HeaderWriterFilter.java:90)
	at org.springframework.security.web.header.HeaderWriterFilter.doFilterInternal(HeaderWriterFilter.java:75)
	at org.springframework.web.filter.OncePerRequestFilter.doFilter(OncePerRequestFilter.java:116)
	at org.springframework.security.web.ObservationFilterChainDecorator$ObservationFilter.wrapFilter(ObservationFilterChainDecorator.java:241)
	at org.springframework.security.web.ObservationFilterChainDecorator$ObservationFilter.doFilter(ObservationFilterChainDecorator.java:228)
	at org.springframework.security.web.ObservationFilterChainDecorator$VirtualFilterChain.doFilter(ObservationFilterChainDecorator.java:138)
	at org.springframework.security.web.context.SecurityContextHolderFilter.doFilter(SecurityContextHolderFilter.java:82)
	at org.springframework.security.web.context.SecurityContextHolderFilter.doFilter(SecurityContextHolderFilter.java:69)
	at org.springframework.security.web.ObservationFilterChainDecorator$ObservationFilter.wrapFilter(ObservationFilterChainDecorator.java:241)
	at org.springframework.security.web.ObservationFilterChainDecorator$ObservationFilter.doFilter(ObservationFilterChainDecorator.java:228)
	at org.springframework.security.web.ObservationFilterChainDecorator$VirtualFilterChain.doFilter(ObservationFilterChainDecorator.java:138)
	at org.springframework.security.web.context.request.async.WebAsyncManagerIntegrationFilter.doFilterInternal(WebAsyncManagerIntegrationFilter.java:62)
	at org.springframework.web.filter.OncePerRequestFilter.doFilter(OncePerRequestFilter.java:116)
	at org.springframework.security.web.ObservationFilterChainDecorator$ObservationFilter.wrapFilter(ObservationFilterChainDecorator.java:241)
	at org.springframework.security.web.ObservationFilterChainDecorator$ObservationFilter.doFilter(ObservationFilterChainDecorator.java:228)
	at org.springframework.security.web.ObservationFilterChainDecorator$VirtualFilterChain.doFilter(ObservationFilterChainDecorator.java:138)
	at org.springframework.security.web.session.DisableEncodeUrlFilter.doFilterInternal(DisableEncodeUrlFilter.java:42)
	at org.springframework.web.filter.OncePerRequestFilter.doFilter(OncePerRequestFilter.java:116)
	at org.springframework.security.web.ObservationFilterChainDecorator$ObservationFilter.wrapFilter(ObservationFilterChainDecorator.java:241)
	at org.springframework.security.web.ObservationFilterChainDecorator$AroundFilterObservation$SimpleAroundFilterObservation.lambda$wrap$0(ObservationFilterChainDecorator.java:334)
	at org.springframework.security.web.ObservationFilterChainDecorator$ObservationFilter.doFilter(ObservationFilterChainDecorator.java:225)
	at org.springframework.security.web.ObservationFilterChainDecorator$VirtualFilterChain.doFilter(ObservationFilterChainDecorator.java:138)
	at org.springframework.security.web.FilterChainProxy.doFilterInternal(FilterChainProxy.java:233)
	at org.springframework.security.web.FilterChainProxy.doFilter(FilterChainProxy.java:191)
	at org.springframework.web.filter.CompositeFilter$VirtualFilterChain.doFilter(CompositeFilter.java:113)
	at org.springframework.web.filter.ServletRequestPathFilter.doFilter(ServletRequestPathFilter.java:52)
	at org.springframework.web.filter.CompositeFilter$VirtualFilterChain.doFilter(CompositeFilter.java:113)
	at org.springframework.web.filter.CompositeFilter.doFilter(CompositeFilter.java:74)
	at org.springframework.security.config.annotation.web.configuration.WebSecurityConfiguration$CompositeFilterChainProxy.doFilter(WebSecurityConfiguration.java:319)
	at org.springframework.web.filter.CompositeFilter$VirtualFilterChain.doFilter(CompositeFilter.java:113)
	at org.springframework.web.servlet.handler.HandlerMappingIntrospector.lambda$createCacheFilter$4(HandlerMappingIntrospector.java:267)
	at org.springframework.web.filter.CompositeFilter$VirtualFilterChain.doFilter(CompositeFilter.java:113)
	at org.springframework.web.filter.CompositeFilter.doFilter(CompositeFilter.java:74)
	at org.springframework.security.config.annotation.web.configuration.WebMvcSecurityConfiguration$CompositeFilterChainProxy.doFilter(WebMvcSecurityConfiguration.java:240)
	at org.springframework.web.filter.DelegatingFilterProxy.invokeDelegate(DelegatingFilterProxy.java:362)
	at org.springframework.web.filter.DelegatingFilterProxy.doFilter(DelegatingFilterProxy.java:278)
	at org.apache.catalina.core.ApplicationFilterChain.internalDoFilter(ApplicationFilterChain.java:162)
	at org.apache.catalina.core.ApplicationFilterChain.doFilter(ApplicationFilterChain.java:138)
	at org.springframework.web.filter.RequestContextFilter.doFilterInternal(RequestContextFilter.java:100)
	at org.springframework.web.filter.OncePerRequestFilter.doFilter(OncePerRequestFilter.java:116)
	at org.apache.catalina.core.ApplicationFilterChain.internalDoFilter(ApplicationFilterChain.java:162)
	at org.apache.catalina.core.ApplicationFilterChain.doFilter(ApplicationFilterChain.java:138)
	at org.springframework.web.filter.FormContentFilter.doFilterInternal(FormContentFilter.java:93)
	at org.springframework.web.filter.OncePerRequestFilter.doFilter(OncePerRequestFilter.java:116)
	at org.apache.catalina.core.ApplicationFilterChain.internalDoFilter(ApplicationFilterChain.java:162)
	at org.apache.catalina.core.ApplicationFilterChain.doFilter(ApplicationFilterChain.java:138)
	at org.springframework.web.filter.ServerHttpObservationFilter.doFilterInternal(ServerHttpObservationFilter.java:110)
	at org.springframework.web.filter.OncePerRequestFilter.doFilter(OncePerRequestFilter.java:116)
	at org.apache.catalina.core.ApplicationFilterChain.internalDoFilter(ApplicationFilterChain.java:162)
	at org.apache.catalina.core.ApplicationFilterChain.doFilter(ApplicationFilterChain.java:138)
	at org.springframework.web.filter.CharacterEncodingFilter.doFilterInternal(CharacterEncodingFilter.java:201)
	at org.springframework.web.filter.OncePerRequestFilter.doFilter(OncePerRequestFilter.java:116)
	at org.apache.catalina.core.ApplicationFilterChain.internalDoFilter(ApplicationFilterChain.java:162)
	at org.apache.catalina.core.ApplicationFilterChain.doFilter(ApplicationFilterChain.java:138)
	at org.apache.catalina.core.StandardWrapperValve.invoke(StandardWrapperValve.java:165)
	at org.apache.catalina.core.StandardContextValve.invoke(StandardContextValve.java:88)
	at org.apache.catalina.authenticator.AuthenticatorBase.invoke(AuthenticatorBase.java:482)
	at org.apache.catalina.core.StandardHostValve.invoke(StandardHostValve.java:113)
	at org.apache.catalina.valves.ErrorReportValve.invoke(ErrorReportValve.java:83)
	at org.apache.catalina.core.StandardEngineValve.invoke(StandardEngineValve.java:72)
	at org.apache.catalina.connector.CoyoteAdapter.service(CoyoteAdapter.java:342)
	at org.apache.coyote.http11.Http11Processor.service(Http11Processor.java:399)
	at org.apache.coyote.AbstractProcessorLight.process(AbstractProcessorLight.java:63)
	at org.apache.coyote.AbstractProtocol$ConnectionHandler.process(AbstractProtocol.java:903)
	at org.apache.tomcat.util.net.NioEndpoint$SocketProcessor.doRun(NioEndpoint.java:1774)
	at org.apache.tomcat.util.net.SocketProcessorBase.run(SocketProcessorBase.java:52)
	at java.base/java.lang.VirtualThread.run(VirtualThread.java:329)
Caused by: dev.langchain4j.exception.HttpException: {"error":{"code":"1113","message":"余额不足或无可用资源包,请充值。"}}
	at dev.langchain4j.http.client.jdk.JdkHttpClient.execute(JdkHttpClient.java:53)
	at dev.langchain4j.http.client.log.LoggingHttpClient.execute(LoggingHttpClient.java:49)
	at dev.langchain4j.community.model.zhipu.ZhipuAiClient.embedAll(ZhipuAiClient.java:102)
	... 160 common frames omitted
2026-03-27 21:21:26.349 [tomcat-handler-58] INFO  d.l.h.client.log.LoggingHttpClient - HTTP request:
- method: POST
- url: https://open.bigmodel.cn/api/paas/v4/embeddings
- headers: [Authorization: Beare...AM], [Content-Type: application/json]
- body: {
  "input" : "什么是机器学习",
  "model" : "embedding-3"
}

2026-03-27 21:21:26.519 [tomcat-handler-58] ERROR d.l.c.model.zhipu.ZhipuAiClient - Error response: status code: 429; body: {"error":{"code":"1113","message":"余额不足或无可用资源包,请充值。"}}
2026-03-27 21:21:26.520 [tomcat-handler-58] ERROR c.a.r.g.retry.ModelRetryStrategy - Non-retryable error occurred, failing immediately: java.lang.RuntimeException
2026-03-27 21:21:26.521 [tomcat-handler-58] ERROR c.a.r.e.GlobalExceptionHandler - 未处理的异常: Non-retryable error: dev.langchain4j.exception.HttpException: {"error":{"code":"1113","message":"余额不足或无可用资源包,请充值。"}}
com.aetheris.rag.gateway.ModelException: Non-retryable error: dev.langchain4j.exception.HttpException: {"error":{"code":"1113","message":"余额不足或无可用资源包,请充值。"}}
	at com.aetheris.rag.gateway.retry.ModelRetryStrategy.executeWithRetry(ModelRetryStrategy.java:113)
	at com.aetheris.rag.gateway.EmbeddingGateway.embed(EmbeddingGateway.java:119)
	at com.aetheris.rag.service.impl.SearchServiceImpl.search(SearchServiceImpl.java:101)
	at com.aetheris.rag.service.impl.SearchServiceImpl.searchAggregated(SearchServiceImpl.java:492)
	at com.aetheris.rag.service.impl.RagServiceImpl.ask(RagServiceImpl.java:76)
	at java.base/jdk.internal.reflect.DirectMethodHandleAccessor.invoke(DirectMethodHandleAccessor.java:103)
	at java.base/java.lang.reflect.Method.invoke(Method.java:580)
	at org.springframework.aop.support.AopUtils.invokeJoinpointUsingReflection(AopUtils.java:360)
	at org.springframework.aop.framework.JdkDynamicAopProxy.invoke(JdkDynamicAopProxy.java:216)
	at jdk.proxy2/jdk.proxy2.$Proxy135.ask(Unknown Source)
	at com.aetheris.rag.controller.ChatController.ask(ChatController.java:76)
	at java.base/jdk.internal.reflect.DirectMethodHandleAccessor.invoke(DirectMethodHandleAccessor.java:103)
	at java.base/java.lang.reflect.Method.invoke(Method.java:580)
	at org.springframework.web.method.support.InvocableHandlerMethod.doInvoke(InvocableHandlerMethod.java:258)
	at org.springframework.web.method.support.InvocableHandlerMethod.invokeForRequest(InvocableHandlerMethod.java:191)
	at org.springframework.web.servlet.mvc.method.annotation.ServletInvocableHandlerMethod.invokeAndHandle(ServletInvocableHandlerMethod.java:118)
	at org.springframework.web.servlet.mvc.method.annotation.RequestMappingHandlerAdapter.invokeHandlerMethod(RequestMappingHandlerAdapter.java:991)
	at org.springframework.web.servlet.mvc.method.annotation.RequestMappingHandlerAdapter.handleInternal(RequestMappingHandlerAdapter.java:896)
	at org.springframework.web.servlet.mvc.method.AbstractHandlerMethodAdapter.handle(AbstractHandlerMethodAdapter.java:87)
	at org.springframework.web.servlet.DispatcherServlet.doDispatch(DispatcherServlet.java:1089)
	at org.springframework.web.servlet.DispatcherServlet.doService(DispatcherServlet.java:979)
	at org.springframework.web.servlet.FrameworkServlet.processRequest(FrameworkServlet.java:1014)
	at org.springframework.web.servlet.FrameworkServlet.doPost(FrameworkServlet.java:914)
	at jakarta.servlet.http.HttpServlet.service(HttpServlet.java:590)
	at org.springframework.web.servlet.FrameworkServlet.service(FrameworkServlet.java:885)
	at jakarta.servlet.http.HttpServlet.service(HttpServlet.java:658)
	at org.apache.catalina.core.ApplicationFilterChain.internalDoFilter(ApplicationFilterChain.java:193)
	at org.apache.catalina.core.ApplicationFilterChain.doFilter(ApplicationFilterChain.java:138)
	at org.apache.tomcat.websocket.server.WsFilter.doFilter(WsFilter.java:51)
	at org.apache.catalina.core.ApplicationFilterChain.internalDoFilter(ApplicationFilterChain.java:162)
	at org.apache.catalina.core.ApplicationFilterChain.doFilter(ApplicationFilterChain.java:138)
	at org.springframework.web.filter.CompositeFilter$VirtualFilterChain.doFilter(CompositeFilter.java:108)
	at org.springframework.web.filter.CompositeFilter$VirtualFilterChain.doFilter(CompositeFilter.java:108)
	at org.springframework.security.web.FilterChainProxy.lambda$doFilterInternal$3(FilterChainProxy.java:231)
	at org.springframework.security.web.ObservationFilterChainDecorator$FilterObservation$SimpleFilterObservation.lambda$wrap$1(ObservationFilterChainDecorator.java:490)
	at org.springframework.security.web.ObservationFilterChainDecorator$AroundFilterObservation$SimpleAroundFilterObservation.lambda$wrap$1(ObservationFilterChainDecorator.java:351)
	at org.springframework.security.web.ObservationFilterChainDecorator.lambda$wrapSecured$0(ObservationFilterChainDecorator.java:83)
	at org.springframework.security.web.ObservationFilterChainDecorator$VirtualFilterChain.doFilter(ObservationFilterChainDecorator.java:129)
	at org.springframework.security.web.access.intercept.AuthorizationFilter.doFilter(AuthorizationFilter.java:101)
	at org.springframework.security.web.ObservationFilterChainDecorator$ObservationFilter.wrapFilter(ObservationFilterChainDecorator.java:241)
	at org.springframework.security.web.ObservationFilterChainDecorator$ObservationFilter.doFilter(ObservationFilterChainDecorator.java:228)
	at org.springframework.security.web.ObservationFilterChainDecorator$VirtualFilterChain.doFilter(ObservationFilterChainDecorator.java:138)
	at org.springframework.security.web.access.ExceptionTranslationFilter.doFilter(ExceptionTranslationFilter.java:125)
	at org.springframework.security.web.access.ExceptionTranslationFilter.doFilter(ExceptionTranslationFilter.java:119)
	at org.springframework.security.web.ObservationFilterChainDecorator$ObservationFilter.wrapFilter(ObservationFilterChainDecorator.java:241)
	at org.springframework.security.web.ObservationFilterChainDecorator$ObservationFilter.doFilter(ObservationFilterChainDecorator.java:228)
	at org.springframework.security.web.ObservationFilterChainDecorator$VirtualFilterChain.doFilter(ObservationFilterChainDecorator.java:138)
	at org.springframework.security.web.session.SessionManagementFilter.doFilter(SessionManagementFilter.java:131)
	at org.springframework.security.web.session.SessionManagementFilter.doFilter(SessionManagementFilter.java:85)
	at org.springframework.security.web.ObservationFilterChainDecorator$ObservationFilter.wrapFilter(ObservationFilterChainDecorator.java:241)
	at org.springframework.security.web.ObservationFilterChainDecorator$ObservationFilter.doFilter(ObservationFilterChainDecorator.java:228)
	at org.springframework.security.web.ObservationFilterChainDecorator$VirtualFilterChain.doFilter(ObservationFilterChainDecorator.java:138)
	at org.springframework.security.web.authentication.AnonymousAuthenticationFilter.doFilter(AnonymousAuthenticationFilter.java:100)
	at org.springframework.security.web.ObservationFilterChainDecorator$ObservationFilter.wrapFilter(ObservationFilterChainDecorator.java:241)
	at org.springframework.security.web.ObservationFilterChainDecorator$ObservationFilter.doFilter(ObservationFilterChainDecorator.java:228)
	at org.springframework.security.web.ObservationFilterChainDecorator$VirtualFilterChain.doFilter(ObservationFilterChainDecorator.java:138)
	at org.springframework.security.web.servletapi.SecurityContextHolderAwareRequestFilter.doFilter(SecurityContextHolderAwareRequestFilter.java:179)
	at org.springframework.security.web.ObservationFilterChainDecorator$ObservationFilter.wrapFilter(ObservationFilterChainDecorator.java:241)
	at org.springframework.security.web.ObservationFilterChainDecorator$ObservationFilter.doFilter(ObservationFilterChainDecorator.java:228)
	at org.springframework.security.web.ObservationFilterChainDecorator$VirtualFilterChain.doFilter(ObservationFilterChainDecorator.java:138)
	at org.springframework.security.web.savedrequest.RequestCacheAwareFilter.doFilter(RequestCacheAwareFilter.java:63)
	at org.springframework.security.web.ObservationFilterChainDecorator$ObservationFilter.wrapFilter(ObservationFilterChainDecorator.java:241)
	at org.springframework.security.web.ObservationFilterChainDecorator$ObservationFilter.doFilter(ObservationFilterChainDecorator.java:228)
	at org.springframework.security.web.ObservationFilterChainDecorator$VirtualFilterChain.doFilter(ObservationFilterChainDecorator.java:138)
	at com.aetheris.rag.config.SecurityConfig$JwtAuthenticationFilter.doFilterInternal(SecurityConfig.java:141)
	at org.springframework.web.filter.OncePerRequestFilter.doFilter(OncePerRequestFilter.java:116)
	at org.springframework.security.web.ObservationFilterChainDecorator$ObservationFilter.wrapFilter(ObservationFilterChainDecorator.java:241)
	at org.springframework.security.web.ObservationFilterChainDecorator$ObservationFilter.doFilter(ObservationFilterChainDecorator.java:228)
	at org.springframework.security.web.ObservationFilterChainDecorator$VirtualFilterChain.doFilter(ObservationFilterChainDecorator.java:138)
	at org.springframework.security.web.authentication.logout.LogoutFilter.doFilter(LogoutFilter.java:107)
	at org.springframework.security.web.authentication.logout.LogoutFilter.doFilter(LogoutFilter.java:93)
	at org.springframework.security.web.ObservationFilterChainDecorator$ObservationFilter.wrapFilter(ObservationFilterChainDecorator.java:241)
	at org.springframework.security.web.ObservationFilterChainDecorator$ObservationFilter.doFilter(ObservationFilterChainDecorator.java:228)
	at org.springframework.security.web.ObservationFilterChainDecorator$VirtualFilterChain.doFilter(ObservationFilterChainDecorator.java:138)
	at org.springframework.web.filter.CorsFilter.doFilterInternal(CorsFilter.java:91)
	at org.springframework.web.filter.OncePerRequestFilter.doFilter(OncePerRequestFilter.java:116)
	at org.springframework.security.web.ObservationFilterChainDecorator$ObservationFilter.wrapFilter(ObservationFilterChainDecorator.java:241)
	at org.springframework.security.web.ObservationFilterChainDecorator$ObservationFilter.doFilter(ObservationFilterChainDecorator.java:228)
	at org.springframework.security.web.ObservationFilterChainDecorator$VirtualFilterChain.doFilter(ObservationFilterChainDecorator.java:138)
	at org.springframework.security.web.header.HeaderWriterFilter.doHeadersAfter(HeaderWriterFilter.java:90)
	at org.springframework.security.web.header.HeaderWriterFilter.doFilterInternal(HeaderWriterFilter.java:75)
	at org.springframework.web.filter.OncePerRequestFilter.doFilter(OncePerRequestFilter.java:116)
	at org.springframework.security.web.ObservationFilterChainDecorator$ObservationFilter.wrapFilter(ObservationFilterChainDecorator.java:241)
	at org.springframework.security.web.ObservationFilterChainDecorator$ObservationFilter.doFilter(ObservationFilterChainDecorator.java:228)
	at org.springframework.security.web.ObservationFilterChainDecorator$VirtualFilterChain.doFilter(ObservationFilterChainDecorator.java:138)
	at org.springframework.security.web.context.SecurityContextHolderFilter.doFilter(SecurityContextHolderFilter.java:82)
	at org.springframework.security.web.context.SecurityContextHolderFilter.doFilter(SecurityContextHolderFilter.java:69)
	at org.springframework.security.web.ObservationFilterChainDecorator$ObservationFilter.wrapFilter(ObservationFilterChainDecorator.java:241)
	at org.springframework.security.web.ObservationFilterChainDecorator$ObservationFilter.doFilter(ObservationFilterChainDecorator.java:228)
	at org.springframework.security.web.ObservationFilterChainDecorator$VirtualFilterChain.doFilter(ObservationFilterChainDecorator.java:138)
	at org.springframework.security.web.context.request.async.WebAsyncManagerIntegrationFilter.doFilterInternal(WebAsyncManagerIntegrationFilter.java:62)
	at org.springframework.web.filter.OncePerRequestFilter.doFilter(OncePerRequestFilter.java:116)
	at org.springframework.security.web.ObservationFilterChainDecorator$ObservationFilter.wrapFilter(ObservationFilterChainDecorator.java:241)
	at org.springframework.security.web.ObservationFilterChainDecorator$ObservationFilter.doFilter(ObservationFilterChainDecorator.java:228)
	at org.springframework.security.web.ObservationFilterChainDecorator$VirtualFilterChain.doFilter(ObservationFilterChainDecorator.java:138)
	at org.springframework.security.web.session.DisableEncodeUrlFilter.doFilterInternal(DisableEncodeUrlFilter.java:42)
	at org.springframework.web.filter.OncePerRequestFilter.doFilter(OncePerRequestFilter.java:116)
	at org.springframework.security.web.ObservationFilterChainDecorator$ObservationFilter.wrapFilter(ObservationFilterChainDecorator.java:241)
	at org.springframework.security.web.ObservationFilterChainDecorator$AroundFilterObservation$SimpleAroundFilterObservation.lambda$wrap$0(ObservationFilterChainDecorator.java:334)
	at org.springframework.security.web.ObservationFilterChainDecorator$ObservationFilter.doFilter(ObservationFilterChainDecorator.java:225)
	at org.springframework.security.web.ObservationFilterChainDecorator$VirtualFilterChain.doFilter(ObservationFilterChainDecorator.java:138)
	at org.springframework.security.web.FilterChainProxy.doFilterInternal(FilterChainProxy.java:233)
	at org.springframework.security.web.FilterChainProxy.doFilter(FilterChainProxy.java:191)
	at org.springframework.web.filter.CompositeFilter$VirtualFilterChain.doFilter(CompositeFilter.java:113)
	at org.springframework.web.filter.ServletRequestPathFilter.doFilter(ServletRequestPathFilter.java:52)
	at org.springframework.web.filter.CompositeFilter$VirtualFilterChain.doFilter(CompositeFilter.java:113)
	at org.springframework.web.filter.CompositeFilter.doFilter(CompositeFilter.java:74)
	at org.springframework.security.config.annotation.web.configuration.WebSecurityConfiguration$CompositeFilterChainProxy.doFilter(WebSecurityConfiguration.java:319)
	at org.springframework.web.filter.CompositeFilter$VirtualFilterChain.doFilter(CompositeFilter.java:113)
	at org.springframework.web.servlet.handler.HandlerMappingIntrospector.lambda$createCacheFilter$4(HandlerMappingIntrospector.java:267)
	at org.springframework.web.filter.CompositeFilter$VirtualFilterChain.doFilter(CompositeFilter.java:113)
	at org.springframework.web.filter.CompositeFilter.doFilter(CompositeFilter.java:74)
	at org.springframework.security.config.annotation.web.configuration.WebMvcSecurityConfiguration$CompositeFilterChainProxy.doFilter(WebMvcSecurityConfiguration.java:240)
	at org.springframework.web.filter.DelegatingFilterProxy.invokeDelegate(DelegatingFilterProxy.java:362)
	at org.springframework.web.filter.DelegatingFilterProxy.doFilter(DelegatingFilterProxy.java:278)
	at org.apache.catalina.core.ApplicationFilterChain.internalDoFilter(ApplicationFilterChain.java:162)
	at org.apache.catalina.core.ApplicationFilterChain.doFilter(ApplicationFilterChain.java:138)
	at org.springframework.web.filter.RequestContextFilter.doFilterInternal(RequestContextFilter.java:100)
	at org.springframework.web.filter.OncePerRequestFilter.doFilter(OncePerRequestFilter.java:116)
	at org.apache.catalina.core.ApplicationFilterChain.internalDoFilter(ApplicationFilterChain.java:162)
	at org.apache.catalina.core.ApplicationFilterChain.doFilter(ApplicationFilterChain.java:138)
	at org.springframework.web.filter.FormContentFilter.doFilterInternal(FormContentFilter.java:93)
	at org.springframework.web.filter.OncePerRequestFilter.doFilter(OncePerRequestFilter.java:116)
	at org.apache.catalina.core.ApplicationFilterChain.internalDoFilter(ApplicationFilterChain.java:162)
	at org.apache.catalina.core.ApplicationFilterChain.doFilter(ApplicationFilterChain.java:138)
	at org.springframework.web.filter.ServerHttpObservationFilter.doFilterInternal(ServerHttpObservationFilter.java:110)
	at org.springframework.web.filter.OncePerRequestFilter.doFilter(OncePerRequestFilter.java:116)
	at org.apache.catalina.core.ApplicationFilterChain.internalDoFilter(ApplicationFilterChain.java:162)
	at org.apache.catalina.core.ApplicationFilterChain.doFilter(ApplicationFilterChain.java:138)
	at org.springframework.web.filter.CharacterEncodingFilter.doFilterInternal(CharacterEncodingFilter.java:201)
	at org.springframework.web.filter.OncePerRequestFilter.doFilter(OncePerRequestFilter.java:116)
	at org.apache.catalina.core.ApplicationFilterChain.internalDoFilter(ApplicationFilterChain.java:162)
	at org.apache.catalina.core.ApplicationFilterChain.doFilter(ApplicationFilterChain.java:138)
	at org.apache.catalina.core.StandardWrapperValve.invoke(StandardWrapperValve.java:165)
	at org.apache.catalina.core.StandardContextValve.invoke(StandardContextValve.java:88)
	at org.apache.catalina.authenticator.AuthenticatorBase.invoke(AuthenticatorBase.java:482)
	at org.apache.catalina.core.StandardHostValve.invoke(StandardHostValve.java:113)
	at org.apache.catalina.valves.ErrorReportValve.invoke(ErrorReportValve.java:83)
	at org.apache.catalina.core.StandardEngineValve.invoke(StandardEngineValve.java:72)
	at org.apache.catalina.connector.CoyoteAdapter.service(CoyoteAdapter.java:342)
	at org.apache.coyote.http11.Http11Processor.service(Http11Processor.java:399)
	at org.apache.coyote.AbstractProcessorLight.process(AbstractProcessorLight.java:63)
	at org.apache.coyote.AbstractProtocol$ConnectionHandler.process(AbstractProtocol.java:903)
	at org.apache.tomcat.util.net.NioEndpoint$SocketProcessor.doRun(NioEndpoint.java:1774)
	at org.apache.tomcat.util.net.SocketProcessorBase.run(SocketProcessorBase.java:52)
	at java.base/java.lang.VirtualThread.run(VirtualThread.java:329)
Caused by: java.lang.RuntimeException: dev.langchain4j.exception.HttpException: {"error":{"code":"1113","message":"余额不足或无可用资源包,请充值。"}}
	at dev.langchain4j.community.model.zhipu.ZhipuAiClient.embedAll(ZhipuAiClient.java:106)
	at dev.langchain4j.community.model.zhipu.ZhipuAiEmbeddingModel.lambda$embedAll$1(ZhipuAiEmbeddingModel.java:70)
	at dev.langchain4j.internal.RetryUtils$RetryPolicy.withRetry(RetryUtils.java:204)
	at dev.langchain4j.internal.RetryUtils.withRetry(RetryUtils.java:259)
	at dev.langchain4j.community.model.zhipu.ZhipuAiEmbeddingModel.lambda$embedAll$2(ZhipuAiEmbeddingModel.java:70)
	at java.base/java.util.stream.ReferencePipeline$3$1.accept(ReferencePipeline.java:197)
	at java.base/java.util.stream.ReferencePipeline$3$1.accept(ReferencePipeline.java:197)
	at java.base/java.util.AbstractList$RandomAccessSpliterator.forEachRemaining(AbstractList.java:722)
	at java.base/java.util.stream.AbstractPipeline.copyInto(AbstractPipeline.java:509)
	at java.base/java.util.stream.AbstractPipeline.wrapAndCopyInto(AbstractPipeline.java:499)
	at java.base/java.util.stream.ReduceOps$ReduceOp.evaluateSequential(ReduceOps.java:921)
	at java.base/java.util.stream.AbstractPipeline.evaluate(AbstractPipeline.java:234)
	at java.base/java.util.stream.ReferencePipeline.collect(ReferencePipeline.java:682)
	at dev.langchain4j.community.model.zhipu.ZhipuAiEmbeddingModel.embedAll(ZhipuAiEmbeddingModel.java:71)
	at com.aetheris.rag.gateway.EmbeddingGateway.lambda$embed$0(EmbeddingGateway.java:123)
	at com.aetheris.rag.gateway.retry.ModelRetryStrategy.executeWithRetry(ModelRetryStrategy.java:106)
	... 145 common frames omitted
Caused by: dev.langchain4j.exception.HttpException: {"error":{"code":"1113","message":"余额不足或无可用资源包,请充值。"}}
	at dev.langchain4j.http.client.jdk.JdkHttpClient.execute(JdkHttpClient.java:53)
	at dev.langchain4j.http.client.log.LoggingHttpClient.execute(LoggingHttpClient.java:49)
	at dev.langchain4j.community.model.zhipu.ZhipuAiClient.embedAll(ZhipuAiClient.java:102)
	... 160 common frames omitted
2026-03-27 22:05:12.467 [SpringApplicationShutdownHook] INFO  o.s.b.w.e.tomcat.GracefulShutdown - Commencing graceful shutdown. Waiting for active requests to complete
2026-03-27 22:05:12.472 [tomcat-shutdown] INFO  o.s.b.w.e.tomcat.GracefulShutdown - Graceful shutdown complete
2026-03-27 22:05:12.610 [SpringApplicationShutdownHook] INFO  com.zaxxer.hikari.HikariDataSource - HikariPool-1 - Shutdown initiated...
2026-03-27 22:05:12.612 [SpringApplicationShutdownHook] INFO  com.zaxxer.hikari.HikariDataSource - HikariPool-1 - Shutdown completed.
2026-03-27 22:05:34.241 [main] INFO  c.a.rag.AetherisRagApplication - Starting AetherisRagApplication using Java 21.0.10 with PID 94638 (/Users/ice/Projects/Aetheris/backend/target/classes started by ice in /Users/ice/Projects/Aetheris/backend)
2026-03-27 22:05:34.242 [main] DEBUG c.a.rag.AetherisRagApplication - Running with Spring Boot v3.5.9, Spring v6.2.15
2026-03-27 22:05:34.243 [main] INFO  c.a.rag.AetherisRagApplication - No active profile set, falling back to 1 default profile: "default"
2026-03-27 22:05:34.622 [main] DEBUG o.m.s.b.a.MybatisAutoConfiguration - Searching for mappers annotated with @Mapper
2026-03-27 22:05:34.622 [main] DEBUG o.m.s.b.a.MybatisAutoConfiguration - Using auto-configuration base package 'com.aetheris.rag'
2026-03-27 22:05:34.720 [main] INFO  o.s.d.r.c.RepositoryConfigurationDelegate - Multiple Spring Data modules found, entering strict repository configuration mode
2026-03-27 22:05:34.721 [main] INFO  o.s.d.r.c.RepositoryConfigurationDelegate - Bootstrapping Spring Data Redis repositories in DEFAULT mode.
2026-03-27 22:05:34.736 [main] INFO  o.s.d.r.c.RepositoryConfigurationDelegate - Finished Spring Data repository scanning in 7 ms. Found 0 Redis repository interfaces.
2026-03-27 22:05:34.783 [main] DEBUG o.m.s.mapper.ClassPathMapperScanner - Identified candidate component class: file [/Users/ice/Projects/Aetheris/backend/target/classes/com/aetheris/rag/mapper/ChunkMapper.class]
2026-03-27 22:05:34.783 [main] DEBUG o.m.s.mapper.ClassPathMapperScanner - Identified candidate component class: file [/Users/ice/Projects/Aetheris/backend/target/classes/com/aetheris/rag/mapper/ResourceMapper.class]
2026-03-27 22:05:34.783 [main] DEBUG o.m.s.mapper.ClassPathMapperScanner - Identified candidate component class: file [/Users/ice/Projects/Aetheris/backend/target/classes/com/aetheris/rag/mapper/UserBehaviorMapper.class]
2026-03-27 22:05:34.783 [main] DEBUG o.m.s.mapper.ClassPathMapperScanner - Identified candidate component class: file [/Users/ice/Projects/Aetheris/backend/target/classes/com/aetheris/rag/mapper/UserMapper.class]
2026-03-27 22:05:34.783 [main] DEBUG o.m.s.mapper.ClassPathMapperScanner - Creating MapperFactoryBean with name 'chunkMapper' and 'com.aetheris.rag.mapper.ChunkMapper' mapperInterface
2026-03-27 22:05:34.784 [main] DEBUG o.m.s.mapper.ClassPathMapperScanner - Creating MapperFactoryBean with name 'resourceMapper' and 'com.aetheris.rag.mapper.ResourceMapper' mapperInterface
2026-03-27 22:05:34.784 [main] DEBUG o.m.s.mapper.ClassPathMapperScanner - Creating MapperFactoryBean with name 'userBehaviorMapper' and 'com.aetheris.rag.mapper.UserBehaviorMapper' mapperInterface
2026-03-27 22:05:34.784 [main] DEBUG o.m.s.mapper.ClassPathMapperScanner - Creating MapperFactoryBean with name 'userMapper' and 'com.aetheris.rag.mapper.UserMapper' mapperInterface
2026-03-27 22:05:35.112 [main] INFO  o.s.b.w.e.tomcat.TomcatWebServer - Tomcat initialized with port 8080 (http)
2026-03-27 22:05:35.120 [main] INFO  o.a.catalina.core.StandardService - Starting service [Tomcat]
2026-03-27 22:05:35.120 [main] INFO  o.a.catalina.core.StandardEngine - Starting Servlet engine: [Apache Tomcat/10.1.50]
2026-03-27 22:05:35.152 [main] INFO  o.a.c.c.C.[Tomcat].[localhost].[/] - Initializing Spring embedded WebApplicationContext
2026-03-27 22:05:35.153 [main] INFO  o.s.b.w.s.c.ServletWebServerApplicationContext - Root WebApplicationContext: initialization completed in 893 ms
2026-03-27 22:05:35.240 [main] INFO  c.aetheris.rag.config.DotenvConfig - ✅ .env 文件已加载: /Users/ice/Projects/Aetheris/.env
2026-03-27 22:05:35.246 [main] INFO  com.aetheris.rag.util.JwtUtil - Initialized JwtUtil with expiration: 604800000 ms
2026-03-27 22:05:35.334 [main] INFO  com.zaxxer.hikari.HikariDataSource - HikariPool-1 - Starting...
2026-03-27 22:05:35.423 [main] INFO  com.zaxxer.hikari.pool.HikariPool - HikariPool-1 - Added connection com.mysql.cj.jdbc.ConnectionImpl@6e4e60f5
2026-03-27 22:05:35.424 [main] INFO  com.zaxxer.hikari.HikariDataSource - HikariPool-1 - Start completed.
2026-03-27 22:05:35.452 [main] INFO  org.flywaydb.core.FlywayExecutor - Database: jdbc:mysql://localhost:3306/aetheris_rag?useSSL=false&serverTimezone=Asia/Shanghai&allowPublicKeyRetrieval=true (MySQL 8.4)
2026-03-27 22:05:35.529 [main] WARN  o.f.c.i.database.base.Database - Flyway upgrade recommended: MySQL 8.4 is newer than this version of Flyway and support has not been tested. The latest supported version of MySQL is 8.1.
2026-03-27 22:05:35.556 [main] INFO  o.f.core.internal.command.DbValidate - Successfully validated 1 migration (execution time 00:00.021s)
2026-03-27 22:05:35.568 [main] INFO  o.f.core.internal.command.DbMigrate - Current version of schema `aetheris_rag`: 1
2026-03-27 22:05:35.571 [main] INFO  o.f.core.internal.command.DbMigrate - Schema `aetheris_rag` is up to date. No migration necessary.
2026-03-27 22:05:35.667 [main] DEBUG o.m.spring.SqlSessionFactoryBean - Parsed mapper file: 'file [/Users/ice/Projects/Aetheris/backend/target/classes/mapper/ChunkMapper.xml]'
2026-03-27 22:05:35.674 [main] DEBUG o.m.spring.SqlSessionFactoryBean - Parsed mapper file: 'file [/Users/ice/Projects/Aetheris/backend/target/classes/mapper/ResourceMapper.xml]'
2026-03-27 22:05:35.678 [main] DEBUG o.m.spring.SqlSessionFactoryBean - Parsed mapper file: 'file [/Users/ice/Projects/Aetheris/backend/target/classes/mapper/UserBehaviorMapper.xml]'
2026-03-27 22:05:35.682 [main] DEBUG o.m.spring.SqlSessionFactoryBean - Parsed mapper file: 'file [/Users/ice/Projects/Aetheris/backend/target/classes/mapper/UserMapper.xml]'
2026-03-27 22:05:35.689 [main] INFO  c.aetheris.rag.config.RedissonConfig - 初始化 Redisson 客户端: localhost:6379
2026-03-27 22:05:35.723 [main] INFO  org.redisson.Version - Redisson 3.52.0
2026-03-27 22:05:35.792 [main] WARN  i.n.r.d.DnsServerAddressStreamProviders - Can not find io.netty.resolver.dns.macos.MacOSDnsServerAddressStreamProvider in the classpath, fallback to system defaults. This may result in incorrect DNS resolutions on MacOS. Check whether you have a dependency on 'io.netty:netty-resolver-dns-native-macos'
2026-03-27 22:05:35.883 [redisson-netty-1-6] INFO  o.r.connection.ConnectionsHolder - 1 connections initialized for localhost/127.0.0.1:6379
2026-03-27 22:05:35.886 [redisson-netty-1-8] INFO  o.r.connection.ConnectionsHolder - 2 connections initialized for localhost/127.0.0.1:6379
2026-03-27 22:05:35.911 [main] INFO  c.aetheris.rag.config.RedissonConfig - Redisson 客户端初始化成功
2026-03-27 22:05:36.030 [main] INFO  c.a.rag.gateway.cache.EmbeddingCache - Initialized EmbeddingCache with TTL: 30 days
2026-03-27 22:05:36.112 [main] INFO  c.a.rag.gateway.EmbeddingGateway - 初始化 EmbeddingGateway，模型：embedding-3，缓存：启用
2026-03-27 22:05:36.118 [main] DEBUG c.a.r.service.impl.VectorServiceImpl - 检查向量索引是否存在: chunk_vector_index
2026-03-27 22:05:36.280 [main] INFO  c.a.r.service.impl.VectorServiceImpl - 创建向量索引: chunk_vector_index
2026-03-27 22:05:36.284 [main] INFO  c.a.r.service.impl.VectorServiceImpl - 向量索引已存在: chunk_vector_index
2026-03-27 22:05:36.316 [main] INFO  c.aetheris.rag.gateway.ChatGateway - 初始化 ChatGateway，模型：glm-4.7-flash，temperature：0.7
2026-03-27 22:05:36.499 [main] INFO  o.s.b.a.e.web.EndpointLinksResolver - Exposing 4 endpoints beneath base path '/actuator'
2026-03-27 22:05:36.526 [main] INFO  o.s.s.c.a.a.c.InitializeUserDetailsBeanManagerConfigurer$InitializeUserDetailsManagerConfigurer - Global AuthenticationManager configured with UserDetailsService bean with name userDetailsService
2026-03-27 22:05:36.626 [main] DEBUG o.m.s.b.a.MybatisAutoConfiguration - Not found configuration for registering mapper bean using @MapperScan, MapperFactoryBean and MapperScannerConfigurer.
2026-03-27 22:05:36.734 [main] INFO  o.s.b.w.e.tomcat.TomcatWebServer - Tomcat started on port 8080 (http) with context path '/'
2026-03-27 22:05:36.746 [main] INFO  c.a.rag.AetherisRagApplication - Started AetherisRagApplication in 2.733 seconds (process running for 2.878)
2026-03-27 22:05:42.215 [tomcat-handler-0] INFO  o.a.c.c.C.[Tomcat].[localhost].[/] - Initializing Spring DispatcherServlet 'dispatcherServlet'
2026-03-27 22:05:42.216 [tomcat-handler-0] INFO  o.s.web.servlet.DispatcherServlet - Initializing Servlet 'dispatcherServlet'
2026-03-27 22:05:42.216 [tomcat-handler-0] INFO  o.s.web.servlet.DispatcherServlet - Completed initialization in 0 ms
2026-03-27 22:07:45.971 [tomcat-handler-1] DEBUG c.a.r.c.SecurityConfig$JwtAuthenticationFilter - Authenticated user: 2
2026-03-27 22:07:45.982 [tomcat-handler-1] INFO  c.a.rag.controller.AuthController - GET /api/auth/me - userId: 2
2026-03-27 22:07:46.003 [tomcat-handler-1] DEBUG c.a.rag.service.impl.AuthServiceImpl - 获取当前用户信息: userId=2
2026-03-27 22:07:46.010 [tomcat-handler-1] DEBUG org.mybatis.spring.SqlSessionUtils - Creating a new SqlSession
2026-03-27 22:07:46.013 [tomcat-handler-1] DEBUG org.mybatis.spring.SqlSessionUtils - Registering transaction synchronization for SqlSession [org.apache.ibatis.session.defaults.DefaultSqlSession@1338b454]
2026-03-27 22:07:46.029 [tomcat-handler-1] DEBUG o.m.s.t.SpringManagedTransaction - JDBC Connection [HikariProxyConnection@90435771 wrapping com.mysql.cj.jdbc.ConnectionImpl@6e4e60f5] will be managed by Spring
2026-03-27 22:07:46.030 [tomcat-handler-1] DEBUG c.a.rag.mapper.UserMapper.findById - ==>  Preparing: SELECT id, username, email, password_hash, created_at, updated_at, last_active_at FROM users WHERE id = ?
2026-03-27 22:07:46.041 [tomcat-handler-1] DEBUG c.a.rag.mapper.UserMapper.findById - ==> Parameters: 2(Long)
2026-03-27 22:07:46.052 [tomcat-handler-1] DEBUG c.a.rag.mapper.UserMapper.findById - <==      Total: 1
2026-03-27 22:07:46.053 [tomcat-handler-1] DEBUG org.mybatis.spring.SqlSessionUtils - Releasing transactional SqlSession [org.apache.ibatis.session.defaults.DefaultSqlSession@1338b454]
2026-03-27 22:07:46.054 [tomcat-handler-1] DEBUG org.mybatis.spring.SqlSessionUtils - Transaction synchronization committing SqlSession [org.apache.ibatis.session.defaults.DefaultSqlSession@1338b454]
2026-03-27 22:07:46.054 [tomcat-handler-1] DEBUG org.mybatis.spring.SqlSessionUtils - Transaction synchronization deregistering SqlSession [org.apache.ibatis.session.defaults.DefaultSqlSession@1338b454]
2026-03-27 22:07:46.054 [tomcat-handler-1] DEBUG org.mybatis.spring.SqlSessionUtils - Transaction synchronization closing SqlSession [org.apache.ibatis.session.defaults.DefaultSqlSession@1338b454]
2026-03-27 22:07:57.162 [tomcat-handler-2] DEBUG c.a.r.c.SecurityConfig$JwtAuthenticationFilter - Authenticated user: 2
2026-03-27 22:07:57.217 [tomcat-handler-2] INFO  c.a.rag.controller.ChatController - POST /api/chat/ask - userId=2, question='什么是机器学习', topK=5
2026-03-27 22:07:57.218 [tomcat-handler-2] INFO  c.a.rag.service.impl.RagServiceImpl - 执行问答：userId=2, question='什么是机器学习', useRag=false, topK=5
2026-03-27 22:07:57.218 [tomcat-handler-2] INFO  c.a.rag.service.impl.RagServiceImpl - 纯 LLM 模式：跳过检索，直接调用 LLM
2026-03-27 22:07:57.219 [tomcat-handler-2] INFO  c.aetheris.rag.gateway.ChatGateway - 调用 Chat API（带系统提示）：model=glm-4.7-flash, systemPromptPreview=你是一个专业的学习助手，擅长回答各类学习相关问题。
请遵循以下要求：
1. 使用简洁清晰的语言回答问题
2. 如果遇到不确定的信息，明确说明
3. 避免添加不必要的主观推断
4. 回答应具有教育意义和实用性, userPromptPreview=什么是机器学习
2026-03-27 22:07:57.267 [tomcat-handler-2] INFO  d.l.h.client.log.LoggingHttpClient - HTTP request:
- method: POST
- url: https://open.bigmodel.cn/api/paas/v4/chat/completions
- headers: [Authorization: Beare...60], [Content-Type: application/json]
- body: {
  "model" : "glm-4.7-flash",
  "messages" : [ {
    "role" : "user",
    "content" : "[系统提示]你是一个专业的学习助手，擅长回答各类学习相关问题。\n请遵循以下要求：\n1. 使用简洁清晰的语言回答问题\n2. 如果遇到不确定的信息，明确说明\n3. 避免添加不必要的主观推断\n4. 回答应具有教育意义和实用性\n\n[用户问题]什么是机器学习"
  } ],
  "stream" : false,
  "temperature" : 0.7,
  "top_p" : 0.9,
  "max_tokens" : 512,
  "stop" : [ ],
  "tool_choice" : "auto"
}

2026-03-27 22:08:12.176 [tomcat-handler-2] INFO  d.l.h.client.log.LoggingHttpClient - HTTP response:
- status code: 200
- headers: [:status: 200], [content-length: 2489], [content-type: application/json; charset=UTF-8], [date: Fri, 27 Mar 2026 14:08:12 GMT], [set-cookie: acw_tc=76b20f9c17746204775618486ec500b597e1aa9132c7c8af7b4fa5e8ee84bc;path=/;HttpOnly;Max-Age=1800], [strict-transport-security: max-age=31536000; includeSubDomains], [vary: [Accept-Encoding, Origin, Access-Control-Request-Method, Access-Control-Request-Headers, Origin, Access-Control-Request-Method, Access-Control-Request-Headers]], [x-log-id: 202603272207578512f19739894cc1]
- body: {"choices":[{"finish_reason":"length","index":0,"message":{"content":"","reasoning_content":"1. **分析请求：**\n    *   **角色：** 专业学习助手。\n    *   **任务：** 定义“机器学习”（ML）。\n    *   **限制条件：**\n        1.  语言简洁清晰。\n        2.  如果遇到不确定的信息，明确说明。\n        3.  避免添加不必要的主观推断。\n        4.  回答应具有教育意义和实用性。\n\n2.  **解构主题（机器学习）：**\n    *   *核心定义：* AI的一个子集，专注于从数据中学习以做出预测/决策，而无需针对每个特定规则进行显式编程。\n    *   *关键要素：* 数据、模型、算法、训练、预测。\n    *   *类型：* 监督学习、无监督学习、强化学习（简要提及作为背景）。\n    *   *应用：* 推荐系统、图像识别、语音助手。\n\n3.  **起草回答（迭代过程）：**\n\n    *   *尝试 1（心理草稿）：* 机器学习是人工智能的一部分。它使用算法来从数据中学习。它不像传统编程那样遵循固定的规则，而是寻找模式。例如，它用于 Netflix 和 Siri。\n\n    *   *根据限制条件进行优化：*\n        *   *简洁性：* 需要结构。\n        *   *教育意义：* 需要解释*如何*工作（数据 -> 模型）。\n        *   *实用性：* 给出具体例子。\n\n    *   *尝试 2（接近最终版）：* 机器学习是人工智能的一个分支。它的核心是通过算法让计算机从数据中学习规律，而不是由人手动编写每一条规则。简单来说，就是“给计算机数据，让它自己找规律，然后做出预测”。\n\n    *   *构建结构以提高清晰度：*\n        1.  **定义：** AI的一个子集。\n        2.  **核心逻辑：** 数据 -> 模式 -> 预测。\n        3.  **与传统编程的区别：** 规则 vs. 模式。\n        4.  **常见类型（简述）：** 监督、无监督、强化。\n        5.  **例子：** 推荐系统、垃圾邮件过滤器。\n\n4.  **最终润色（中文）：**\n\n    *   **定义：** 机器学习是","role":"assistant"}}],"created":1774620492,"id":"202603272207578512f19739894cc1","model":"glm-4.7-flash","object":"chat.completion","request_id":"202603272207578512f19739894cc1","usage":{"completion_tokens":512,"completion_tokens_details":{"reasoning_tokens":508},"prompt_tokens":75,"prompt_tokens_details":{"cached_tokens":2},"total_tokens":587}}

2026-03-27 22:08:12.199 [tomcat-handler-2] INFO  c.a.rag.service.impl.RagServiceImpl - LLM 直接生成答案成功：userId=2, answerLength=0
2026-03-27 22:08:12.200 [tomcat-handler-2] DEBUG c.aetheris.rag.util.PerformanceTimer - Stage 'generation' completed in 14981 ms
2026-03-27 22:08:12.211 [tomcat-handler-2] DEBUG c.a.r.s.impl.BehaviorServiceImpl - 记录用户查询行为: userId=2, queryText=什么是机器学习
2026-03-27 22:08:12.212 [tomcat-handler-2] DEBUG org.mybatis.spring.SqlSessionUtils - Creating a new SqlSession
2026-03-27 22:08:12.213 [tomcat-handler-2] DEBUG org.mybatis.spring.SqlSessionUtils - Registering transaction synchronization for SqlSession [org.apache.ibatis.session.defaults.DefaultSqlSession@237da3ed]
2026-03-27 22:08:12.213 [tomcat-handler-2] DEBUG o.m.s.t.SpringManagedTransaction - JDBC Connection [HikariProxyConnection@337399539 wrapping com.mysql.cj.jdbc.ConnectionImpl@6e4e60f5] will be managed by Spring
2026-03-27 22:08:12.214 [tomcat-handler-2] DEBUG c.a.r.m.UserBehaviorMapper.insert - ==>  Preparing: INSERT INTO user_behaviors ( user_id, behavior_type, resource_id, query_text, behavior_time, session_id, weight ) VALUES ( ?, ?, ?, ?, ?, ?, ? )
2026-03-27 22:08:12.218 [tomcat-handler-2] DEBUG c.a.r.m.UserBehaviorMapper.insert - ==> Parameters: 2(Long), QUERY(String), null, 什么是机器学习(String), 2026-03-27 22:08:12.21186(Timestamp), null, null
2026-03-27 22:08:12.232 [tomcat-handler-2] DEBUG c.a.r.m.UserBehaviorMapper.insert - <==    Updates: 1
2026-03-27 22:08:12.236 [tomcat-handler-2] DEBUG org.mybatis.spring.SqlSessionUtils - Releasing transactional SqlSession [org.apache.ibatis.session.defaults.DefaultSqlSession@237da3ed]
2026-03-27 22:08:12.236 [tomcat-handler-2] INFO  c.a.r.s.impl.BehaviorServiceImpl - 查询行为已记录: behaviorId=6, userId=2
2026-03-27 22:08:12.236 [tomcat-handler-2] DEBUG org.mybatis.spring.SqlSessionUtils - Transaction synchronization committing SqlSession [org.apache.ibatis.session.defaults.DefaultSqlSession@237da3ed]
2026-03-27 22:08:12.236 [tomcat-handler-2] DEBUG org.mybatis.spring.SqlSessionUtils - Transaction synchronization deregistering SqlSession [org.apache.ibatis.session.defaults.DefaultSqlSession@237da3ed]
2026-03-27 22:08:12.236 [tomcat-handler-2] DEBUG org.mybatis.spring.SqlSessionUtils - Transaction synchronization closing SqlSession [org.apache.ibatis.session.defaults.DefaultSqlSession@237da3ed]
2026-03-27 22:08:12.241 [tomcat-handler-2] DEBUG c.a.rag.service.impl.RagServiceImpl - 查询行为记录成功：userId=2, query='什么是机器学习'
2026-03-27 22:08:12.243 [tomcat-handler-2] INFO  c.a.rag.service.impl.RagServiceImpl - 问答完成：userId=2, latencyMs=15023ms, useRag=false, citationsCount=0
2026-03-27 22:08:12.243 [tomcat-handler-2] INFO  c.a.rag.controller.ChatController - RAG 问答完成：userId=2, latencyMs=15023ms, evidenceInsufficient=false
2026-03-27 22:08:29.523 [tomcat-handler-3] DEBUG c.a.r.c.SecurityConfig$JwtAuthenticationFilter - Authenticated user: 2
2026-03-27 22:08:29.529 [tomcat-handler-3] INFO  c.a.rag.controller.ChatController - POST /api/chat/ask - userId=2, question='什么是机器学习', topK=5
2026-03-27 22:08:29.530 [tomcat-handler-3] INFO  c.a.rag.service.impl.RagServiceImpl - 执行问答：userId=2, question='什么是机器学习', useRag=false, topK=5
2026-03-27 22:08:29.530 [tomcat-handler-3] INFO  c.a.rag.service.impl.RagServiceImpl - 纯 LLM 模式：跳过检索，直接调用 LLM
2026-03-27 22:08:29.530 [tomcat-handler-3] INFO  c.aetheris.rag.gateway.ChatGateway - 调用 Chat API（带系统提示）：model=glm-4.7-flash, systemPromptPreview=你是一个专业的学习助手，擅长回答各类学习相关问题。
请遵循以下要求：
1. 使用简洁清晰的语言回答问题
2. 如果遇到不确定的信息，明确说明
3. 避免添加不必要的主观推断
4. 回答应具有教育意义和实用性, userPromptPreview=什么是机器学习
2026-03-27 22:08:29.536 [tomcat-handler-3] INFO  d.l.h.client.log.LoggingHttpClient - HTTP request:
- method: POST
- url: https://open.bigmodel.cn/api/paas/v4/chat/completions
- headers: [Authorization: Beare...60], [Content-Type: application/json]
- body: {
  "model" : "glm-4.7-flash",
  "messages" : [ {
    "role" : "user",
    "content" : "[系统提示]你是一个专业的学习助手，擅长回答各类学习相关问题。\n请遵循以下要求：\n1. 使用简洁清晰的语言回答问题\n2. 如果遇到不确定的信息，明确说明\n3. 避免添加不必要的主观推断\n4. 回答应具有教育意义和实用性\n\n[用户问题]什么是机器学习"
  } ],
  "stream" : false,
  "temperature" : 0.7,
  "top_p" : 0.9,
  "max_tokens" : 512,
  "stop" : [ ],
  "tool_choice" : "auto"
}

2026-03-27 22:08:36.316 [tomcat-handler-3] INFO  d.l.h.client.log.LoggingHttpClient - HTTP response:
- status code: 200
- headers: [:status: 200], [content-length: 2621], [content-type: application/json; charset=UTF-8], [date: Fri, 27 Mar 2026 14:08:36 GMT], [set-cookie: acw_tc=76b20f9c17746205096002911ec50020c62fa2519a6ba87c0a45879b61d602;path=/;HttpOnly;Max-Age=1800], [strict-transport-security: max-age=31536000; includeSubDomains], [vary: [Accept-Encoding, Origin, Access-Control-Request-Method, Access-Control-Request-Headers, Origin, Access-Control-Request-Method, Access-Control-Request-Headers]], [x-log-id: 20260327220829652de52ba3844cc9]
- body: {"choices":[{"finish_reason":"length","index":0,"message":{"content":"","reasoning_content":"1. **分析请求：**\n    *   **角色：** 专业的学习助手。\n    *   **任务：** 回答“什么是机器学习”。\n    *   **约束条件：**\n        1.  使用简洁清晰的语言。\n        2.  如果遇到不确定的信息，明确说明（虽然对于这个定义来说不太可能，但这是一个很好的习惯）。\n        3.  避免添加不必要的主观推断。\n        4.  回答应具有教育意义和实用性。\n\n2.  **解构概念（机器学习）：**\n    *   *定义：* 它是人工智能的一个子集。\n    *   *核心机制：* 系统从数据中学习，而不仅仅是遵循明确的指令。\n    *   *类比：* 教孩子看图识字 vs. 告诉孩子“苹果是红色的”。\n    *   *关键组成部分：* 数据、算法、模型、训练/推理。\n    *   *类型（简述）：* 监督学习、无监督学习、强化学习。\n\n3.  **起草回答（迭代过程）：**\n\n    *   *尝试 1（心理草稿）：* 机器学习是人工智能的一部分。它使用计算机从数据中学习，而不是用代码告诉它该怎么做。比如像 Netflix 或 Google Translate 这样的东西。它使用算法来寻找规律。它分为监督学习、无监督学习和强化学习。\n\n    *   *批评 1：* 有点太随意了。需要更专业、更结构化，并且更符合“教育意义”的要求。\n\n    *   *尝试 2（结构化）：* 机器学习（ML）是人工智能（AI）的一个分支。它使计算机能够从数据中学习并做出预测。不像传统编程，你告诉计算机规则，机器学习是从数据中找到规则。它被用于垃圾邮件过滤和推荐系统。\n\n    *   *批评 2：* 更好。需要更好地定义“学习”，也许可以用一个具体的例子。需要涵盖不同的类型以增加实用性。\n\n    *   *尝试 3（针对约束条件进行润色）：*\n        *   *定义：* 简单开始。机器学习（ML）是人工智能（AI）的一个子集。\n        *   *核心概念：* 它通过算法从数据中学习，而无需显式编程。\n        *   *类比：* “从数据中学习” vs. “基于规则”。\n        *","role":"assistant"}}],"created":1774620516,"id":"20260327220829652de52ba3844cc9","model":"glm-4.7-flash","object":"chat.completion","request_id":"20260327220829652de52ba3844cc9","usage":{"completion_tokens":512,"completion_tokens_details":{"reasoning_tokens":509},"prompt_tokens":75,"prompt_tokens_details":{"cached_tokens":2},"total_tokens":587}}

2026-03-27 22:08:36.317 [tomcat-handler-3] INFO  c.a.rag.service.impl.RagServiceImpl - LLM 直接生成答案成功：userId=2, answerLength=0
2026-03-27 22:08:36.317 [tomcat-handler-3] DEBUG c.aetheris.rag.util.PerformanceTimer - Stage 'generation' completed in 6787 ms
2026-03-27 22:08:36.326 [tomcat-handler-3] DEBUG c.a.r.s.impl.BehaviorServiceImpl - 记录用户查询行为: userId=2, queryText=什么是机器学习
2026-03-27 22:08:36.326 [tomcat-handler-3] DEBUG org.mybatis.spring.SqlSessionUtils - Creating a new SqlSession
2026-03-27 22:08:36.326 [tomcat-handler-3] DEBUG org.mybatis.spring.SqlSessionUtils - Registering transaction synchronization for SqlSession [org.apache.ibatis.session.defaults.DefaultSqlSession@1492251c]
2026-03-27 22:08:36.327 [tomcat-handler-3] DEBUG o.m.s.t.SpringManagedTransaction - JDBC Connection [HikariProxyConnection@1541021012 wrapping com.mysql.cj.jdbc.ConnectionImpl@6e4e60f5] will be managed by Spring
2026-03-27 22:08:36.327 [tomcat-handler-3] DEBUG c.a.r.m.UserBehaviorMapper.insert - ==>  Preparing: INSERT INTO user_behaviors ( user_id, behavior_type, resource_id, query_text, behavior_time, session_id, weight ) VALUES ( ?, ?, ?, ?, ?, ?, ? )
2026-03-27 22:08:36.327 [tomcat-handler-3] DEBUG c.a.r.m.UserBehaviorMapper.insert - ==> Parameters: 2(Long), QUERY(String), null, 什么是机器学习(String), 2026-03-27 22:08:36.326529(Timestamp), null, null
2026-03-27 22:08:36.334 [tomcat-handler-3] DEBUG c.a.r.m.UserBehaviorMapper.insert - <==    Updates: 1
2026-03-27 22:08:36.334 [tomcat-handler-3] DEBUG org.mybatis.spring.SqlSessionUtils - Releasing transactional SqlSession [org.apache.ibatis.session.defaults.DefaultSqlSession@1492251c]
2026-03-27 22:08:36.334 [tomcat-handler-3] INFO  c.a.r.s.impl.BehaviorServiceImpl - 查询行为已记录: behaviorId=7, userId=2
2026-03-27 22:08:36.334 [tomcat-handler-3] DEBUG org.mybatis.spring.SqlSessionUtils - Transaction synchronization committing SqlSession [org.apache.ibatis.session.defaults.DefaultSqlSession@1492251c]
2026-03-27 22:08:36.334 [tomcat-handler-3] DEBUG org.mybatis.spring.SqlSessionUtils - Transaction synchronization deregistering SqlSession [org.apache.ibatis.session.defaults.DefaultSqlSession@1492251c]
2026-03-27 22:08:36.334 [tomcat-handler-3] DEBUG org.mybatis.spring.SqlSessionUtils - Transaction synchronization closing SqlSession [org.apache.ibatis.session.defaults.DefaultSqlSession@1492251c]
2026-03-27 22:08:36.337 [tomcat-handler-3] DEBUG c.a.rag.service.impl.RagServiceImpl - 查询行为记录成功：userId=2, query='什么是机器学习'
2026-03-27 22:08:36.337 [tomcat-handler-3] INFO  c.a.rag.service.impl.RagServiceImpl - 问答完成：userId=2, latencyMs=6807ms, useRag=false, citationsCount=0
2026-03-27 22:08:36.337 [tomcat-handler-3] INFO  c.a.rag.controller.ChatController - RAG 问答完成：userId=2, latencyMs=6807ms, evidenceInsufficient=false
2026-03-27 22:09:13.956 [tomcat-handler-4] DEBUG c.a.r.c.SecurityConfig$JwtAuthenticationFilter - Authenticated user: 2
2026-03-27 22:09:13.962 [tomcat-handler-4] INFO  c.a.rag.controller.ChatController - POST /api/chat/ask - userId=2, question='什么是机器学习', topK=5
2026-03-27 22:09:13.963 [tomcat-handler-4] INFO  c.a.rag.service.impl.RagServiceImpl - 执行问答：userId=2, question='什么是机器学习', useRag=false, topK=5
2026-03-27 22:09:13.963 [tomcat-handler-4] INFO  c.a.rag.service.impl.RagServiceImpl - 纯 LLM 模式：跳过检索，直接调用 LLM
2026-03-27 22:09:13.963 [tomcat-handler-4] INFO  c.aetheris.rag.gateway.ChatGateway - 调用 Chat API（带系统提示）：model=glm-4.7-flash, systemPromptPreview=你是一个专业的学习助手，擅长回答各类学习相关问题。
请遵循以下要求：
1. 使用简洁清晰的语言回答问题
2. 如果遇到不确定的信息，明确说明
3. 避免添加不必要的主观推断
4. 回答应具有教育意义和实用性, userPromptPreview=什么是机器学习
2026-03-27 22:09:13.965 [tomcat-handler-4] INFO  d.l.h.client.log.LoggingHttpClient - HTTP request:
- method: POST
- url: https://open.bigmodel.cn/api/paas/v4/chat/completions
- headers: [Authorization: Beare...Ds], [Content-Type: application/json]
- body: {
  "model" : "glm-4.7-flash",
  "messages" : [ {
    "role" : "user",
    "content" : "[系统提示]你是一个专业的学习助手，擅长回答各类学习相关问题。\n请遵循以下要求：\n1. 使用简洁清晰的语言回答问题\n2. 如果遇到不确定的信息，明确说明\n3. 避免添加不必要的主观推断\n4. 回答应具有教育意义和实用性\n\n[用户问题]什么是机器学习"
  } ],
  "stream" : false,
  "temperature" : 0.7,
  "top_p" : 0.9,
  "max_tokens" : 512,
  "stop" : [ ],
  "tool_choice" : "auto"
}

2026-03-27 22:09:20.827 [tomcat-handler-4] INFO  d.l.h.client.log.LoggingHttpClient - HTTP response:
- status code: 200
- headers: [:status: 200], [content-length: 2638], [content-type: application/json; charset=UTF-8], [date: Fri, 27 Mar 2026 14:09:20 GMT], [set-cookie: acw_tc=76b20ff917746205541076375e9900d18a15843d2e71dd2b28d7cefcf80420;path=/;HttpOnly;Max-Age=1800], [strict-transport-security: max-age=31536000; includeSubDomains], [vary: [Accept-Encoding, Origin, Access-Control-Request-Method, Access-Control-Request-Headers, Origin, Access-Control-Request-Method, Access-Control-Request-Headers]], [x-log-id: 2026032722091401b1694c46934b74]
- body: {"choices":[{"finish_reason":"length","index":0,"message":{"content":"","reasoning_content":"1. **分析请求：**\n    *   **角色：** 专业的学习助手。\n    *   **任务：** 回答“什么是机器学习？”\n    *   **约束：**\n        *   使用简洁清晰的语言。\n        *   如果遇到不确定的信息，明确说明。\n        *   避免不必要的主观推断。\n        *   具有教育意义和实用性。\n\n2.  **解构主题（机器学习）：**\n    *   **定义：** 它是什么？（人工智能的一个子集，从数据中学习，做出预测）。\n    *   **核心机制：** 数据 -> 模型/算法 -> 模型 -> 输出（预测）。\n    *   **类型/分类：** 监督学习、无监督学习、强化学习（简要提及这些是基础知识）。\n    *   **类比：** 教孩子（通过例子学习）对比查阅手册（基于规则的系统）。\n    *   **应用：** 它用在哪里？（推荐系统、自动驾驶、垃圾邮件过滤）。\n\n3.  **起草回答（迭代过程）：**\n\n    *   *尝试 1（心理草稿）：* 机器学习是人工智能的一个分支。它使用算法来解析数据，从中学习，然后做出决策或预测。就像教计算机识别猫的照片。它不需要程序员为每种情况编写代码。它通过数据来学习。\n\n    *   *根据约束进行优化：*\n        *   *简洁性：* 需要结构化。要点很好。\n        *   *教育价值：* 需要一个定义、一个类比和一个示例。\n        *   *清晰度：* 使用简单的术语。\n\n    *   *尝试 2（结构化）：*\n        *   **定义：** 机器学习是人工智能的一个子集。它使计算机能够从数据中学习，而无需针对每个特定指令进行显式编程。\n        *   **它是如何工作的：** 给计算机大量数据 -> 计算机找到规律 -> 计算机对新的数据做出预测。\n        *   **类比：** 这就像教孩子认识水果。你展示苹果，孩子学习“苹果”的样子。你展示一个新水果，孩子知道它是苹果。\n        *   **类型：** 监督学习（带标签），无监督学习（未标记），强化学习（奖励）。\n        *   **示例：** 垃圾邮件过滤器，推荐算法（Netflix）","role":"assistant"}}],"created":1774620560,"id":"2026032722091401b1694c46934b74","model":"glm-4.7-flash","object":"chat.completion","request_id":"2026032722091401b1694c46934b74","usage":{"completion_tokens":512,"completion_tokens_details":{"reasoning_tokens":508},"prompt_tokens":75,"prompt_tokens_details":{"cached_tokens":73},"total_tokens":587}}

2026-03-27 22:09:20.828 [tomcat-handler-4] INFO  c.a.rag.service.impl.RagServiceImpl - LLM 直接生成答案成功：userId=2, answerLength=0
2026-03-27 22:09:20.828 [tomcat-handler-4] DEBUG c.aetheris.rag.util.PerformanceTimer - Stage 'generation' completed in 6864 ms
2026-03-27 22:09:20.836 [tomcat-handler-4] DEBUG c.a.r.s.impl.BehaviorServiceImpl - 记录用户查询行为: userId=2, queryText=什么是机器学习
2026-03-27 22:09:20.836 [tomcat-handler-4] DEBUG org.mybatis.spring.SqlSessionUtils - Creating a new SqlSession
2026-03-27 22:09:20.836 [tomcat-handler-4] DEBUG org.mybatis.spring.SqlSessionUtils - Registering transaction synchronization for SqlSession [org.apache.ibatis.session.defaults.DefaultSqlSession@26e8c3d5]
2026-03-27 22:09:20.837 [tomcat-handler-4] DEBUG o.m.s.t.SpringManagedTransaction - JDBC Connection [HikariProxyConnection@739289253 wrapping com.mysql.cj.jdbc.ConnectionImpl@6e4e60f5] will be managed by Spring
2026-03-27 22:09:20.837 [tomcat-handler-4] DEBUG c.a.r.m.UserBehaviorMapper.insert - ==>  Preparing: INSERT INTO user_behaviors ( user_id, behavior_type, resource_id, query_text, behavior_time, session_id, weight ) VALUES ( ?, ?, ?, ?, ?, ?, ? )
2026-03-27 22:09:20.838 [tomcat-handler-4] DEBUG c.a.r.m.UserBehaviorMapper.insert - ==> Parameters: 2(Long), QUERY(String), null, 什么是机器学习(String), 2026-03-27 22:09:20.836617(Timestamp), null, null
2026-03-27 22:09:20.844 [tomcat-handler-4] DEBUG c.a.r.m.UserBehaviorMapper.insert - <==    Updates: 1
2026-03-27 22:09:20.845 [tomcat-handler-4] DEBUG org.mybatis.spring.SqlSessionUtils - Releasing transactional SqlSession [org.apache.ibatis.session.defaults.DefaultSqlSession@26e8c3d5]
2026-03-27 22:09:20.845 [tomcat-handler-4] INFO  c.a.r.s.impl.BehaviorServiceImpl - 查询行为已记录: behaviorId=8, userId=2
2026-03-27 22:09:20.845 [tomcat-handler-4] DEBUG org.mybatis.spring.SqlSessionUtils - Transaction synchronization committing SqlSession [org.apache.ibatis.session.defaults.DefaultSqlSession@26e8c3d5]
2026-03-27 22:09:20.845 [tomcat-handler-4] DEBUG org.mybatis.spring.SqlSessionUtils - Transaction synchronization deregistering SqlSession [org.apache.ibatis.session.defaults.DefaultSqlSession@26e8c3d5]
2026-03-27 22:09:20.845 [tomcat-handler-4] DEBUG org.mybatis.spring.SqlSessionUtils - Transaction synchronization closing SqlSession [org.apache.ibatis.session.defaults.DefaultSqlSession@26e8c3d5]
2026-03-27 22:09:20.851 [tomcat-handler-4] DEBUG c.a.rag.service.impl.RagServiceImpl - 查询行为记录成功：userId=2, query='什么是机器学习'
2026-03-27 22:09:20.851 [tomcat-handler-4] INFO  c.a.rag.service.impl.RagServiceImpl - 问答完成：userId=2, latencyMs=6888ms, useRag=false, citationsCount=0
2026-03-27 22:09:20.851 [tomcat-handler-4] INFO  c.a.rag.controller.ChatController - RAG 问答完成：userId=2, latencyMs=6888ms, evidenceInsufficient=false
2026-03-27 22:15:21.700 [SpringApplicationShutdownHook] INFO  o.s.b.w.e.tomcat.GracefulShutdown - Commencing graceful shutdown. Waiting for active requests to complete
2026-03-27 22:15:21.704 [tomcat-shutdown] INFO  o.s.b.w.e.tomcat.GracefulShutdown - Graceful shutdown complete
2026-03-27 22:15:21.835 [SpringApplicationShutdownHook] INFO  com.zaxxer.hikari.HikariDataSource - HikariPool-1 - Shutdown initiated...
2026-03-27 22:15:21.843 [SpringApplicationShutdownHook] INFO  com.zaxxer.hikari.HikariDataSource - HikariPool-1 - Shutdown completed.
2026-03-27 22:15:50.558 [main] INFO  c.a.rag.AetherisRagApplication - Starting AetherisRagApplication using Java 21.0.10 with PID 95856 (/Users/ice/Projects/Aetheris/backend/target/classes started by ice in /Users/ice/Projects/Aetheris/backend)
2026-03-27 22:15:50.559 [main] DEBUG c.a.rag.AetherisRagApplication - Running with Spring Boot v3.5.9, Spring v6.2.15
2026-03-27 22:15:50.559 [main] INFO  c.a.rag.AetherisRagApplication - No active profile set, falling back to 1 default profile: "default"
2026-03-27 22:15:50.954 [main] DEBUG o.m.s.b.a.MybatisAutoConfiguration - Searching for mappers annotated with @Mapper
2026-03-27 22:15:50.954 [main] DEBUG o.m.s.b.a.MybatisAutoConfiguration - Using auto-configuration base package 'com.aetheris.rag'
2026-03-27 22:15:51.059 [main] INFO  o.s.d.r.c.RepositoryConfigurationDelegate - Multiple Spring Data modules found, entering strict repository configuration mode
2026-03-27 22:15:51.060 [main] INFO  o.s.d.r.c.RepositoryConfigurationDelegate - Bootstrapping Spring Data Redis repositories in DEFAULT mode.
2026-03-27 22:15:51.075 [main] INFO  o.s.d.r.c.RepositoryConfigurationDelegate - Finished Spring Data repository scanning in 7 ms. Found 0 Redis repository interfaces.
2026-03-27 22:15:51.124 [main] DEBUG o.m.s.mapper.ClassPathMapperScanner - Identified candidate component class: file [/Users/ice/Projects/Aetheris/backend/target/classes/com/aetheris/rag/mapper/ChunkMapper.class]
2026-03-27 22:15:51.124 [main] DEBUG o.m.s.mapper.ClassPathMapperScanner - Identified candidate component class: file [/Users/ice/Projects/Aetheris/backend/target/classes/com/aetheris/rag/mapper/ResourceMapper.class]
2026-03-27 22:15:51.124 [main] DEBUG o.m.s.mapper.ClassPathMapperScanner - Identified candidate component class: file [/Users/ice/Projects/Aetheris/backend/target/classes/com/aetheris/rag/mapper/UserBehaviorMapper.class]
2026-03-27 22:15:51.124 [main] DEBUG o.m.s.mapper.ClassPathMapperScanner - Identified candidate component class: file [/Users/ice/Projects/Aetheris/backend/target/classes/com/aetheris/rag/mapper/UserMapper.class]
2026-03-27 22:15:51.125 [main] DEBUG o.m.s.mapper.ClassPathMapperScanner - Creating MapperFactoryBean with name 'chunkMapper' and 'com.aetheris.rag.mapper.ChunkMapper' mapperInterface
2026-03-27 22:15:51.125 [main] DEBUG o.m.s.mapper.ClassPathMapperScanner - Creating MapperFactoryBean with name 'resourceMapper' and 'com.aetheris.rag.mapper.ResourceMapper' mapperInterface
2026-03-27 22:15:51.126 [main] DEBUG o.m.s.mapper.ClassPathMapperScanner - Creating MapperFactoryBean with name 'userBehaviorMapper' and 'com.aetheris.rag.mapper.UserBehaviorMapper' mapperInterface
2026-03-27 22:15:51.126 [main] DEBUG o.m.s.mapper.ClassPathMapperScanner - Creating MapperFactoryBean with name 'userMapper' and 'com.aetheris.rag.mapper.UserMapper' mapperInterface
2026-03-27 22:15:51.448 [main] INFO  o.s.b.w.e.tomcat.TomcatWebServer - Tomcat initialized with port 8080 (http)
2026-03-27 22:15:51.460 [main] INFO  o.a.catalina.core.StandardService - Starting service [Tomcat]
2026-03-27 22:15:51.460 [main] INFO  o.a.catalina.core.StandardEngine - Starting Servlet engine: [Apache Tomcat/10.1.50]
2026-03-27 22:15:51.488 [main] INFO  o.a.c.c.C.[Tomcat].[localhost].[/] - Initializing Spring embedded WebApplicationContext
2026-03-27 22:15:51.488 [main] INFO  o.s.b.w.s.c.ServletWebServerApplicationContext - Root WebApplicationContext: initialization completed in 910 ms
2026-03-27 22:15:51.580 [main] INFO  c.aetheris.rag.config.DotenvConfig - ✅ .env 文件已加载: /Users/ice/Projects/Aetheris/.env
2026-03-27 22:15:51.587 [main] INFO  com.aetheris.rag.util.JwtUtil - Initialized JwtUtil with expiration: 604800000 ms
2026-03-27 22:15:51.675 [main] INFO  com.zaxxer.hikari.HikariDataSource - HikariPool-1 - Starting...
2026-03-27 22:15:51.763 [main] INFO  com.zaxxer.hikari.pool.HikariPool - HikariPool-1 - Added connection com.mysql.cj.jdbc.ConnectionImpl@7805478c
2026-03-27 22:15:51.764 [main] INFO  com.zaxxer.hikari.HikariDataSource - HikariPool-1 - Start completed.
2026-03-27 22:15:51.793 [main] INFO  org.flywaydb.core.FlywayExecutor - Database: jdbc:mysql://localhost:3306/aetheris_rag?useSSL=false&serverTimezone=Asia/Shanghai&allowPublicKeyRetrieval=true (MySQL 8.4)
2026-03-27 22:15:51.864 [main] WARN  o.f.c.i.database.base.Database - Flyway upgrade recommended: MySQL 8.4 is newer than this version of Flyway and support has not been tested. The latest supported version of MySQL is 8.1.
2026-03-27 22:15:51.890 [main] INFO  o.f.core.internal.command.DbValidate - Successfully validated 1 migration (execution time 00:00.018s)
2026-03-27 22:15:51.901 [main] INFO  o.f.core.internal.command.DbMigrate - Current version of schema `aetheris_rag`: 1
2026-03-27 22:15:51.902 [main] INFO  o.f.core.internal.command.DbMigrate - Schema `aetheris_rag` is up to date. No migration necessary.
2026-03-27 22:15:51.991 [main] DEBUG o.m.spring.SqlSessionFactoryBean - Parsed mapper file: 'file [/Users/ice/Projects/Aetheris/backend/target/classes/mapper/ChunkMapper.xml]'
2026-03-27 22:15:51.999 [main] DEBUG o.m.spring.SqlSessionFactoryBean - Parsed mapper file: 'file [/Users/ice/Projects/Aetheris/backend/target/classes/mapper/ResourceMapper.xml]'
2026-03-27 22:15:52.007 [main] DEBUG o.m.spring.SqlSessionFactoryBean - Parsed mapper file: 'file [/Users/ice/Projects/Aetheris/backend/target/classes/mapper/UserBehaviorMapper.xml]'
2026-03-27 22:15:52.011 [main] DEBUG o.m.spring.SqlSessionFactoryBean - Parsed mapper file: 'file [/Users/ice/Projects/Aetheris/backend/target/classes/mapper/UserMapper.xml]'
2026-03-27 22:15:52.018 [main] INFO  c.aetheris.rag.config.RedissonConfig - 初始化 Redisson 客户端: localhost:6379
2026-03-27 22:15:52.053 [main] INFO  org.redisson.Version - Redisson 3.52.0
2026-03-27 22:15:52.122 [main] WARN  i.n.r.d.DnsServerAddressStreamProviders - Can not find io.netty.resolver.dns.macos.MacOSDnsServerAddressStreamProvider in the classpath, fallback to system defaults. This may result in incorrect DNS resolutions on MacOS. Check whether you have a dependency on 'io.netty:netty-resolver-dns-native-macos'
2026-03-27 22:15:52.212 [redisson-netty-1-5] INFO  o.r.connection.ConnectionsHolder - 1 connections initialized for localhost/127.0.0.1:6379
2026-03-27 22:15:52.216 [redisson-netty-1-8] INFO  o.r.connection.ConnectionsHolder - 2 connections initialized for localhost/127.0.0.1:6379
2026-03-27 22:15:52.241 [main] INFO  c.aetheris.rag.config.RedissonConfig - Redisson 客户端初始化成功
2026-03-27 22:15:52.369 [main] INFO  c.a.rag.gateway.cache.EmbeddingCache - Initialized EmbeddingCache with TTL: 30 days
2026-03-27 22:15:52.431 [main] INFO  c.a.rag.gateway.EmbeddingGateway - 初始化 EmbeddingGateway，模型：embedding-3，缓存：启用
2026-03-27 22:15:52.437 [main] DEBUG c.a.r.service.impl.VectorServiceImpl - 检查向量索引是否存在: chunk_vector_index
2026-03-27 22:15:52.593 [main] INFO  c.a.r.service.impl.VectorServiceImpl - 创建向量索引: chunk_vector_index
2026-03-27 22:15:52.596 [main] INFO  c.a.r.service.impl.VectorServiceImpl - 向量索引已存在: chunk_vector_index
2026-03-27 22:15:52.628 [main] INFO  c.aetheris.rag.gateway.ChatGateway - 初始化 ChatGateway，模型：glm-4-flash，temperature：0.7
2026-03-27 22:15:52.813 [main] INFO  o.s.b.a.e.web.EndpointLinksResolver - Exposing 4 endpoints beneath base path '/actuator'
2026-03-27 22:15:52.839 [main] INFO  o.s.s.c.a.a.c.InitializeUserDetailsBeanManagerConfigurer$InitializeUserDetailsManagerConfigurer - Global AuthenticationManager configured with UserDetailsService bean with name userDetailsService
2026-03-27 22:15:52.939 [main] DEBUG o.m.s.b.a.MybatisAutoConfiguration - Not found configuration for registering mapper bean using @MapperScan, MapperFactoryBean and MapperScannerConfigurer.
2026-03-27 22:15:53.043 [main] INFO  o.s.b.w.e.tomcat.TomcatWebServer - Tomcat started on port 8080 (http) with context path '/'
2026-03-27 22:15:53.055 [main] INFO  c.a.rag.AetherisRagApplication - Started AetherisRagApplication in 2.713 seconds (process running for 2.864)
2026-03-27 22:15:55.735 [tomcat-handler-0] INFO  o.a.c.c.C.[Tomcat].[localhost].[/] - Initializing Spring DispatcherServlet 'dispatcherServlet'
2026-03-27 22:15:55.736 [tomcat-handler-0] INFO  o.s.web.servlet.DispatcherServlet - Initializing Servlet 'dispatcherServlet'
2026-03-27 22:15:55.736 [tomcat-handler-0] INFO  o.s.web.servlet.DispatcherServlet - Completed initialization in 0 ms
2026-03-27 22:16:17.135 [tomcat-handler-1] DEBUG c.a.r.c.SecurityConfig$JwtAuthenticationFilter - Authenticated user: 2
2026-03-27 22:16:17.181 [tomcat-handler-1] INFO  c.a.rag.controller.ChatController - POST /api/chat/ask - userId=2, question='什么是机器学习', topK=5
2026-03-27 22:16:17.182 [tomcat-handler-1] INFO  c.a.rag.service.impl.RagServiceImpl - 执行问答：userId=2, question='什么是机器学习', useRag=false, topK=5
2026-03-27 22:16:17.182 [tomcat-handler-1] INFO  c.a.rag.service.impl.RagServiceImpl - 纯 LLM 模式：跳过检索，直接调用 LLM
2026-03-27 22:16:17.182 [tomcat-handler-1] INFO  c.aetheris.rag.gateway.ChatGateway - 调用 Chat API（带系统提示）：model=glm-4-flash, systemPromptPreview=你是一个专业的学习助手，擅长回答各类学习相关问题。
请遵循以下要求：
1. 使用简洁清晰的语言回答问题
2. 如果遇到不确定的信息，明确说明
3. 避免添加不必要的主观推断
4. 回答应具有教育意义和实用性, userPromptPreview=什么是机器学习
2026-03-27 22:16:17.230 [tomcat-handler-1] INFO  d.l.h.client.log.LoggingHttpClient - HTTP request:
- method: POST
- url: https://open.bigmodel.cn/api/paas/v4/chat/completions
- headers: [Authorization: Beare...jk], [Content-Type: application/json]
- body: {
  "model" : "glm-4-flash",
  "messages" : [ {
    "role" : "user",
    "content" : "[系统提示]你是一个专业的学习助手，擅长回答各类学习相关问题。\n请遵循以下要求：\n1. 使用简洁清晰的语言回答问题\n2. 如果遇到不确定的信息，明确说明\n3. 避免添加不必要的主观推断\n4. 回答应具有教育意义和实用性\n\n[用户问题]什么是机器学习"
  } ],
  "stream" : false,
  "temperature" : 0.7,
  "top_p" : 0.9,
  "max_tokens" : 512,
  "stop" : [ ],
  "tool_choice" : "auto"
}

2026-03-27 22:16:24.189 [tomcat-handler-1] INFO  d.l.h.client.log.LoggingHttpClient - HTTP response:
- status code: 200
- headers: [:status: 200], [content-length: 1119], [content-type: application/json; charset=UTF-8], [date: Fri, 27 Mar 2026 14:16:24 GMT], [set-cookie: acw_tc=781bad4617746209774831208e096087654bc403e90d0cbccf9e4a1a119a43;path=/;HttpOnly;Max-Age=1800], [strict-transport-security: max-age=31536000; includeSubDomains], [vary: [Accept-Encoding, Origin, Access-Control-Request-Method, Access-Control-Request-Headers, Origin, Access-Control-Request-Method, Access-Control-Request-Headers]], [x-log-id: 20260327221617223f03f2a2b54b06]
- body: {"choices":[{"finish_reason":"stop","index":0,"message":{"content":"机器学习是一种使计算机系统能够从数据中学习并作出决策或预测的技术。它通过算法让计算机能够从输入数据中“学习”，从而在没有明确编程的情况下改善其性能。简单来说，机器学习包括以下关键要素：\n\n1. **数据**：作为训练的基础，机器学习依赖于大量数据集。\n2. **算法**：这些是处理数据、识别模式和趋势的方法。\n3. **模型**：算法处理数据后形成的结构化输出，可以用来进行预测或分类。\n4. **性能评估**：使用测试数据来评估模型的准确性和可靠性。\n\n机器学习应用广泛，包括推荐系统、语音识别、图像识别、自然语言处理等。它使计算机能够执行原本需要人类智能才能完成的任务。","role":"assistant"}}],"created":1774620984,"id":"20260327221617223f03f2a2b54b06","model":"glm-4-flash","object":"chat.completion","request_id":"20260327221617223f03f2a2b54b06","usage":{"completion_tokens":159,"prompt_tokens":75,"total_tokens":234}}

2026-03-27 22:16:24.204 [tomcat-handler-1] INFO  c.a.rag.service.impl.RagServiceImpl - LLM 直接生成答案成功：userId=2, answerLength=288
2026-03-27 22:16:24.204 [tomcat-handler-1] DEBUG c.aetheris.rag.util.PerformanceTimer - Stage 'generation' completed in 7022 ms
2026-03-27 22:16:24.214 [tomcat-handler-1] DEBUG c.a.r.s.impl.BehaviorServiceImpl - 记录用户查询行为: userId=2, queryText=什么是机器学习
2026-03-27 22:16:24.219 [tomcat-handler-1] DEBUG org.mybatis.spring.SqlSessionUtils - Creating a new SqlSession
2026-03-27 22:16:24.221 [tomcat-handler-1] DEBUG org.mybatis.spring.SqlSessionUtils - Registering transaction synchronization for SqlSession [org.apache.ibatis.session.defaults.DefaultSqlSession@3c590b42]
2026-03-27 22:16:24.227 [tomcat-handler-1] DEBUG o.m.s.t.SpringManagedTransaction - JDBC Connection [HikariProxyConnection@1242575789 wrapping com.mysql.cj.jdbc.ConnectionImpl@7805478c] will be managed by Spring
2026-03-27 22:16:24.228 [tomcat-handler-1] DEBUG c.a.r.m.UserBehaviorMapper.insert - ==>  Preparing: INSERT INTO user_behaviors ( user_id, behavior_type, resource_id, query_text, behavior_time, session_id, weight ) VALUES ( ?, ?, ?, ?, ?, ?, ? )
2026-03-27 22:16:24.240 [tomcat-handler-1] DEBUG c.a.r.m.UserBehaviorMapper.insert - ==> Parameters: 2(Long), QUERY(String), null, 什么是机器学习(String), 2026-03-27 22:16:24.214802(Timestamp), null, null
2026-03-27 22:16:24.249 [tomcat-handler-1] DEBUG c.a.r.m.UserBehaviorMapper.insert - <==    Updates: 1
2026-03-27 22:16:24.251 [tomcat-handler-1] DEBUG org.mybatis.spring.SqlSessionUtils - Releasing transactional SqlSession [org.apache.ibatis.session.defaults.DefaultSqlSession@3c590b42]
2026-03-27 22:16:24.251 [tomcat-handler-1] INFO  c.a.r.s.impl.BehaviorServiceImpl - 查询行为已记录: behaviorId=9, userId=2
2026-03-27 22:16:24.252 [tomcat-handler-1] DEBUG org.mybatis.spring.SqlSessionUtils - Transaction synchronization committing SqlSession [org.apache.ibatis.session.defaults.DefaultSqlSession@3c590b42]
2026-03-27 22:16:24.252 [tomcat-handler-1] DEBUG org.mybatis.spring.SqlSessionUtils - Transaction synchronization deregistering SqlSession [org.apache.ibatis.session.defaults.DefaultSqlSession@3c590b42]
2026-03-27 22:16:24.252 [tomcat-handler-1] DEBUG org.mybatis.spring.SqlSessionUtils - Transaction synchronization closing SqlSession [org.apache.ibatis.session.defaults.DefaultSqlSession@3c590b42]
2026-03-27 22:16:24.255 [tomcat-handler-1] DEBUG c.a.rag.service.impl.RagServiceImpl - 查询行为记录成功：userId=2, query='什么是机器学习'
2026-03-27 22:16:24.256 [tomcat-handler-1] INFO  c.a.rag.service.impl.RagServiceImpl - 问答完成：userId=2, latencyMs=7073ms, useRag=false, citationsCount=0
2026-03-27 22:16:24.257 [tomcat-handler-1] INFO  c.a.rag.controller.ChatController - RAG 问答完成：userId=2, latencyMs=7073ms, evidenceInsufficient=false
2026-03-27 22:17:11.407 [tomcat-handler-2] DEBUG c.a.r.c.SecurityConfig$JwtAuthenticationFilter - Authenticated user: 2
2026-03-27 22:17:11.412 [tomcat-handler-2] INFO  c.a.rag.controller.ChatController - POST /api/chat/ask - userId=2, question='什么是机器学习', topK=5
2026-03-27 22:17:11.413 [tomcat-handler-2] INFO  c.a.rag.service.impl.RagServiceImpl - 执行问答：userId=2, question='什么是机器学习', useRag=true, topK=5
2026-03-27 22:17:11.413 [tomcat-handler-2] INFO  c.a.r.service.impl.SearchServiceImpl - 执行聚合语义检索：query='什么是机器学习', topK=5
2026-03-27 22:17:11.413 [tomcat-handler-2] INFO  c.a.r.service.impl.SearchServiceImpl - 执行语义检索：query='什么是机器学习', topK=10
2026-03-27 22:17:11.421 [tomcat-handler-2] DEBUG c.a.rag.gateway.cache.EmbeddingCache - Embedding cache miss for textHash: ba312180480566d5ee92b1789f2f869779e9c5bea3bd5995fb12b1c3fe953793
2026-03-27 22:17:11.421 [tomcat-handler-2] INFO  c.a.rag.gateway.EmbeddingGateway - 调用 Embedding API：model=embedding-3, textPreview=什么是机器学习
2026-03-27 22:17:11.431 [tomcat-handler-2] INFO  d.l.h.client.log.LoggingHttpClient - HTTP request:
- method: POST
- url: https://open.bigmodel.cn/api/paas/v4/embeddings
- headers: [Authorization: Beare...jk], [Content-Type: application/json]
- body: {
  "input" : "什么是机器学习",
  "model" : "embedding-3"
}

2026-03-27 22:17:11.914 [tomcat-handler-2] INFO  d.l.h.client.log.LoggingHttpClient - HTTP response:
- status code: 200
- headers: [:status: 200], [content-type: application/json; charset=UTF-8], [date: Fri, 27 Mar 2026 14:17:11 GMT], [set-cookie: acw_tc=781bad1517746210315835591e234b7a48e84f1c521b818dadd9a0a0aacd60;path=/;HttpOnly;Max-Age=1800], [strict-transport-security: max-age=31536000; includeSubDomains], [vary: [Accept-Encoding, Origin, Access-Control-Request-Method, Access-Control-Request-Headers, Origin, Access-Control-Request-Method, Access-Control-Request-Headers]], [x-log-id: 202603272217116d6af804f634409b]
- body: {"data":[{"embedding":[-0.0075122667,0.0027141578,-0.0024630793,0.016802168,0.017404757,-0.030591395,-0.0058199978,0.002709136,-0.009882447,0.017083377,-0.005358014,0.00048301212,0.013146467,0.005327884,0.003678299,-0.008702379,-0.013417631,-0.0033267892,-0.022034643,-0.0025082736,0.037742108,0.004187988,-0.0015504092,0.04318549,-0.0059154076,-0.0039871256,0.008958478,0.025730517,-0.002967747,-0.0036632342,-0.000056963418,0.13489942,-0.03288123,0.0023124323,-0.010565381,0.043868423,0.015185223,-0.043868423,-0.0066284705,0.012312886,0.045435153,0.0026363235,0.004132751,-0.02013649,0.027899835,-0.040574275,-0.024003098,-0.008561774,0.017234024,-0.020708948,0.004424002,-0.012081894,0.0121923685,0.016169451,-0.014190952,-0.013769141,0.008697357,0.015386086,0.016591262,-0.0057296096,-0.0053781,-0.032379072,-0.02183378,-0.010414734,0.02878363,0.008501516,-0.022014556,-0.0088580465,-0.0025045073,0.022516713,0.021492314,0.029647341,-0.007401792,0.034909945,0.02410353,0.045435153,0.00066724094,-0.00018328725,0.016159408,-0.001658373,-0.002350094,-0.011047451,0.017796438,-0.022456454,0.00046700588,-0.017073333,0.025911294,-0.018378941,0.012975733,0.0042432253,0.0022270656,0.013226812,-0.032700453,-0.0090086935,0.020708948,-0.0058752354,-0.049452405,0.010474992,0.00733149,-0.0060811196,-0.0001992935,0.018127862,-0.020015972,-0.022416282,-0.024384737,0.0077432585,0.020849552,0.012001549,0.011770557,-0.017053246,-0.053710695,-0.018840926,0.016460702,0.008245416,-0.010565381,0.0043486785,-0.007552439,-0.032861143,0.015305741,0.009129211,-0.006774096,-0.0008367189,0.011599823,0.0065933196,0.0005009015,0.01636027,0.011549608,-0.010384603,0.03354408,0.037260037,0.028843889,-0.03326287,0.02394284,-0.013417631,0.012654353,0.011188054,-0.014512333,0.030591395,-0.020086274,0.0064025,-0.016139321,-0.011921204,0.0030154518,-0.017565446,0.013628537,-0.16647504,0.0008059617,0.029727686,-0.038465217,-0.015757682,-0.02247654,-0.012172282,0.011127796,-0.01818812,-0.019825153,-0.021813694,-0.025348878,-0.013196683,0.020528173,0.034407787,-0.08821891,0.010866675,0.035070635,0.0024191407,0.010485035,-0.012584051,0.010555337,0.004702699,-0.017123548,0.00047799054,0.001216475,-0.03304192,-0.0047152527,-0.05676381,0.025087757,0.017706051,-0.0053831213,-0.014000133,0.015305741,-0.021311536,-0.030209756,0.009792059,-0.010876717,0.0047152527,0.005177237,0.01264431,-0.011479306,0.0007199674,0.013819356,0.017404757,-0.013909745,0.00070678577,-0.016510917,-0.026775004,-0.0010375816,-0.015064705,0.008762637,-0.0039670393,0.023962924,-0.009033802,-0.013558235,-0.0034950117,-0.0025384028,-0.014411902,-0.020246964,0.0215124,0.022255592,0.013196683,-0.013056078,0.028241301,-0.005809955,-0.006528039,0.022135073,-0.010997235,0.027478023,0.019252693,0.0077683665,-0.01757549,0.013678753,-0.04523429,-0.032901317,-0.023320165,-0.021974385,0.006703794,-0.028120784,0.02561,-0.0150245335,-0.0028120785,-0.012664396,0.052585866,0.004491793,-0.010023051,0.0008894453,-0.016430572,0.023962924,0.0029551932,-0.008315718,-0.01363858,-0.0018968976,0.02410353,-0.005358014,0.0046499725,-0.012553921,0.01757549,-0.0053128195,-0.02097007,-0.0005316586,0.017545361,0.017535318,-0.023340251,-0.04177945,-0.02798018,-0.0022710045,-0.008797788,-0.05600053,0.03434753,0.008501516,-0.023219733,-0.013136423,-0.010505121,0.025790775,0.019855281,0.0004896029,-0.00062424375,-0.0068745273,0.016330142,-0.011097667,-0.0051295324,0.023862494,-0.043908596,-0.012594094,-0.013216768,0.021432055,0.006583276,0.015838027,0.004634908,-0.023320165,-0.002736755,-0.010555337,0.0362959,-0.009048866,-0.049693443,0.0028798697,-0.02372189,0.008345847,0.006472802,0.007858755,0.01600876,0.021793608,0.009505829,-0.008647141,-0.004840792,-0.008722465,0.02173335,-0.03595443,0.016832298,0.019734764,0.03563305,0.04820706,-0.018097732,0.009812145,-0.029024666,0.007994337,-0.025830949,0.018097732,-0.017264152,0.008953457,-0.0056392215,0.017716093,0.013889658,-0.019955713,-0.0036582127,0.0245856,-0.017927,-0.005714545,0.0018491927,-0.040734965,-0.009304967,-0.03621555,-0.023581285,0.005054209,-0.015215353,-0.011097667,0.023079129,0.022496628,-0.008948435,0.013648624,-0.008627055,-0.0032389117,-0.019001616,-0.003758644,-0.0030204735,-0.0032138037,-0.016460702,-0.012674439,0.013226812,-0.027457938,0.021331623,0.008827917,-0.01568738,0.015366,-0.008817874,0.023480855,0.007693043,0.02631302,0.019383255,0.0022823028,0.026292933,0.020608516,0.003537695,-0.0038490323,-0.019674506,0.00045288273,-0.022275679,-0.015797855,-0.038163923,-0.022416282,-0.004461664,0.009792059,-0.024384737,0.011820773,0.000035504057,-0.008722465,-0.01565725,0.014261255,-0.015165137,-0.0049839066,0.042663246,-0.0020149043,-0.0013959961,0.023862494,-0.015386086,0.000557708,0.0051872805,-0.026172414,-0.020377526,0.021753434,-0.014733282,-0.012282757,0.04965327,-0.019182391,0.01652096,0.008632076,-0.012011592,-0.04354704,0.028502423,-0.04362739,0.024505254,-0.008150006,-0.009425485,0.012071851,-0.020387568,-0.052425176,-0.00006692809,0.013648624,-0.025148015,0.026071984,0.008436236,-0.20118412,-0.0028848911,-0.014080478,0.005207367,0.00784369,-0.006678686,0.030591395,-0.0023300077,0.009842275,-0.0065230173,-0.018871054,0.012815043,0.023601372,0.013487933,-0.010766243,-0.024987325,0.00022471519,0.008647141,0.019232608,0.014241168,-0.0061765295,0.009596217,-0.0138294,0.049251545,0.019845238,0.0049186265,-0.005327884,-0.00010812065,0.03914815,-0.009033802,-0.035432186,-0.023279991,0.012764827,-0.021090588,-0.020186706,0.023521027,0.01677204,0.035231326,0.010038115,-0.018489415,-0.010374561,0.023762062,-0.016541047,-0.010454906,0.058531404,-0.013246898,-0.0007325213,0.025630087,0.019383255,-0.0005024707,-0.025268532,-0.018218251,0.004376297,-0.005423294,0.0022797922,0.023159474,0.012312886,0.02215516,-0.013397545,-0.0050366335,0.004634908,-0.004017255,0.023601372,0.0016621392,0.15418224,0.0012497429,-0.011760513,-0.011067537,-0.023581285,-0.0024869319,-0.019423427,0.0025045073,0.0039971685,-0.006287004,0.015516647,0.0026915607,-0.0120417215,0.009952749,-0.024987325,0.0020600986,-0.0010137291,0.025107842,0.007853733,-0.018328724,0.038163923,-0.03364451,-0.0084513,-0.02727716,0.0055438117,0.00254468,0.018931312,-0.018107776,0.030089239,-0.0086220335,-0.019704634,-0.036536932,-0.0013357372,-0.023500942,-0.0075323526,-0.046439465,0.037742108,0.0145725915,0.022978697,0.024645858,0.008617012,-0.002368925,-0.014914058,0.0029074883,-0.0163904,-0.029647341,-0.014944188,-0.0028648048,0.014793541,-0.015546776,-0.0149743175,-0.0044189803,0.010464949,-0.0023011337,0.046720672,0.023842407,-0.0126945255,-0.0062066587,0.012081894,-0.037219867,-0.026051898,0.008295631,-0.01876058,0.003527652,0.007763345,0.019634333,-0.01886101,0.007883863,0.010846588,0.0043612323,0.009043845,0.017083377,-0.00777841,-0.015165137,0.027056212,-0.008601947,0.011198098,-0.020990156,0.02189404,-0.015586949,0.02301887,-0.021753434,0.01161991,0.032499593,0.00790897,-0.03018967,0.00425829,0.0037912843,-0.008767659,0.006101206,-0.015456388,-0.024384737,-0.014482204,0.008752594,-0.018710364,0.011961376,0.017264152,0.008958478,-0.0058199978,0.0023375403,0.0302901,-0.004248247,-0.020036059,-0.016982945,-0.020869639,0.0144219445,0.047403608,-0.0017236534,0.02366163,-0.007567504,-0.02798018,-0.020498043,0.0030229844,-0.012805,-0.0118408585,0.007125606,-0.0037159608,0.013849486,0.049452405,0.0060108174,-0.022516713,0.022456454,0.03143502,0.0005404463,0.016962858,-0.020216836,-0.013728969,0.016179495,0.024063356,0.035492446,0.029044753,-0.0002790109,-0.008747572,-0.006949851,-0.012553921,0.0491712,-0.016611349,0.03179657,-0.014130694,-0.023099216,-0.014371729,0.0068594627,-0.008250437,-0.0076177195,-0.00893337,0.006633492,-0.048166886,-0.036697622,0.0053379275,-0.009264794,-0.033323128,0.013056078,0.017585533,0.017073333,-0.034809515,0.02615233,-0.012895388,0.0059957528,-0.0036883422,0.019413384,-0.013337286,0.013949918,0.030772172,-0.032820974,-0.009917598,0.013447761,-0.028502423,-0.019232608,0.0047077206,0.007683,0.023119302,-0.010776286,0.0002757155,0.0021630407,0.009385312,-0.023862494,0.009887468,-0.024706118,0.012774871,-0.0038314569,-0.05170207,0.035392016,0.01245349,-0.008315718,-0.015305741,0.012152196,0.010424776,0.0149241015,-0.0038917155,0.003949464,-0.0060258824,0.01399009,0.010675855,0.01709342,-0.0093602035,0.012955647,0.02323982,-0.02231585,0.002618748,0.022215419,0.06066055,0.0027719059,-0.0026112157,-0.009320031,-0.012403274,-0.0059053646,0.010093353,-0.018750537,-0.0047102314,0.03428727,-0.0113387015,-0.006226745,-0.011388917,-0.010977149,0.006317133,0.00656319,-0.041658934,0.01827851,-0.03772202,-0.02119102,0.002862294,0.009661498,-0.0043562106,0.079943374,0.01671178,0.004840792,-0.0018039985,0.008536667,-0.02340051,-0.008807831,0.01681221,0.027899835,0.004519412,0.02749811,0.015767725,-0.018228294,0.0037887734,-0.016802168,0.028924234,0.012664396,0.034267183,-0.016249796,-0.013578322,-0.0031183942,-0.010474992,0.004795598,-0.023842407,-0.01581794,-0.016310055,0.011419047,-0.013056078,-0.013487933,0.00069297646,0.06503936,0.019051831,0.0061514215,-0.0041026217,-0.0014763412,-0.02820113,0.0150245335,-0.018740494,-0.024665944,-0.08653167,0.03736047,-0.00812992,-0.01107758,0.024846721,-0.016289968,-0.014221082,-0.014462117,0.00016367175,0.023300078,-0.0033267892,0.013668709,0.014713196,0.012483619,-0.01091689,-0.043908596,0.048608784,-0.01846933,0.009782015,0.00058124657,0.0017914446,0.0017675922,-0.022135073,-0.032077778,-0.023902666,0.0068695056,-0.0026714744,-0.014391815,-0.041257206,0.0017788906,-0.025951466,-0.016852384,0.017786397,0.033443645,-0.014602722,0.013698839,-0.013216768,0.0053831213,0.016782083,-0.020688862,-0.007788453,0.031897005,0.018077647,-0.0056492644,-0.013598408,-0.029667428,0.04398894,0.042301692,0.017495144,-0.0007965463,-0.03239916,-0.005493596,-0.013749055,-0.020397611,0.000010033329,0.019152263,0.058370713,0.008682292,0.012272714,-0.011298529,0.00957111,0.015235439,0.024123615,0.00005900343,-0.025248447,0.02382232,0.079099745,0.0043511894,0.006879549,0.009315009,0.05262604,0.032218385,-0.0030204735,0.010314302,0.059776753,0.024485169,-0.014723239,-0.0032037608,0.0013583343,-0.007888884,-0.018077647,-0.0054634665,-0.007472094,-0.033785112,0.0064225863,-0.00061200367,0.02528862,0.022074815,0.021050416,0.035492446,-0.033001747,-0.023099216,0.0092597725,-0.010957062,0.031093553,0.00944557,0.000065045,0.0030857539,-0.011007278,-0.010394647,0.015084792,-0.015476475,-0.019453557,0.010555337,-0.0055538546,-0.027016038,-0.0079190135,0.034849685,0.026433537,0.002794503,-0.038565647,0.012493663,-0.0125438785,0.024163788,-0.028602855,-0.035130892,0.020528173,-0.00851658,-0.020066189,-0.0017374627,-0.010746157,0.0374609,0.037842542,0.028723372,-0.022717576,-0.07355594,-0.0033594293,0.008139962,0.0046725697,-0.013949918,0.0049989717,0.006693751,0.031193985,-0.0061815507,-0.030089239,-0.00043091335,-0.03179657,-0.008747572,-0.0056492644,-0.0057195667,-0.0049839066,0.00046229817,-0.018258423,-0.030109325,0.01415078,-0.016179495,-0.00065845315,-0.016189536,0.013698839,0.011409003,0.011529521,0.061062273,0.016701737,0.02593138,-0.002839697,-0.016159408,0.05616122,-0.025971552,-0.019031744,0.025830949,-0.01552669,0.025951466,-0.013005863,0.012865258,0.018549673,-0.0027894813,0.020849552,0.011067537,0.0007865032,-0.022757748,0.015084792,-0.035994604,-0.015938459,-0.012805,-0.027879748,0.0055438117,0.010876717,-0.023279991,-0.0071306275,-0.02599164,0.01889114,0.010294216,0.010444863,0.02986829,0.045113772,0.0072812745,0.008888177,0.009224622,0.0051270216,-0.0039042695,-0.015155094,0.019895455,0.01927278,-0.0076277624,0.0064878664,0.02045787,-0.048327576,0.035974517,-0.01927278,-0.0023990544,0.034648824,-0.0019571562,-0.029105011,-0.0055187037,-0.010736113,-0.016982945,0.007944121,-0.02247654,-0.005659308,0.025168102,-0.012373145,0.01668165,0.013799271,0.045636013,0.0050140363,0.0039042695,-0.02119102,-0.011931247,-0.00681929,0.0049060723,0.0037034068,-0.031776484,-0.0450736,-0.033122268,0.0046173325,-0.03418684,-0.022998784,0.02119102,-0.0004685751,-0.008009402,-0.045796704,0.03693866,0.033222698,0.015275612,-0.002410353,-0.03611512,-0.043145318,-0.0003763038,-0.025389051,0.02641345,-0.027457938,0.01962429,-0.00803451,0.012413317,0.030350361,0.100190334,0.0006540593,-0.035713397,-0.012212454,-0.024625773,0.0054534236,-0.032158125,0.010314302,0.01655109,0.023500942,-0.009656476,0.0189514,0.029366134,-0.012463533,-0.001338248,-0.001495172,-0.018268466,0.0471224,-0.010685897,0.005272647,0.0068343547,0.010766243,0.017364584,0.0077432585,0.0027493087,-0.01431147,0.036998916,0.02097007,-0.022838093,-0.013648624,-0.008757615,0.023480855,0.008878133,-0.006412543,0.02490698,-0.044712048,-0.014542462,0.023641545,-0.010665812,-0.0069900234,0.012654353,0.03796306,0.0032841058,0.0023714358,0.0033292999,-0.030450791,0.007301361,-0.04107643,-0.042141,0.0077382373,0.05439363,0.023882579,0.051501207,-0.02625276,0.030651655,-0.0084513,0.014763411,-0.0008448789,-0.014934145,-0.04680102,0.010575423,0.009952749,0.008285588,-0.00077646005,-0.02452534,0.002990344,-0.028602855,-0.017675921,0.037280124,0.0048659,-0.005212388,-0.039107975,0.012945604,0.006367349,-0.0057195667,-0.006106227,-0.009390333,-0.014512333,0.028401991,0.0015290676,-0.015737595,0.035452273,-0.00010466832,-0.035010375,-0.044189803,-0.0006735179,-0.014140737,0.021753434,0.004848324,0.016751952,0.006216702,0.012734698,-0.015596992,-0.008822896,0.008938392,0.040574275,-0.008918306,0.0029351069,-0.0033544078,0.015506604,0.0041402834,-0.049572926,0.034267183,0.013457804,0.011107709,-0.0016320097,-0.0029300852,0.034568477,0.027176728,0.0151249645,0.0055839843,-0.010866675,-0.01059551,0.033684682,0.041859794,-0.008812853,-0.0008869345,-0.00502659,0.0075825686,0.02317956,-0.011579737,0.04274359,-0.0049638203,0.045917224,-0.026393365,-0.024967238,-0.012624224,0.021411968,0.024886893,0.049372062,-0.009867382,0.019071918,0.0005573941,0.02836182,-0.0045671165,-0.011519479,-0.012202412,0.0096112825,0.025589913,-0.021693176,-0.005358014,0.02673483,0.01898153,0.01856976,0.031073466,-0.009741843,0.020096317,0.013819356,-0.0006418192,0.014060392,-0.0153258275,0.000014044699,-0.0199758,0.033785112,-0.000669124,-0.023259906,-0.01994567,0.032419246,-0.02420396,-0.00016618254,-0.022918439,0.0122928,-0.011378874,0.010183741,-0.00422565,-0.028040439,-0.020046102,-0.0145725915,-0.011378874,0.02436465,-0.026674572,0.0063372194,0.005448402,0.03499029,0.007954164,0.031013208,-0.035914257,0.0297076,0.018750537,-0.044229977,-0.0046248646,0.012815043,-0.032539763,0.034367613,0.018881097,-0.028000265,0.016641479,0.023360336,-0.019754851,-0.048166886,-0.012553921,0.010434819,-0.023621459,-0.017274195,-0.00046292585,0.011288486,0.018429156,-0.0048332596,-0.008175113,-0.00049305527,0.008340825,0.014020219,-0.013327243,0.010002964,0.0225368,-0.0020312245,0.0025509568,0.0066385134,-0.009907555,-0.027176728,0.034688994,0.013949918,0.013939874,-0.0013558235,0.026192501,-0.0019985843,0.025750604,0.015838027,0.014411902,0.028964408,0.013116337,0.007873819,0.013749055,-0.016721822,-0.00681929,-0.010635682,0.013568278,-0.01827851,0.021632917,-0.020026015,0.024324479,0.016611349,-0.0158782,-0.01158978,0.004027298,-0.006703794,-0.035612963,0.0064025,0.0070502823,0.014020219,0.021150846,0.026634399,-0.0076277624,-0.00025249075,0.0061614644,-0.03563305,0.025389051,0.037260037,-0.028643027,0.0125438785,-0.009184449,-0.0073766843,0.017806482,-0.012132109,-0.0075825686,-0.006191594,-0.0122425845,-0.011198098,0.00032891275,0.011680168,0.016149364,0.013618493,0.009982878,-0.0052324743,0.0019157284,-0.0070352177,-0.034628738,0.0025810862,0.012272714,-0.012423361,0.009872404,0.04824723,0.009817166,0.0019132176,-0.026051898,0.012594094,-0.0016106681,-0.027337419,0.013025949,-0.02420396,-0.01814795,0.0019646888,-0.00068921025,0.0058451057,0.03493003,0.015988674,0.038264353,-0.0006270684,-0.013618493,0.0077030864,-0.0059455372,0.020628603,-0.013387502,0.0061614644,0.012604137,0.008647141,0.018770624,0.015446344,-0.012162239,0.024625773,0.006281982,-0.04027298,-0.007416857,0.012152196,-0.015396129,-0.0032163146,0.0017085887,0.025409136,-0.021391882,0.027759232,0.0023300077,-0.019041788,0.0000024752312,0.018218251,-0.0073164254,0.014050349,0.014010176,0.0040976,-0.030330274,-0.005990731,0.008978564,0.00054264325,0.022918439,-0.016089106,0.01334733,-0.00030396183,-0.033242784,0.006608384,0.0058802566,0.020026015,0.011278443,0.0235612,0.02394284,0.00944557,-0.016792126,0.022978697,0.0019897965,0.0046474617,-0.021873953,0.013809313,-0.022576973,-0.03041062,-0.010374561,0.014743325,0.033845372,0.01978498,-0.011881031,-0.01565725,0.0020475446,0.00011800686,-0.0036983853,-0.0016018804,-0.004248247,0.0123932315,0.018650105,-0.0027392656,-0.030792259,-0.029205443,0.0010231446,-0.027156644,0.015386086,0.009867382,-0.00018187493,-0.028984495,-0.027377592,0.021713262,-0.01927278,0.02820113,-0.0019044299,-0.019865325,0.003861586,-0.046158258,-0.008501516,0.0090589095,0.029587083,-0.007823604,0.032800887,0.0052425177,0.05298759,0.036255725,-0.037420727,-0.0050943815,-0.0013997622,0.022114988,-0.006643535,0.03914815,0.015235439,0.024404824,0.015345913,0.0022509182,-0.02436465,-0.008350869,-0.023541113,-0.001257903,0.0019835196,0.015757682,-0.0146730235,0.033945803,-0.024465082,-0.00038917156,-0.008340825,0.03012941,-0.0006766564,0.02609207,-0.0040574274,-0.0018404048,0.012533835,-0.016952815,-0.0004855229,0.0016282436,0.054353457,0.009877426,-0.015797855,-0.0008291865,-0.0033468755,0.011629953,-0.010836544,-0.0021981916,0.010108418,-0.0012076872,-0.012925518,0.024766376,0.006457737,-0.003562803,-0.005925451,0.016490832,-0.0043562106,0.041337553,0.01040469,-0.0007676723,0.003248955,0.010193784,-0.005142086,-0.0014349133,-0.010249021,0.0021919147,-0.013005863,0.006588298,-0.0028848911,-0.0022873245,0.0063723703,-0.025569826,-0.0017236534,-0.038726337,0.018589847,0.024404824,0.02474629,0.01808769,0.01674191,-0.041217033,0.021853866,0.013819356,0.026333105,-0.02814087,0.023460768,-0.010193784,0.0146228075,0.039067805,0.008591903,-0.0066284705,0.022958612,0.024424909,-0.005418272,0.008893198,0.0077683665,-0.0107562,-0.024404824,0.013106294,0.03730021,-0.011499392,-0.010093353,-0.0054885745,0.006613406,-0.0062769605,-0.02215516,-0.03235899,-0.013658666,0.06479832,0.016701737,0.00707539,-0.008873112,-0.03330304,-0.0022220442,0.010675855,-0.0148738865,0.035432186,0.02615233,-0.00011447607,-0.010354474,0.006618427,0.016701737,-0.0037460902,-0.0046876343,-0.05391156,-0.009756908,-0.01693273,0.015104878,0.023882579,-0.019343082,0.0009861105,0.012985776,0.015486517,-0.002887402,0.030229842,0.0024655901,0.037019003,-0.028823804,0.007984294,-0.014592678,-0.038846854,0.02045787,-0.015677337,0.0006823056,-0.017625706,-0.0023023891,-0.017565446,-0.008225329,0.01943347,0.0037034068,0.016129278,-0.06528039,-0.025348878,-0.0059405155,0.004524433,0.012825086,-0.02528862,0.008536667,-0.01619958,0.024284305,-0.012764827,-0.016289968,-0.0047679795,0.016038889,0.0073515764,0.03796306,0.020206792,0.008792766,-0.012875302,0.008024466,-0.03159571,-0.016430572,-0.00042118406,-0.0039620176,0.0047077206,0.01789687,-0.0026112157,0.0029351069,-0.011368832,0.026915608,-0.006949851,-0.020196749,-0.02183378,-0.025670258,-0.02820113,0.0126945255,-0.029848203,0.0035075657,0.007602655,0.00912419,-0.01328707,-0.01622971,-0.035271496,0.010625639,0.0038666078,-0.029466564,0.027779317,-0.042944454,-0.0052174097,0.007808539,0.029024666,-0.010088331,-0.021793608,0.026132243,-0.05057724,0.002350094,0.0047052098,-0.024344563,0.0043788077,0.0049261586,0.033162437,-0.004260801,0.00045790427,0.0062719393,-0.026051898,-0.012222498,-0.009470678,-0.013568278,0.014000133,-0.07825612,0.016490832,0.015305741,0.01760562,-0.019734764,0.006040947,-0.02215516,0.0044440883,-0.004459153,0.039349012,0.016109193,0.0068494193,-0.029366134,0.016721822,-0.019795023,0.013256941,0.027779317,-0.024625773,-0.00499395,0.036034774,-0.014080478,-0.017505188,0.081510104,0.018650105,-0.017555404,-0.0036054861,0.00448175,0.0043788077,-0.023641545,-0.005950559,-0.013005863,0.030008893,-0.011157925,-0.020668777,0.011609866,-0.020397611,0.026634399,-0.016832298,-0.00909406,0.021411968,0.04145807,0.000050176455,0.0054534236,-0.019292867,0.0014261254,0.00419301,0.012503706,-0.019102046,0.020046102,0.011298529,-0.008225329,0.01191116,0.0011995272,0.009962792,-0.0063824137,-0.02781949,0.012001549,0.020447828,0.0061212922,-0.009013715,-0.0072461236,0.013558235,0.033222698,0.025971552,0.0082705235,0.022958612,-0.016721822,-0.0020688863,-0.02727716,-0.020990156,-0.008812853,-0.037079263,-0.023862494,0.012071851,0.045836877,0.03756133,-0.009967813,-0.013648624,-0.03553262,0.007552439,0.017374627,-0.0030556244,0.004692656,0.022717576,-0.024224047,0.008330782,-0.0058199978,-0.0117906425,0.01431147,0.013407588,0.023460768,-0.0023714358,-0.00649791,0.027678886,-0.01552669,-0.028924234,0.0075022234,-0.026112156,-0.019423427,0.019574074,-0.024826635,0.008365933,-0.01846933,-0.00035245134,-0.028683199,-0.039489616,-0.009440549,-0.018609934,-0.02808061,-0.009089039,0.017696008,0.033825286,-0.010223914,0.010238978,0.030551223,0.010655768,0.021632917,-0.007974251,0.008185157,-0.00077646005,0.010846588,0.005483553,-0.0022019579,-0.008391041,0.013397545,0.0059204292,0.021753434,0.044511184,0.0032615087,-0.039007545,-0.013588364,0.0059756665,0.013859529,0.013879616,0.0033770048,-0.012302843,-0.010746157,0.014411902,-0.01889114,0.0005244401,0.024063356,0.020056145,0.015034576,0.006040947,-0.017977215,0.0046223537,-0.038003232,0.047403608,0.0069548725,0.0035351843,0.0046876343,0.019634333,-0.010374561,-0.02695578,0.012604137,0.029366134,-0.0045922245,0.0086220335,-0.0016407975,0.001421104,-0.0013169063,-0.009249729,-0.01703316,0.042181175,-0.036135208,-0.01959416,-0.00060007744,0.0075624823,-0.008360911,-0.029526822,-0.0061212922,-0.0174851,-0.026071984,-0.025168102,-0.023380423,0.0014060392,-0.041377723,0.010685897,0.017957129,0.008928349,-0.011037407,-0.0052174097,0.0075373743,0.018901184,0.03153545,0.019192435,-0.0065230173,-0.041417897,0.0018353834,0.0002083951,0.0016797147,-0.010675855,-0.00064056384,-0.0096112825,-0.014371729,0.00077332155,-0.0071707997,0.0063020685,-0.0069046565,0.005109446,-0.03406632,0.0032037608,-0.015797855,-0.011860945,-0.01450229,0.0054082293,0.0144721605,0.013728969,-0.004901051,0.005049187,-0.015446344,0.021271365,0.018479371,-0.0010689663,-0.010133525,-0.006086141,-0.0049487557,-0.011097667,-0.038184006,-0.0017261641,-0.00041867327,-0.016942773,0.02161283,0.008777702,-0.00193707,-0.046921536,-0.036597192,-0.02609207,0.01606902,0.024384737,-0.071949035,0.019021701,-0.013216768,0.013166552,0.014080478,0.0033920696,0.004376297,-0.016139321,-0.00192075,0.00042243945,0.0037385577,-0.009330074,0.028100697,-0.025328793,-0.025690345,-0.027096383,-0.01786674,0.010238978,0.018881097,-0.0034623714,0.017073333,-0.01911209,-0.033182524,-0.0362959,0.02791992,0.021411968,0.011398961,0.022456454,-0.023079129,-0.004968842,-0.021271365,0.0023350294,-0.0009886213,-0.010685897,0.025368964,-0.0057597393,-0.006794182,0.015245482,0.01911209,-0.008657184,-0.006969937,-0.008255458,-0.004908583,0.03314235,0.0009208301,-0.024686031,-0.006412543,0.015546776,-0.0069900234,0.0066033625,-0.03211795,0.005202345,-0.04286411,0.009932662,-0.017786397,0.0028572725,0.0029125097,-0.033564165,-0.037762195,-0.013327243,-0.019674506,0.055518463,0.01158978,-0.028060526,0.001338248,0.0014700642,-0.0029828118,-0.008697357,-0.006166486,0.0027769273,-0.006201637,-0.008762637,0.0031635882,-0.0019998397,-0.020287137,0.0062769605,-0.023962924,0.017364584,-0.003547738,-0.044832565,0.002109059,-0.0060108174,0.037842542,-0.012574008,-0.03185683,0.011469263,-0.029084925,0.018358855,0.0034749254,-0.02599164,-0.058772437,0.03012941,0.05913399,0.009626347,-0.0015604524,-0.0016734378,-0.010645726,0.04194014,0.010133525,-0.0046374183,0.03191709,0.045796704,-0.009078996,-0.0007519799,-0.00035621753,-0.01415078,-0.0014110608,0.009395354,0.026614314,-0.040935826,-0.015918372,-0.03245942,0.004373786,0.012634266,-0.0070352177,0.022737663,-0.013698839,-0.0148738865,-0.0022936014,0.022436367,0.010173698,0.069659196,0.021954298,-0.011509435,-0.0038716292,-0.03503046,-0.0004572766,0.012423361,-0.039831083,-0.010314302,-0.004888497,0.01725411,0.0069297645,0.013909745,-0.017625706,-0.04270342,-0.0028095676,-0.027136557,0.035653137,-0.02615233,-0.013859529,-0.0149743175,0.0016546068,-0.009425485,-0.012232541,0.022215419,0.021090588,-0.015647208,0.008185157,0.0070201526,0.0014775966,0.00320125,-0.03428727,-0.029888377,0.00054923404,0.016440615,0.0031158833,0.020688862,0.0012704568,0.0077382373,0.008913284,0.0079692295,-0.028120784,-0.0014788519,0.012754784,0.019322995,0.012915474,0.0035125872,0.018941356,0.015858114,-0.02029718,0.018830882,0.013367415,0.0011737916,0.008757615,0.017957129,-0.0067088157,0.020749122,0.02577069,-0.0058250194,0.0123932315,0.001891876,-0.01418091,-0.015938459,0.02862294,-0.04065462,0.008561774,0.0073164254,0.0068092467,-0.001210198,-0.0046374183,-0.01655109,0.009872404,0.034829598,-0.011318616,-0.028381905,0.0037435794,0.014160823,0.020427741,0.012483619,-0.0039846147,0.009179427,0.0094606355,0.04005203,0.0123932315,0.023842407,0.0302901,-0.0035703352,0.015918372,-0.014813627,-0.008682292,0.00656319,-0.029727686,-0.0034372637,-0.0063974783,0.015938459,-0.03422701,0.009325053,0.013598408,-0.025107842,0.010364518,-0.020397611,-0.012353059,-0.007893906,-0.04888999,0.03364451,0.005659308,-0.039911427,0.00630709,-0.021572659,0.003153545,-0.017947085,-0.013749055,-0.0021768499,0.024565514,-0.032379072,-0.042502556,0.031897005,-0.021271365,0.040976,-0.005493596,-0.018720407,-0.00413024,0.0031209048,0.023922753,-0.0011285975,-0.0487293,-0.019202478,0.050336204,-0.008275545,-0.01142909,0.015958546,0.0016809701,0.0036105078,0.006216702,0.011107709,0.032841057,-0.009631368,0.0018253402,-0.0121923685,-0.015044619],"index":0,"object":"embedding"}],"model":"embedding-3","object":"list","usage":{"completion_tokens":0,"prompt_tokens":7,"total_tokens":7}}

2026-03-27 22:17:11.946 [tomcat-handler-2] DEBUG c.a.rag.gateway.cache.EmbeddingCache - Cached embedding for textHash: ba312180480566d5ee92b1789f2f869779e9c5bea3bd5995fb12b1c3fe953793, vector dimension: 2048
2026-03-27 22:17:11.947 [tomcat-handler-2] DEBUG c.a.rag.gateway.EmbeddingGateway - Embedding 已缓存：textHash=ba312180
2026-03-27 22:17:11.947 [tomcat-handler-2] DEBUG c.a.r.service.impl.SearchServiceImpl - 查询向量化完成，维度：2048
2026-03-27 22:17:11.947 [tomcat-handler-2] DEBUG c.aetheris.rag.util.PerformanceTimer - Stage 'embedding' completed in 533 ms
2026-03-27 22:17:11.948 [tomcat-handler-2] DEBUG c.a.r.service.impl.SearchServiceImpl - 查询向量已转换为二进制格式，大小：8192 字节
2026-03-27 22:17:11.948 [tomcat-handler-2] DEBUG c.aetheris.rag.util.PerformanceTimer - Stage 'vector_conversion' completed in 0 ms
2026-03-27 22:17:11.955 [tomcat-handler-2] DEBUG c.a.r.service.impl.SearchServiceImpl - FT.SEARCH 原始结果类型: java.util.ArrayList, 大小: 10
2026-03-27 22:17:11.955 [tomcat-handler-2] DEBUG c.a.r.service.impl.SearchServiceImpl - 开始解析搜索结果，result 类型: java.util.ArrayList
2026-03-27 22:17:11.955 [tomcat-handler-2] DEBUG c.a.r.service.impl.SearchServiceImpl - 结果列表大小: 10
2026-03-27 22:17:11.955 [tomcat-handler-2] DEBUG c.a.r.service.impl.SearchServiceImpl - 检测到 NestedMultiOutput 格式
2026-03-27 22:17:11.955 [tomcat-handler-2] DEBUG c.a.r.service.impl.SearchServiceImpl - 找到 results 键，值类型: java.util.ArrayList, 大小: 10
2026-03-27 22:17:11.955 [tomcat-handler-2] DEBUG c.a.r.service.impl.SearchServiceImpl -   resultsValue[0]: List, 大小=6
2026-03-27 22:17:11.955 [tomcat-handler-2] DEBUG c.a.r.service.impl.SearchServiceImpl -   resultsValue[1]: List, 大小=6
2026-03-27 22:17:11.955 [tomcat-handler-2] DEBUG c.a.r.service.impl.SearchServiceImpl -   resultsValue[2]: List, 大小=6
2026-03-27 22:17:11.955 [tomcat-handler-2] DEBUG c.a.r.service.impl.SearchServiceImpl -   resultsValue[3]: List, 大小=6
2026-03-27 22:17:11.955 [tomcat-handler-2] DEBUG c.a.r.service.impl.SearchServiceImpl -   resultsValue[4]: List, 大小=6
2026-03-27 22:17:11.955 [tomcat-handler-2] DEBUG c.a.r.service.impl.SearchServiceImpl -   resultsValue[5]: List, 大小=6
2026-03-27 22:17:11.955 [tomcat-handler-2] DEBUG c.a.r.service.impl.SearchServiceImpl -   resultsValue[6]: List, 大小=6
2026-03-27 22:17:11.955 [tomcat-handler-2] DEBUG c.a.r.service.impl.SearchServiceImpl -   resultsValue[7]: List, 大小=6
2026-03-27 22:17:11.955 [tomcat-handler-2] DEBUG c.a.r.service.impl.SearchServiceImpl -   resultsValue[8]: List, 大小=6
2026-03-27 22:17:11.955 [tomcat-handler-2] DEBUG c.a.r.service.impl.SearchServiceImpl -   resultsValue[9]: List, 大小=6
2026-03-27 22:17:11.955 [tomcat-handler-2] DEBUG c.a.r.service.impl.SearchServiceImpl - 文档列表大小: 6
2026-03-27 22:17:11.956 [tomcat-handler-2] DEBUG c.a.r.service.impl.SearchServiceImpl -   docList[0]: byte[] = "id"
2026-03-27 22:17:11.956 [tomcat-handler-2] DEBUG c.a.r.service.impl.SearchServiceImpl -   docList[1]: byte[] = "chunk:1"
2026-03-27 22:17:11.956 [tomcat-handler-2] DEBUG c.a.r.service.impl.SearchServiceImpl -   docList[2]: byte[] = "extra_attributes"
2026-03-27 22:17:11.956 [tomcat-handler-2] DEBUG c.a.r.service.impl.SearchServiceImpl -   docList[3]: List, 大小=10
2026-03-27 22:17:11.956 [tomcat-handler-2] DEBUG c.a.r.service.impl.SearchServiceImpl -   docList[4]: byte[] = "values"
2026-03-27 22:17:11.956 [tomcat-handler-2] DEBUG c.a.r.service.impl.SearchServiceImpl -   docList[5]: List, 大小=0
2026-03-27 22:17:11.956 [tomcat-handler-2] DEBUG c.a.r.service.impl.SearchServiceImpl - 处理文档 ID: chunk:1
2026-03-27 22:17:11.956 [tomcat-handler-2] DEBUG c.a.r.service.impl.SearchServiceImpl - 字段列表大小: 10
2026-03-27 22:17:11.956 [tomcat-handler-2] DEBUG c.a.r.service.impl.SearchServiceImpl -   字段: __score -> 0.418018579483
2026-03-27 22:17:11.956 [tomcat-handler-2] DEBUG c.a.r.service.impl.SearchServiceImpl -   字段: chunkId -> 1
2026-03-27 22:17:11.956 [tomcat-handler-2] DEBUG c.a.r.service.impl.SearchServiceImpl -   字段: resourceId -> 1
2026-03-27 22:17:11.956 [tomcat-handler-2] DEBUG c.a.r.service.impl.SearchServiceImpl -   字段: chunkIndex -> 0
2026-03-27 22:17:11.956 [tomcat-handler-2] DEBUG c.a.r.service.impl.SearchServiceImpl -   字段: chunkText -> 机器学习基础1. 机器学习概述机器学习是人工智能的一个分支，它使计算机能够在没有明确编程的情况下从数据中学习。其核心任务是构建模型，从数据中发现规律，并用这些规律对未知数据进行预测。1.1 学习类型监... (长度: 991)
2026-03-27 22:17:11.956 [tomcat-handler-2] DEBUG c.a.r.service.impl.SearchServiceImpl - 文档 chunk:1 解析到 5 个字段: [chunkText, resourceId, chunkIndex, __score, chunkId]
2026-03-27 22:17:11.957 [tomcat-handler-2] DEBUG org.mybatis.spring.SqlSessionUtils - Creating a new SqlSession
2026-03-27 22:17:11.958 [tomcat-handler-2] DEBUG org.mybatis.spring.SqlSessionUtils - SqlSession [org.apache.ibatis.session.defaults.DefaultSqlSession@f1c4806] was not registered for synchronization because synchronization is not active
2026-03-27 22:17:11.961 [tomcat-handler-2] DEBUG o.m.s.t.SpringManagedTransaction - JDBC Connection [HikariProxyConnection@474461195 wrapping com.mysql.cj.jdbc.ConnectionImpl@7805478c] will not be managed by Spring
2026-03-27 22:17:11.961 [tomcat-handler-2] DEBUG c.a.rag.mapper.ChunkMapper.findById - ==>  Preparing: SELECT id, resource_id, chunk_index, chunk_text, location_info, page_start, page_end, chapter_path, text_hash, vectorized, created_at FROM resource_chunks WHERE id = ?
2026-03-27 22:17:11.962 [tomcat-handler-2] DEBUG c.a.rag.mapper.ChunkMapper.findById - ==> Parameters: 1(Long)
2026-03-27 22:17:11.975 [tomcat-handler-2] DEBUG c.a.rag.mapper.ChunkMapper.findById - <==      Total: 1
2026-03-27 22:17:11.975 [tomcat-handler-2] DEBUG org.mybatis.spring.SqlSessionUtils - Closing non transactional SqlSession [org.apache.ibatis.session.defaults.DefaultSqlSession@f1c4806]
2026-03-27 22:17:11.976 [tomcat-handler-2] DEBUG org.mybatis.spring.SqlSessionUtils - Creating a new SqlSession
2026-03-27 22:17:11.976 [tomcat-handler-2] DEBUG org.mybatis.spring.SqlSessionUtils - SqlSession [org.apache.ibatis.session.defaults.DefaultSqlSession@1b1a1068] was not registered for synchronization because synchronization is not active
2026-03-27 22:17:11.976 [tomcat-handler-2] DEBUG o.m.s.t.SpringManagedTransaction - JDBC Connection [HikariProxyConnection@1437723273 wrapping com.mysql.cj.jdbc.ConnectionImpl@7805478c] will not be managed by Spring
2026-03-27 22:17:11.976 [tomcat-handler-2] DEBUG c.a.r.mapper.ResourceMapper.findById - ==>  Preparing: SELECT id, title, tags, file_type, file_path, file_size, description, content_hash, uploaded_by, upload_time, chunk_count, vectorized FROM resources WHERE id = ?
2026-03-27 22:17:11.976 [tomcat-handler-2] DEBUG c.a.r.mapper.ResourceMapper.findById - ==> Parameters: 1(Long)
2026-03-27 22:17:11.978 [tomcat-handler-2] DEBUG c.a.r.mapper.ResourceMapper.findById - <==      Total: 1
2026-03-27 22:17:11.978 [tomcat-handler-2] DEBUG org.mybatis.spring.SqlSessionUtils - Closing non transactional SqlSession [org.apache.ibatis.session.defaults.DefaultSqlSession@1b1a1068]
2026-03-27 22:17:11.978 [tomcat-handler-2] DEBUG c.aetheris.rag.util.PerformanceTimer - Stage 'vector_search' completed in 30 ms
2026-03-27 22:17:11.978 [tomcat-handler-2] INFO  c.a.r.service.impl.SearchServiceImpl - 向量搜索完成，找到 1 个结果，总耗时 564ms（向量化 533ms，搜索 30ms）
2026-03-27 22:17:11.978 [tomcat-handler-2] DEBUG c.a.r.service.impl.SearchServiceImpl - 检索到 1 个切片，开始按资源聚合
2026-03-27 22:17:11.981 [tomcat-handler-2] INFO  c.a.r.service.impl.SearchServiceImpl - 聚合后的结果数量：1
2026-03-27 22:17:11.981 [tomcat-handler-2] DEBUG c.aetheris.rag.util.PerformanceTimer - Stage 'retrieval' completed in 568 ms
2026-03-27 22:17:11.981 [tomcat-handler-2] DEBUG c.a.rag.service.impl.RagServiceImpl - 证据不足：检索结果数量 1 少于阈值 2
2026-03-27 22:17:11.982 [tomcat-handler-2] WARN  c.a.rag.service.impl.RagServiceImpl - 证据不足：userId=2, citationsCount=1, avgScore=0.418018579483
2026-03-27 22:17:11.983 [tomcat-handler-2] DEBUG c.aetheris.rag.util.PerformanceTimer - Stage 'generation' completed in 1 ms
2026-03-27 22:17:11.984 [tomcat-handler-2] DEBUG c.a.r.s.impl.BehaviorServiceImpl - 记录用户查询行为: userId=2, queryText=什么是机器学习
2026-03-27 22:17:11.984 [tomcat-handler-2] DEBUG org.mybatis.spring.SqlSessionUtils - Creating a new SqlSession
2026-03-27 22:17:11.984 [tomcat-handler-2] DEBUG org.mybatis.spring.SqlSessionUtils - Registering transaction synchronization for SqlSession [org.apache.ibatis.session.defaults.DefaultSqlSession@53fbe4a5]
2026-03-27 22:17:11.984 [tomcat-handler-2] DEBUG o.m.s.t.SpringManagedTransaction - JDBC Connection [HikariProxyConnection@739037241 wrapping com.mysql.cj.jdbc.ConnectionImpl@7805478c] will be managed by Spring
2026-03-27 22:17:11.984 [tomcat-handler-2] DEBUG c.a.r.m.UserBehaviorMapper.insert - ==>  Preparing: INSERT INTO user_behaviors ( user_id, behavior_type, resource_id, query_text, behavior_time, session_id, weight ) VALUES ( ?, ?, ?, ?, ?, ?, ? )
2026-03-27 22:17:11.985 [tomcat-handler-2] DEBUG c.a.r.m.UserBehaviorMapper.insert - ==> Parameters: 2(Long), QUERY(String), null, 什么是机器学习(String), 2026-03-27 22:17:11.984605(Timestamp), null, null
2026-03-27 22:17:11.988 [tomcat-handler-2] DEBUG c.a.r.m.UserBehaviorMapper.insert - <==    Updates: 1
2026-03-27 22:17:11.988 [tomcat-handler-2] DEBUG org.mybatis.spring.SqlSessionUtils - Releasing transactional SqlSession [org.apache.ibatis.session.defaults.DefaultSqlSession@53fbe4a5]
2026-03-27 22:17:11.988 [tomcat-handler-2] INFO  c.a.r.s.impl.BehaviorServiceImpl - 查询行为已记录: behaviorId=10, userId=2
2026-03-27 22:17:11.988 [tomcat-handler-2] DEBUG org.mybatis.spring.SqlSessionUtils - Transaction synchronization committing SqlSession [org.apache.ibatis.session.defaults.DefaultSqlSession@53fbe4a5]
2026-03-27 22:17:11.988 [tomcat-handler-2] DEBUG org.mybatis.spring.SqlSessionUtils - Transaction synchronization deregistering SqlSession [org.apache.ibatis.session.defaults.DefaultSqlSession@53fbe4a5]
2026-03-27 22:17:11.988 [tomcat-handler-2] DEBUG org.mybatis.spring.SqlSessionUtils - Transaction synchronization closing SqlSession [org.apache.ibatis.session.defaults.DefaultSqlSession@53fbe4a5]
2026-03-27 22:17:11.990 [tomcat-handler-2] DEBUG c.a.rag.service.impl.RagServiceImpl - 查询行为记录成功：userId=2, query='什么是机器学习'
2026-03-27 22:17:11.990 [tomcat-handler-2] INFO  c.a.rag.service.impl.RagServiceImpl - 问答完成：userId=2, latencyMs=577ms, useRag=true, citationsCount=1
2026-03-27 22:17:11.990 [tomcat-handler-2] INFO  c.a.rag.controller.ChatController - RAG 问答完成：userId=2, latencyMs=577ms, evidenceInsufficient=true
2026-03-27 22:17:25.035 [tomcat-handler-4] DEBUG c.a.r.c.SecurityConfig$JwtAuthenticationFilter - Authenticated user: 2
2026-03-27 22:17:25.036 [tomcat-handler-3] DEBUG c.a.r.c.SecurityConfig$JwtAuthenticationFilter - Authenticated user: 2
2026-03-27 22:17:25.051 [tomcat-handler-4] INFO  c.a.r.controller.ResourceController - GET /api/resources/1
2026-03-27 22:17:25.050 [tomcat-handler-3] INFO  c.a.r.controller.ResourceController - GET /api/resources/1/chunks
2026-03-27 22:17:25.051 [tomcat-handler-4] DEBUG org.mybatis.spring.SqlSessionUtils - Creating a new SqlSession
2026-03-27 22:17:25.051 [tomcat-handler-4] DEBUG org.mybatis.spring.SqlSessionUtils - SqlSession [org.apache.ibatis.session.defaults.DefaultSqlSession@5526ceb8] was not registered for synchronization because synchronization is not active
2026-03-27 22:17:25.051 [tomcat-handler-3] DEBUG org.mybatis.spring.SqlSessionUtils - Creating a new SqlSession
2026-03-27 22:17:25.051 [tomcat-handler-3] DEBUG org.mybatis.spring.SqlSessionUtils - SqlSession [org.apache.ibatis.session.defaults.DefaultSqlSession@6d94caa3] was not registered for synchronization because synchronization is not active
2026-03-27 22:17:25.053 [tomcat-handler-4] DEBUG o.m.s.t.SpringManagedTransaction - JDBC Connection [HikariProxyConnection@1194887794 wrapping com.mysql.cj.jdbc.ConnectionImpl@7805478c] will not be managed by Spring
2026-03-27 22:17:25.053 [tomcat-handler-3] DEBUG o.m.s.t.SpringManagedTransaction - JDBC Connection [HikariProxyConnection@1061202395 wrapping com.mysql.cj.jdbc.ConnectionImpl@4c0d069e] will not be managed by Spring
2026-03-27 22:17:25.053 [tomcat-handler-4] DEBUG c.a.r.mapper.ResourceMapper.findById - ==>  Preparing: SELECT id, title, tags, file_type, file_path, file_size, description, content_hash, uploaded_by, upload_time, chunk_count, vectorized FROM resources WHERE id = ?
2026-03-27 22:17:25.053 [tomcat-handler-3] DEBUG c.a.r.m.ChunkMapper.findByResourceId - ==>  Preparing: SELECT id, resource_id, chunk_index, chunk_text, location_info, page_start, page_end, chapter_path, text_hash, vectorized, created_at FROM resource_chunks WHERE resource_id = ? ORDER BY chunk_index ASC
2026-03-27 22:17:25.053 [tomcat-handler-3] DEBUG c.a.r.m.ChunkMapper.findByResourceId - ==> Parameters: 1(Long)
2026-03-27 22:17:25.053 [tomcat-handler-4] DEBUG c.a.r.mapper.ResourceMapper.findById - ==> Parameters: 1(Long)
2026-03-27 22:17:25.057 [tomcat-handler-4] DEBUG c.a.r.mapper.ResourceMapper.findById - <==      Total: 1
2026-03-27 22:17:25.057 [tomcat-handler-4] DEBUG org.mybatis.spring.SqlSessionUtils - Closing non transactional SqlSession [org.apache.ibatis.session.defaults.DefaultSqlSession@5526ceb8]
2026-03-27 22:17:25.057 [tomcat-handler-3] DEBUG c.a.r.m.ChunkMapper.findByResourceId - <==      Total: 3
2026-03-27 22:17:25.057 [tomcat-handler-3] DEBUG org.mybatis.spring.SqlSessionUtils - Closing non transactional SqlSession [org.apache.ibatis.session.defaults.DefaultSqlSession@6d94caa3]
2026-03-27 22:17:29.444 [tomcat-handler-5] DEBUG c.a.r.c.SecurityConfig$JwtAuthenticationFilter - Authenticated user: 2
2026-03-27 22:17:29.447 [tomcat-handler-5] INFO  c.a.r.controller.ResourceController - GET /api/resources/1
2026-03-27 22:17:29.447 [tomcat-handler-5] DEBUG org.mybatis.spring.SqlSessionUtils - Creating a new SqlSession
2026-03-27 22:17:29.448 [tomcat-handler-5] DEBUG org.mybatis.spring.SqlSessionUtils - SqlSession [org.apache.ibatis.session.defaults.DefaultSqlSession@3381d085] was not registered for synchronization because synchronization is not active
2026-03-27 22:17:29.450 [tomcat-handler-5] DEBUG o.m.s.t.SpringManagedTransaction - JDBC Connection [HikariProxyConnection@1436173484 wrapping com.mysql.cj.jdbc.ConnectionImpl@7805478c] will not be managed by Spring
2026-03-27 22:17:29.450 [tomcat-handler-5] DEBUG c.a.r.mapper.ResourceMapper.findById - ==>  Preparing: SELECT id, title, tags, file_type, file_path, file_size, description, content_hash, uploaded_by, upload_time, chunk_count, vectorized FROM resources WHERE id = ?
2026-03-27 22:17:29.450 [tomcat-handler-6] DEBUG c.a.r.c.SecurityConfig$JwtAuthenticationFilter - Authenticated user: 2
2026-03-27 22:17:29.450 [tomcat-handler-5] DEBUG c.a.r.mapper.ResourceMapper.findById - ==> Parameters: 1(Long)
2026-03-27 22:17:29.451 [tomcat-handler-6] INFO  c.a.r.controller.ResourceController - GET /api/resources/1/chunks
2026-03-27 22:17:29.451 [tomcat-handler-6] DEBUG org.mybatis.spring.SqlSessionUtils - Creating a new SqlSession
2026-03-27 22:17:29.451 [tomcat-handler-6] DEBUG org.mybatis.spring.SqlSessionUtils - SqlSession [org.apache.ibatis.session.defaults.DefaultSqlSession@21501ae3] was not registered for synchronization because synchronization is not active
2026-03-27 22:17:29.452 [tomcat-handler-5] DEBUG c.a.r.mapper.ResourceMapper.findById - <==      Total: 1
2026-03-27 22:17:29.452 [tomcat-handler-6] DEBUG o.m.s.t.SpringManagedTransaction - JDBC Connection [HikariProxyConnection@1315720147 wrapping com.mysql.cj.jdbc.ConnectionImpl@4c0d069e] will not be managed by Spring
2026-03-27 22:17:29.452 [tomcat-handler-5] DEBUG org.mybatis.spring.SqlSessionUtils - Closing non transactional SqlSession [org.apache.ibatis.session.defaults.DefaultSqlSession@3381d085]
2026-03-27 22:17:29.453 [tomcat-handler-6] DEBUG c.a.r.m.ChunkMapper.findByResourceId - ==>  Preparing: SELECT id, resource_id, chunk_index, chunk_text, location_info, page_start, page_end, chapter_path, text_hash, vectorized, created_at FROM resource_chunks WHERE resource_id = ? ORDER BY chunk_index ASC
2026-03-27 22:17:29.453 [tomcat-handler-6] DEBUG c.a.r.m.ChunkMapper.findByResourceId - ==> Parameters: 1(Long)
2026-03-27 22:17:29.455 [tomcat-handler-6] DEBUG c.a.r.m.ChunkMapper.findByResourceId - <==      Total: 3
2026-03-27 22:17:29.455 [tomcat-handler-6] DEBUG org.mybatis.spring.SqlSessionUtils - Closing non transactional SqlSession [org.apache.ibatis.session.defaults.DefaultSqlSession@21501ae3]
2026-03-27 22:30:00.581 [tomcat-handler-7] DEBUG c.a.r.c.SecurityConfig$JwtAuthenticationFilter - Authenticated user: 2
2026-03-27 22:30:00.588 [tomcat-handler-7] INFO  c.a.rag.controller.AuthController - GET /api/auth/me - userId: 2
2026-03-27 22:30:00.599 [tomcat-handler-7] DEBUG c.a.rag.service.impl.AuthServiceImpl - 获取当前用户信息: userId=2
2026-03-27 22:30:00.601 [tomcat-handler-7] DEBUG org.mybatis.spring.SqlSessionUtils - Creating a new SqlSession
2026-03-27 22:30:00.601 [tomcat-handler-7] DEBUG org.mybatis.spring.SqlSessionUtils - Registering transaction synchronization for SqlSession [org.apache.ibatis.session.defaults.DefaultSqlSession@548c0bff]
2026-03-27 22:30:00.602 [tomcat-handler-7] DEBUG o.m.s.t.SpringManagedTransaction - JDBC Connection [HikariProxyConnection@84694308 wrapping com.mysql.cj.jdbc.ConnectionImpl@7805478c] will be managed by Spring
2026-03-27 22:30:00.602 [tomcat-handler-7] DEBUG c.a.rag.mapper.UserMapper.findById - ==>  Preparing: SELECT id, username, email, password_hash, created_at, updated_at, last_active_at FROM users WHERE id = ?
2026-03-27 22:30:00.603 [tomcat-handler-7] DEBUG c.a.rag.mapper.UserMapper.findById - ==> Parameters: 2(Long)
2026-03-27 22:30:00.608 [tomcat-handler-7] DEBUG c.a.rag.mapper.UserMapper.findById - <==      Total: 1
2026-03-27 22:30:00.608 [tomcat-handler-7] DEBUG org.mybatis.spring.SqlSessionUtils - Releasing transactional SqlSession [org.apache.ibatis.session.defaults.DefaultSqlSession@548c0bff]
2026-03-27 22:30:00.609 [tomcat-handler-7] DEBUG org.mybatis.spring.SqlSessionUtils - Transaction synchronization committing SqlSession [org.apache.ibatis.session.defaults.DefaultSqlSession@548c0bff]
2026-03-27 22:30:00.610 [tomcat-handler-7] DEBUG org.mybatis.spring.SqlSessionUtils - Transaction synchronization deregistering SqlSession [org.apache.ibatis.session.defaults.DefaultSqlSession@548c0bff]
2026-03-27 22:30:00.610 [tomcat-handler-7] DEBUG org.mybatis.spring.SqlSessionUtils - Transaction synchronization closing SqlSession [org.apache.ibatis.session.defaults.DefaultSqlSession@548c0bff]
2026-03-27 22:31:19.367 [SpringApplicationShutdownHook] INFO  o.s.b.w.e.tomcat.GracefulShutdown - Commencing graceful shutdown. Waiting for active requests to complete
2026-03-27 22:31:19.370 [tomcat-shutdown] INFO  o.s.b.w.e.tomcat.GracefulShutdown - Graceful shutdown complete
2026-03-27 22:31:19.495 [SpringApplicationShutdownHook] INFO  com.zaxxer.hikari.HikariDataSource - HikariPool-1 - Shutdown initiated...
2026-03-27 22:31:19.499 [SpringApplicationShutdownHook] INFO  com.zaxxer.hikari.HikariDataSource - HikariPool-1 - Shutdown completed.
